2025-07-28 12:29:46,651 [INFO] Activator:176 - 


2025-07-28 12:29:46,661 [INFO] Activator:177 - !SESSION log4j initialized
2025-07-28 12:30:02,150 [INFO] LogOutputStream:77 - [STDOUT_REDIRECT] 
2025-07-28 12:30:13,162 [INFO] ApplicationProperties:184 - Using Application install path: C:\ST\STM32CubeIDE_1.18.1\STM32CubeIDE\plugins\com.st.stm32cube.common.mx_6.14.1.202504091515
2025-07-28 12:30:13,195 [INFO] DbMcusXml:78 - Set database path to: C:\ST\STM32CubeIDE_1.18.1\STM32CubeIDE\plugins\com.st.stm32cube.common.mx_6.14.1.202504091515\\db\/mcu/
2025-07-28 12:30:13,196 [INFO] ApiDb:274 - Set plugin database path to: C:\ST\STM32CubeIDE_1.18.1\STM32CubeIDE\plugins\com.st.stm32cube.common.mx_6.14.1.202504091515\\db\/plugins/boardmanager/
2025-07-28 12:30:13,196 [WARN] ApiDb:259 - Overriding images path with different value:  => C:\ST\STM32CubeIDE_1.18.1\STM32CubeIDE\plugins\com.st.stm32cube.common.mx_6.14.1.202504091515\\db\/plugins/mcufinder/images/
2025-07-28 12:30:13,258 [INFO] ApiDb:250 - Set database path to: C:\Users\singh\.stmcufinder\plugins\mcufinder//mcu/
2025-07-28 12:30:13,259 [INFO] DbMcusAds:125 - Set database path to: C:\Users\singh\.stmcufinder\plugins\mcufinder//mcu/
2025-07-28 12:30:13,263 [INFO] CrossReferenceDbSqlite:203 - Set database path to: C:\Users\singh\.stmcufinder\plugins\mcufinder//mcu/cs/
2025-07-28 12:30:13,446 [INFO] RulesReader:64 - Compatibility file has been processed (302 Rules)
2025-07-28 12:30:13,905 [INFO] DbMcusXml:78 - Set database path to: C:\ST\STM32CubeIDE_1.18.1\STM32CubeIDE\plugins\com.st.stm32cube.common.mx_6.14.1.202504091515\\db\/mcu/
2025-07-28 12:30:13,905 [INFO] ApiDb:274 - Set plugin database path to: C:\ST\STM32CubeIDE_1.18.1\STM32CubeIDE\plugins\com.st.stm32cube.common.mx_6.14.1.202504091515\\db\/plugins/boardmanager/
2025-07-28 12:30:13,905 [INFO] ApiDb:261 - Set plugin images path to: C:\ST\STM32CubeIDE_1.18.1\STM32CubeIDE\plugins\com.st.stm32cube.common.mx_6.14.1.202504091515\\db\/plugins/mcufinder/images/
2025-07-28 12:30:13,905 [WARN] DbFile:41 - Overriding database path with different value: C:\Users\singh\.stmcufinder\plugins\mcufinder/ => C:\Users\singh\.stmcufinder\plugins\mcufinder
2025-07-28 12:30:13,906 [INFO] ApiDb:250 - Set database path to: C:\Users\singh\.stmcufinder\plugins\mcufinder//mcu/
2025-07-28 12:30:13,906 [WARN] DbFile:41 - Overriding database path with different value: C:\Users\singh\.stmcufinder\plugins\mcufinder/ => C:\Users\singh\.stmcufinder\plugins\mcufinder
2025-07-28 12:30:13,906 [INFO] DbMcusAds:125 - Set database path to: C:\Users\singh\.stmcufinder\plugins\mcufinder//mcu/
2025-07-28 12:30:13,906 [WARN] DbFile:41 - Overriding database path with different value: C:\Users\singh\.stmcufinder\plugins\mcufinder/ => C:\Users\singh\.stmcufinder\plugins\mcufinder
2025-07-28 12:30:13,906 [WARN] DbFile:41 - Overriding database path with different value: C:\Users\singh\.stmcufinder\plugins\mcufinder/ => C:\Users\singh\.stmcufinder\plugins\mcufinder
2025-07-28 12:30:19,826 [INFO] CrossReferenceDbSqlite:203 - Set database path to: C:\Users\singh\.stmcufinder\plugins\mcufinder//mcu/cs/
2025-07-28 12:30:20,736 [INFO] MainPanel:272 - HeapMemory: 268435456
2025-07-28 12:30:21,580 [INFO] DbMcusXml:78 - Set database path to: C:\ST\STM32CubeIDE_1.18.1\STM32CubeIDE\plugins\com.st.stm32cube.common.mx_6.14.1.202504091515\\db\/mcu/
2025-07-28 12:30:21,580 [INFO] ApiDb:274 - Set plugin database path to: C:\ST\STM32CubeIDE_1.18.1\STM32CubeIDE\plugins\com.st.stm32cube.common.mx_6.14.1.202504091515\\db\/plugins/boardmanager/
2025-07-28 12:30:21,581 [INFO] ApiDb:261 - Set plugin images path to: C:\ST\STM32CubeIDE_1.18.1\STM32CubeIDE\plugins\com.st.stm32cube.common.mx_6.14.1.202504091515\\db\/plugins/mcufinder/images/
2025-07-28 12:30:21,581 [WARN] DbFile:41 - Overriding database path with different value: C:\Users\singh\.stmcufinder\plugins\mcufinder/ => C:\Users\singh\.stmcufinder\plugins\mcufinder
2025-07-28 12:30:21,581 [INFO] ApiDb:250 - Set database path to: C:\Users\singh\.stmcufinder\plugins\mcufinder//mcu/
2025-07-28 12:30:21,581 [WARN] DbFile:41 - Overriding database path with different value: C:\Users\singh\.stmcufinder\plugins\mcufinder/ => C:\Users\singh\.stmcufinder\plugins\mcufinder
2025-07-28 12:30:21,581 [INFO] DbMcusAds:125 - Set database path to: C:\Users\singh\.stmcufinder\plugins\mcufinder//mcu/
2025-07-28 12:30:21,581 [WARN] DbFile:41 - Overriding database path with different value: C:\Users\singh\.stmcufinder\plugins\mcufinder/ => C:\Users\singh\.stmcufinder\plugins\mcufinder
2025-07-28 12:30:21,582 [WARN] DbFile:41 - Overriding database path with different value: C:\Users\singh\.stmcufinder\plugins\mcufinder/ => C:\Users\singh\.stmcufinder\plugins\mcufinder
2025-07-28 12:30:21,582 [INFO] CrossReferenceDbSqlite:203 - Set database path to: C:\Users\singh\.stmcufinder\plugins\mcufinder//mcu/cs/
2025-07-28 12:30:21,726 [INFO] ApplicationProperties:184 - Using Application install path: C:\ST\STM32CubeIDE_1.18.1\STM32CubeIDE\plugins\com.st.stm32cube.common.mx_6.14.1.202504091515
2025-07-28 12:30:21,727 [INFO] PluginManage:196 - Search for loadable plugins [exclusion list=, ]
2025-07-28 12:30:21,729 [INFO] PluginManage:310 - Check plugin analytics
2025-07-28 12:30:22,885 [INFO] AnalyticsPlugin:253 - Accepted Software Licenses: 
2025-07-28 12:30:22,885 [INFO] AnalyticsPlugin:255 - Accepted CMSIS Pack Licenses: 
2025-07-28 12:30:22,885 [INFO] AnalyticsPlugin:257 - Accepted Firmware Licenses: 
2025-07-28 12:30:22,889 [INFO] PluginManage:359 - Loaded plugin analytics (category:tool,tabindex:-1)
2025-07-28 12:30:22,890 [INFO] PluginManage:310 - Check plugin cadmodel
2025-07-28 12:30:22,898 [INFO] CADModel:105 - Init CAD model plugin
2025-07-28 12:30:22,898 [INFO] PluginManage:359 - Loaded plugin cadmodel (category:power,tabindex:5)
2025-07-28 12:30:22,898 [INFO] PluginManage:310 - Check plugin clock
2025-07-28 12:30:22,912 [INFO] PluginManage:359 - Loaded plugin clock (category:base,tabindex:2)
2025-07-28 12:30:22,913 [INFO] PluginManage:310 - Check plugin ddr
2025-07-28 12:30:22,917 [INFO] PluginManage:359 - Loaded plugin ddr (category:tool,tabindex:6)
2025-07-28 12:30:22,917 [INFO] PluginManage:310 - Check plugin filemanager
2025-07-28 12:30:23,173 [INFO] PluginManage:359 - Loaded plugin filemanager (category:base,tabindex:10)
2025-07-28 12:30:23,173 [INFO] PluginManage:310 - Check plugin ipmanager
2025-07-28 12:30:23,183 [INFO] PluginManage:359 - Loaded plugin ipmanager (category:base,tabindex:5)
2025-07-28 12:30:23,184 [INFO] PluginManage:310 - Check plugin lpbam
2025-07-28 12:30:23,193 [INFO] PluginManage:359 - Loaded plugin lpbam (category:base,tabindex:0)
2025-07-28 12:30:23,193 [INFO] PluginManage:310 - Check plugin memorymap
2025-07-28 12:30:23,209 [INFO] PluginManage:359 - Loaded plugin memorymap (category:base,tabindex:4)
2025-07-28 12:30:23,210 [INFO] PluginManage:310 - Check plugin pinoutandconfiguration
2025-07-28 12:30:23,220 [INFO] PluginManage:359 - Loaded plugin pinoutandconfiguration (category:base,tabindex:1)
2025-07-28 12:30:23,220 [INFO] PluginManage:310 - Check plugin pinoutconfig
2025-07-28 12:30:24,174 [WARN] SupportedApi:132 - Cannot load RTOS API schema: s4s-elt-must-match.1: The content of 'definitions' must match (annotation?, (simpleType | complexType)?, (unique | key | keyref)*)). A problem was found starting at: attribute.
2025-07-28 12:30:24,415 [INFO] PluginManage:359 - Loaded plugin pinoutconfig (category:base,tabindex:0)
2025-07-28 12:30:24,415 [INFO] PluginManage:310 - Check plugin power
2025-07-28 12:30:24,429 [INFO] PluginManage:359 - Loaded plugin power (category:power,tabindex:4)
2025-07-28 12:30:24,430 [INFO] PluginManage:310 - Check plugin projectmanager
2025-07-28 12:30:24,450 [INFO] PluginManage:359 - Loaded plugin projectmanager (category:projectmanager,tabindex:4)
2025-07-28 12:30:24,451 [INFO] PluginManage:310 - Check plugin rif
2025-07-28 12:30:24,462 [INFO] PluginManage:359 - Loaded plugin rif (category:base,tabindex:3)
2025-07-28 12:30:24,463 [INFO] PluginManage:310 - Check plugin thirdparty
2025-07-28 12:30:24,669 [INFO] PluginManage:359 - Loaded plugin thirdparty (category:base,tabindex:-1)
2025-07-28 12:30:24,667 [WARN] IntegrityCheckThread:84 - waiting for thirdparty lock release [integrity check]
2025-07-28 12:30:24,669 [INFO] IntegrityCheckThread:86 - entering critical section [integrity check]
2025-07-28 12:30:24,669 [INFO] PluginManage:310 - Check plugin tools
2025-07-28 12:30:24,669 [INFO] ThirdPartyUpdaterWithRetryManager:70 - Updater plugin not ready yet. [1/15]
2025-07-28 12:30:24,676 [INFO] PluginManage:359 - Loaded plugin tools (category:base,tabindex:7)
2025-07-28 12:30:24,676 [INFO] PluginManage:310 - Check plugin tutovideos
2025-07-28 12:30:25,393 [INFO] PluginManage:359 - Loaded plugin tutovideos (category:base,tabindex:-1)
2025-07-28 12:30:25,393 [INFO] PluginManage:310 - Check plugin updater
2025-07-28 12:30:25,423 [INFO] PluginManage:359 - Loaded plugin updater (category:base,tabindex:12)
2025-07-28 12:30:25,423 [INFO] PluginManage:310 - Check plugin userauth
2025-07-28 12:30:25,428 [INFO] UserAuth:118 - Init User Auth plugin
2025-07-28 12:30:25,430 [INFO] PluginManage:359 - Loaded plugin userauth (category:base,tabindex:14)
2025-07-28 12:30:25,431 [INFO] PluginManage:283 - PluginManage : Loaded plugins [18]
2025-07-28 12:30:26,750 [INFO] PinOutPanel:1589 - setPackage(No Configuration,No Configuration)
2025-07-28 12:30:27,482 [INFO] CADModel:165 - CPN selected for project level
2025-07-28 12:30:27,482 [INFO] CADModel:114 - Register for checkConnection events
2025-07-28 12:30:27,516 [INFO] IPUIPlugin:80 - create IPUIPlugin
2025-07-28 12:30:27,516 [INFO] PluginManager:220 - loadIPPluginJar : add adc
2025-07-28 12:30:27,520 [INFO] IPUIPlugin:80 - create IPUIPlugin
2025-07-28 12:30:27,520 [INFO] PluginManager:220 - loadIPPluginJar : add aes
2025-07-28 12:30:27,525 [INFO] IPUIPlugin:80 - create IPUIPlugin
2025-07-28 12:30:27,526 [INFO] PluginManager:220 - loadIPPluginJar : add can
2025-07-28 12:30:27,529 [INFO] IPUIPlugin:80 - create IPUIPlugin
2025-07-28 12:30:27,529 [INFO] PluginManager:220 - loadIPPluginJar : add comp
2025-07-28 12:30:27,532 [INFO] IPUIPlugin:80 - create IPUIPlugin
2025-07-28 12:30:27,532 [INFO] PluginManager:220 - loadIPPluginJar : add cryp
2025-07-28 12:30:27,547 [INFO] IPUIPlugin:80 - create IPUIPlugin
2025-07-28 12:30:27,547 [INFO] PluginManager:220 - loadIPPluginJar : add ddr_ctrl_phy
2025-07-28 12:30:27,550 [INFO] IPUIPlugin:80 - create IPUIPlugin
2025-07-28 12:30:27,550 [INFO] PluginManager:220 - loadIPPluginJar : add dfsdm
2025-07-28 12:30:27,557 [INFO] IPUIPlugin:80 - create IPUIPlugin
2025-07-28 12:30:27,559 [INFO] PluginManager:220 - loadIPPluginJar : add dma
2025-07-28 12:30:27,565 [INFO] IPUIPlugin:80 - create IPUIPlugin
2025-07-28 12:30:27,566 [INFO] PluginManager:220 - loadIPPluginJar : add dma3
2025-07-28 12:30:27,570 [INFO] IPUIPlugin:80 - create IPUIPlugin
2025-07-28 12:30:27,570 [INFO] PluginManager:220 - loadIPPluginJar : add extmemmanager
2025-07-28 12:30:27,572 [INFO] IPUIPlugin:80 - create IPUIPlugin
2025-07-28 12:30:27,573 [INFO] PluginManager:220 - loadIPPluginJar : add fatfs
2025-07-28 12:30:27,578 [INFO] IPUIPlugin:80 - create IPUIPlugin
2025-07-28 12:30:27,578 [INFO] PluginManager:220 - loadIPPluginJar : add fmc
2025-07-28 12:30:27,670 [INFO] ThirdPartyUpdaterWithRetryManager:70 - Updater plugin not ready yet. [2/15]
2025-07-28 12:30:27,782 [INFO] IPUIPlugin:80 - create IPUIPlugin
2025-07-28 12:30:27,784 [INFO] PluginManager:220 - loadIPPluginJar : add freertos
2025-07-28 12:30:27,830 [INFO] IPUIPlugin:80 - create IPUIPlugin
2025-07-28 12:30:27,830 [INFO] PluginManager:220 - loadIPPluginJar : add genericplugin
2025-07-28 12:30:27,883 [INFO] IPUIPlugin:80 - create IPUIPlugin
2025-07-28 12:30:27,883 [INFO] PluginManager:220 - loadIPPluginJar : add gfxmmu
2025-07-28 12:30:27,888 [INFO] IPUIPlugin:80 - create IPUIPlugin
2025-07-28 12:30:27,888 [INFO] PluginManager:220 - loadIPPluginJar : add gic
2025-07-28 12:30:27,894 [INFO] IPUIPlugin:80 - create IPUIPlugin
2025-07-28 12:30:27,894 [INFO] PluginManager:220 - loadIPPluginJar : add gpio
2025-07-28 12:30:27,898 [INFO] IPUIPlugin:80 - create IPUIPlugin
2025-07-28 12:30:27,898 [INFO] PluginManager:220 - loadIPPluginJar : add gtzc
2025-07-28 12:30:27,903 [INFO] IPUIPlugin:80 - create IPUIPlugin
2025-07-28 12:30:27,903 [INFO] PluginManager:220 - loadIPPluginJar : add hash
2025-07-28 12:30:27,907 [INFO] IPUIPlugin:80 - create IPUIPlugin
2025-07-28 12:30:27,907 [INFO] PluginManager:220 - loadIPPluginJar : add i2c
2025-07-28 12:30:27,911 [INFO] IPUIPlugin:80 - create IPUIPlugin
2025-07-28 12:30:27,911 [INFO] PluginManager:220 - loadIPPluginJar : add i2s
2025-07-28 12:30:27,914 [INFO] IPUIPlugin:80 - create IPUIPlugin
2025-07-28 12:30:27,915 [INFO] PluginManager:220 - loadIPPluginJar : add i3c
2025-07-28 12:30:27,919 [INFO] IPUIPlugin:80 - create IPUIPlugin
2025-07-28 12:30:27,919 [INFO] PluginManager:220 - loadIPPluginJar : add ipddr
2025-07-28 12:30:27,930 [INFO] IPUIPlugin:80 - create IPUIPlugin
2025-07-28 12:30:27,930 [INFO] PluginManager:220 - loadIPPluginJar : add linkedlist
2025-07-28 12:30:27,933 [INFO] IPUIPlugin:80 - create IPUIPlugin
2025-07-28 12:30:27,933 [INFO] PluginManager:220 - loadIPPluginJar : add lorawan
2025-07-28 12:30:27,936 [INFO] IPUIPlugin:80 - create IPUIPlugin
2025-07-28 12:30:27,936 [INFO] PluginManager:220 - loadIPPluginJar : add ltdc
2025-07-28 12:30:27,945 [INFO] IPUIPlugin:80 - create IPUIPlugin
2025-07-28 12:30:27,945 [INFO] PluginManager:220 - loadIPPluginJar : add mdma
2025-07-28 12:30:27,950 [INFO] IPUIPlugin:80 - create IPUIPlugin
2025-07-28 12:30:27,950 [INFO] PluginManager:220 - loadIPPluginJar : add nvic
2025-07-28 12:30:27,955 [INFO] IPUIPlugin:80 - create IPUIPlugin
2025-07-28 12:30:27,955 [INFO] PluginManager:220 - loadIPPluginJar : add opamp
2025-07-28 12:30:27,959 [INFO] IPUIPlugin:80 - create IPUIPlugin
2025-07-28 12:30:27,959 [INFO] PluginManager:220 - loadIPPluginJar : add openamp
2025-07-28 12:30:27,964 [INFO] IPUIPlugin:80 - create IPUIPlugin
2025-07-28 12:30:27,964 [INFO] PluginManager:220 - loadIPPluginJar : add pdm2pcm
2025-07-28 12:30:27,971 [INFO] IPUIPlugin:80 - create IPUIPlugin
2025-07-28 12:30:27,975 [INFO] PluginManager:220 - loadIPPluginJar : add plateformsettings
2025-07-28 12:30:27,977 [INFO] IPUIPlugin:80 - create IPUIPlugin
2025-07-28 12:30:27,977 [INFO] PluginManager:220 - loadIPPluginJar : add quadspi
2025-07-28 12:30:27,980 [INFO] IPUIPlugin:80 - create IPUIPlugin
2025-07-28 12:30:27,981 [INFO] PluginManager:220 - loadIPPluginJar : add radio
2025-07-28 12:30:27,986 [INFO] IPUIPlugin:80 - create IPUIPlugin
2025-07-28 12:30:27,986 [INFO] PluginManager:220 - loadIPPluginJar : add resmgrutility
2025-07-28 12:30:27,991 [INFO] IPUIPlugin:80 - create IPUIPlugin
2025-07-28 12:30:27,991 [INFO] PluginManager:220 - loadIPPluginJar : add sai
2025-07-28 12:30:27,996 [INFO] IPUIPlugin:80 - create IPUIPlugin
2025-07-28 12:30:27,996 [INFO] PluginManager:220 - loadIPPluginJar : add spi
2025-07-28 12:30:28,003 [INFO] IPUIPlugin:80 - create IPUIPlugin
2025-07-28 12:30:28,003 [INFO] PluginManager:220 - loadIPPluginJar : add stm32_wpan
2025-07-28 12:30:28,006 [INFO] IPUIPlugin:80 - create IPUIPlugin
2025-07-28 12:30:28,006 [INFO] PluginManager:220 - loadIPPluginJar : add tim
2025-07-28 12:30:28,010 [INFO] IPUIPlugin:80 - create IPUIPlugin
2025-07-28 12:30:28,010 [INFO] PluginManager:220 - loadIPPluginJar : add touchsensing
2025-07-28 12:30:28,014 [INFO] IPUIPlugin:80 - create IPUIPlugin
2025-07-28 12:30:28,015 [INFO] PluginManager:220 - loadIPPluginJar : add tracer_emb
2025-07-28 12:30:28,017 [INFO] IPUIPlugin:80 - create IPUIPlugin
2025-07-28 12:30:28,017 [INFO] PluginManager:220 - loadIPPluginJar : add ts
2025-07-28 12:30:28,020 [INFO] IPUIPlugin:80 - create IPUIPlugin
2025-07-28 12:30:28,020 [INFO] PluginManager:220 - loadIPPluginJar : add tsc
2025-07-28 12:30:28,023 [INFO] IPUIPlugin:80 - create IPUIPlugin
2025-07-28 12:30:28,024 [INFO] PluginManager:220 - loadIPPluginJar : add ucpd
2025-07-28 12:30:28,028 [INFO] IPUIPlugin:80 - create IPUIPlugin
2025-07-28 12:30:28,029 [INFO] PluginManager:220 - loadIPPluginJar : add usart
2025-07-28 12:30:28,033 [INFO] IPUIPlugin:80 - create IPUIPlugin
2025-07-28 12:30:28,033 [INFO] PluginManager:220 - loadIPPluginJar : add usbx
2025-07-28 12:30:28,278 [FATAL] Updater:351 - Updater called before beeing initialized
2025-07-28 12:30:28,314 [INFO] RulesReader:64 - Compatibility file has been processed (302 Rules)
2025-07-28 12:30:28,330 [INFO] RulesReader:64 - Compatibility file has been processed (302 Rules)
2025-07-28 12:30:28,340 [INFO] CADModel:165 - CPN selected for project level
2025-07-28 12:30:28,340 [INFO] CADModel:114 - Register for checkConnection events
2025-07-28 12:30:28,340 [FATAL] Updater:351 - Updater called before beeing initialized
2025-07-28 12:30:28,340 [ERROR] CADModel:125 - Updater not yet initialized, retry later 
2025-07-28 12:30:28,586 [FATAL] Updater:351 - Updater called before beeing initialized
2025-07-28 12:30:28,589 [INFO] CADModel:165 - CPN selected for project level
2025-07-28 12:30:28,589 [INFO] CADModel:114 - Register for checkConnection events
2025-07-28 12:30:28,590 [FATAL] Updater:351 - Updater called before beeing initialized
2025-07-28 12:30:28,590 [ERROR] CADModel:125 - Updater not yet initialized, retry later 
2025-07-28 12:30:28,596 [FATAL] Updater:351 - Updater called before beeing initialized
2025-07-28 12:30:28,919 [FATAL] Updater:351 - Updater called before beeing initialized
2025-07-28 12:30:28,925 [INFO] DbMcusAds:53 - JSON generation date=Thu Mar 06 20:24:21 IST 2025 (1741272861825)
2025-07-28 12:30:28,927 [FATAL] Updater:351 - Updater called before beeing initialized
2025-07-28 12:30:29,759 [WARN] DetailPanel:346 - Failed to get advertising image, set to default
2025-07-28 12:30:30,219 [FATAL] Updater:351 - Updater called before beeing initialized
2025-07-28 12:30:30,223 [FATAL] Updater:351 - Updater called before beeing initialized
2025-07-28 12:30:30,223 [FATAL] Updater:351 - Updater called before beeing initialized
2025-07-28 12:30:30,223 [WARN] DetailPanel:346 - Failed to get advertising image, set to default
2025-07-28 12:30:30,224 [FATAL] Updater:351 - Updater called before beeing initialized
2025-07-28 12:30:30,319 [ERROR] Updater:1198 - MainUpdater not yet initialized. External WinMGr cannot be set.
2025-07-28 12:30:30,364 [INFO] Updater:1134 - Updater Version found : 6.14.1
2025-07-28 12:30:30,671 [INFO] ThirdPartyUpdaterWithRetryManager:70 - Updater plugin not ready yet. [3/15]
2025-07-28 12:30:30,711 [INFO] ApplicationProperties:184 - Using Application install path: C:\ST\STM32CubeIDE_1.18.1\STM32CubeIDE\plugins\com.st.stm32cube.common.mx_6.14.1.202504091515
2025-07-28 12:30:31,780 [INFO] MainUpdater:2872 - connection check result : 10
2025-07-28 12:30:31,781 [INFO] MainUpdater:3566 - Updater definition file requires update
2025-07-28 12:30:31,782 [INFO] MainUpdater:289 - Updater Check For Update Now.
2025-07-28 12:30:31,782 [INFO] MicroXplorer:498 - Change Database Version : DB.6.0.141
2025-07-28 12:30:31,866 [INFO] McuFinderGlobals:63 - Set McuFinder mode to 2 (CubeIDE integrated)
2025-07-28 12:30:31,932 [INFO] UserAuth:484 - Internet connection configuration mode: 1
2025-07-28 12:30:32,386 [INFO] JxBrowserEngine:152 - Initiate JxBrowser Engine with user profile folder
2025-07-28 12:30:32,417 [INFO] ServerAccessManage:473 - Download File updaters.zip
2025-07-28 12:30:32,577 [INFO] FileExtend:242 - Unzip File : updaters.zip
2025-07-28 12:30:32,577 [INFO] FileExtend:257 - Standard Zip Deflate
2025-07-28 12:30:33,058 [INFO] ServerAccessManage:473 - Download File PacksControlFlags.xml
2025-07-28 12:30:33,673 [WARN] MainUpdater:1193 - Updater busy. Cannot search thirdparties
2025-07-28 12:30:33,674 [INFO] ThirdPartyUpdaterWithRetryManager:96 - Updater plugin is busy. [1/15]
2025-07-28 12:30:33,874 [INFO] ServerAccessManage:473 - Download File cubemx.pidx
2025-07-28 12:30:36,674 [WARN] MainUpdater:1193 - Updater busy. Cannot search thirdparties
2025-07-28 12:30:36,674 [INFO] ThirdPartyUpdaterWithRetryManager:96 - Updater plugin is busy. [2/15]
2025-07-28 12:30:39,675 [WARN] MainUpdater:1193 - Updater busy. Cannot search thirdparties
2025-07-28 12:30:45,161 [INFO] ThirdPartyUpdaterWithRetryManager:96 - Updater plugin is busy. [3/15]
2025-07-28 12:30:46,026 [INFO] ServerAccessManage:473 - Download File STMicroelectronics.FP-SNS-STAIOTCFT.pdsc
2025-07-28 12:30:46,226 [INFO] ServerAccessManage:473 - Download File STMicroelectronics.X-CUBE-BLEMGR.pdsc
2025-07-28 12:30:47,067 [INFO] WebApp:169 - Instantiating new browser for Auth
2025-07-28 12:30:47,289 [ERROR] ServerAccessManage:1089 - Problem, file not found on Server
2025-07-28 12:30:47,973 [INFO] ServerAccessManage:473 - Download File STMicroelectronics.X-CUBE-EEPRMA1.pdsc
2025-07-28 12:30:48,174 [WARN] MainUpdater:1193 - Updater busy. Cannot search thirdparties
2025-07-28 12:30:48,179 [INFO] ThirdPartyUpdaterWithRetryManager:96 - Updater plugin is busy. [4/15]
2025-07-28 12:30:48,606 [ERROR] ServerAccessManage:1089 - Problem, file not found on Server
2025-07-28 12:30:48,874 [ERROR] ServerAccessManage:1089 - Problem, file not found on Server
2025-07-28 12:30:49,281 [INFO] WebApp:463 - Apply proxy settings
2025-07-28 12:30:49,281 [INFO] WebApp:548 - Chromium requires no authentication
2025-07-28 12:30:49,305 [INFO] WebApp:491 - Direct internet connection detected
2025-07-28 12:30:49,414 [INFO] WebApp:894 - Register for checkConnection events
2025-07-28 12:30:49,414 [INFO] WebApp:463 - Apply proxy settings
2025-07-28 12:30:49,415 [INFO] WebApp:548 - Chromium requires no authentication
2025-07-28 12:30:49,416 [INFO] WebApp:491 - Direct internet connection detected
2025-07-28 12:30:49,709 [INFO] ServerAccessManage:473 - Download File STMicroelectronics.X-CUBE-NFC12.pdsc
2025-07-28 12:30:49,999 [INFO] WebApp:191 - Connection restablished
2025-07-28 12:30:50,953 [INFO] ServerAccessManage:473 - Download File STMicroelectronics.X-CUBE-AZRTOS-H7.pdsc
2025-07-28 12:30:51,107 [INFO] WebApp:225 - Starting web application
2025-07-28 12:30:51,107 [INFO] WebApp:593 - Web application path used C:\ST\STM32CubeIDE_1.18.1\STM32CubeIDE\plugins\com.st.stm32cube.common.mx_6.14.1.202504091515\db\plugins\mcufinder\reactClient1\index.html
2025-07-28 12:30:51,193 [WARN] MainUpdater:1193 - Updater busy. Cannot search thirdparties
2025-07-28 12:30:51,193 [INFO] ThirdPartyUpdaterWithRetryManager:96 - Updater plugin is busy. [5/15]
2025-07-28 12:30:51,502 [INFO] UserAuth:484 - Internet connection configuration mode: 1
2025-07-28 12:30:52,722 [WARN] PackLoader:240 - Cannot read IP mode file for STMicroelectronics.FP-SNS-STAIOTCFT.1.0.0
2025-07-28 12:30:52,779 [WARN] PackLoader:240 - Cannot read IP mode file for STMicroelectronics.X-CUBE-BLEMGR.4.1.0
2025-07-28 12:30:52,846 [WARN] PackLoader:240 - Cannot read IP mode file for STMicroelectronics.X-CUBE-EEPRMA1.5.2.0
2025-07-28 12:30:52,896 [WARN] PackLoader:240 - Cannot read IP mode file for STMicroelectronics.X-CUBE-NFC12.1.0.0
2025-07-28 12:30:52,902 [INFO] CheckServerUpdateThread:120 - End of CheckServer Thread
2025-07-28 12:30:53,026 [WARN] PackLoader:240 - Cannot read IP mode file for STMicroelectronics.X-CUBE-AZRTOS-H7.3.4.0
2025-07-28 12:30:53,041 [INFO] PopulateThirdPartyThread:66 - Ending populate Thread
2025-07-28 12:30:53,044 [INFO] ThirdParty:1030 - CMSIS Pack Vendor :STMicroelectronics X-CUBE-BLEMGR 4.1.0
2025-07-28 12:30:53,044 [INFO] ThirdParty:1030 - CMSIS Pack Vendor :STMicroelectronics X-CUBE-EEPRMA1 5.2.0
2025-07-28 12:30:53,044 [INFO] ThirdParty:1030 - CMSIS Pack Vendor :STMicroelectronics X-CUBE-AZRTOS-H7 3.4.0
2025-07-28 12:30:53,045 [INFO] ThirdParty:1030 - CMSIS Pack Vendor :STMicroelectronics FP-SNS-STAIOTCFT 1.0.0
2025-07-28 12:30:53,045 [INFO] ThirdParty:1030 - CMSIS Pack Vendor :STMicroelectronics X-CUBE-NFC12 1.0.0
2025-07-28 12:30:53,045 [INFO] LoadServerUpdatesThread:375 - End of LoadServerUpdate Thread
2025-07-28 12:30:54,736 [WARN] PackLoader:240 - Cannot read IP mode file for STMicroelectronics.FP-SNS-MOTENVWB1.1.4.0
2025-07-28 12:30:54,748 [WARN] PackLoader:240 - Cannot read IP mode file for STMicroelectronics.FP-ATR-ASTRA1.2.0.2
2025-07-28 12:30:54,766 [WARN] PackLoader:240 - Cannot read IP mode file for STMicroelectronics.X-CUBE-SMBUS.2.1.0
2025-07-28 12:30:54,778 [WARN] PackLoader:240 - Cannot read IP mode file for STMicroelectronics.X-CUBE-ST60.1.0.0
2025-07-28 12:30:54,825 [WARN] PackLoader:240 - Cannot read IP mode file for STMicroelectronics.X-CUBE-AZRTOS-F7.1.1.0
2025-07-28 12:30:54,883 [WARN] PackLoader:240 - Cannot read IP mode file for Infineon.AIROC-Wi-Fi-Bluetooth-STM32.1.7.0
2025-07-28 12:30:54,947 [WARN] PackLoader:240 - Cannot read IP mode file for STMicroelectronics.X-CUBE-AZRTOS-H7.3.4.0
2025-07-28 12:30:54,974 [WARN] PackLoader:240 - Cannot read IP mode file for STMicroelectronics.X-CUBE-DISPLAY.3.0.0
2025-07-28 12:30:54,998 [WARN] PackLoader:240 - Cannot read IP mode file for STMicroelectronics.X-CUBE-NFC10.1.0.0
2025-07-28 12:30:55,022 [WARN] PackLoader:240 - Cannot read IP mode file for STMicroelectronics.X-CUBE-BLEMGR.4.0.0
2025-07-28 12:30:55,039 [WARN] PackLoader:240 - Cannot read IP mode file for emotas.I-CUBE-CANOPEN.1.3.0
2025-07-28 12:30:55,045 [WARN] ConditionMgr:438 - getConditionDescription Invalid condition id : Cortex-A Device cause : null
2025-07-28 12:30:55,063 [WARN] ConditionMgr:1044 - genDependencies : Invalid condition id : Cortex-A Device cause : null
2025-07-28 12:30:55,063 [WARN] ConditionMgr:1044 - genDependencies : Invalid condition id : Cortex-A Device cause : null
2025-07-28 12:30:55,064 [WARN] ConditionMgr:1044 - genDependencies : Invalid condition id : Cortex-A Device cause : null
2025-07-28 12:30:55,097 [WARN] PackLoader:240 - Cannot read IP mode file for STMicroelectronics.X-CUBE-AI.10.0.0
2025-07-28 12:30:55,111 [WARN] PackLoader:240 - Cannot read IP mode file for STMicroelectronics.FP-SNS-SMARTAG2.1.2.0
2025-07-28 12:30:55,122 [WARN] PackLoader:240 - Cannot read IP mode file for STMicroelectronics.FP-SNS-FLIGHT1.5.1.0
2025-07-28 12:30:55,142 [INFO] LogOutputStream:77 - [STDOUT_REDIRECT] 1 : Invalid condition id : UX_CORESTACK_Condition cause : null
2025-07-28 12:30:55,143 [INFO] LogOutputStream:77 - [STDOUT_REDIRECT] 1 : Invalid condition id : UX_CORESTACK_Condition cause : null
2025-07-28 12:30:55,146 [INFO] LogOutputStream:77 - [STDOUT_REDIRECT] 1 : Invalid condition id : UX_CORESTACK_Condition cause : null
2025-07-28 12:30:55,150 [INFO] LogOutputStream:77 - [STDOUT_REDIRECT] 1 : Invalid condition id : UX_CORESTACK_Condition cause : null
2025-07-28 12:30:55,153 [INFO] LogOutputStream:77 - [STDOUT_REDIRECT] 1 : Invalid condition id : UX_CORESTACK_Condition cause : null
2025-07-28 12:30:55,160 [WARN] PackLoader:240 - Cannot read IP mode file for STMicroelectronics.X-CUBE-AZRTOS-WL.2.0.0
2025-07-28 12:30:55,172 [WARN] PackLoader:240 - Cannot read IP mode file for STMicroelectronics.FP-SNS-MOTENV1.5.0.0
2025-07-28 12:30:55,193 [WARN] PackLoader:240 - Cannot read IP mode file for WES.I-CUBE-Cesium.1.3.0
2025-07-28 12:30:55,205 [WARN] PackLoader:240 - Cannot read IP mode file for STMicroelectronics.X-CUBE-BLE2.3.3.0
2025-07-28 12:30:55,217 [WARN] PackLoader:240 - Cannot read IP mode file for STMicroelectronics.X-CUBE-NFC9.1.0.0
2025-07-28 12:30:55,247 [WARN] PackLoader:240 - Cannot read IP mode file for STMicroelectronics.X-CUBE-BLE1.7.1.0
2025-07-28 12:30:55,262 [WARN] PackLoader:240 - Cannot read IP mode file for wolfSSL.I-CUBE-wolfMQTT.1.19.2
2025-07-28 12:30:55,275 [WARN] PackLoader:240 - Cannot read IP mode file for STMicroelectronics.X-CUBE-EEPRMA1.5.2.0
2025-07-28 12:30:55,286 [WARN] PackLoader:240 - Cannot read IP mode file for STMicroelectronics.X-CUBE-AI.10.1.0
2025-07-28 12:30:55,427 [WARN] PackLoader:240 - Cannot read IP mode file for STMicroelectronics.X-CUBE-MEMS1.11.2.0
2025-07-28 12:30:55,849 [WARN] PackLoader:240 - Cannot read IP mode file for STMicroelectronics.X-CUBE-AZRTOS-G0.1.1.0
2025-07-28 12:30:55,872 [WARN] PackLoader:240 - Cannot read IP mode file for STMicroelectronics.X-CUBE-SAFEA1.1.2.2
2025-07-28 12:30:55,885 [WARN] PackLoader:240 - Cannot read IP mode file for STMicroelectronics.X-CUBE-NFC4.3.0.0
2025-07-28 12:30:55,910 [WARN] PackLoader:240 - Cannot read IP mode file for EmbeddedOffice.I-CUBE-FS-RTOS.1.0.1
2025-07-28 12:30:55,922 [WARN] PackLoader:240 - Cannot read IP mode file for STMicroelectronics.X-CUBE-WB05N.2.0.0
2025-07-28 12:30:55,930 [WARN] PackLoader:240 - Cannot read IP mode file for wolfSSL.I-CUBE-wolfTPM.3.8.0
2025-07-28 12:30:55,942 [WARN] PackLoader:240 - Cannot read IP mode file for STMicroelectronics.X-CUBE-TCPP.4.2.0
2025-07-28 12:30:55,956 [WARN] PackLoader:240 - Cannot read IP mode file for RealThread.X-CUBE-RT-Thread_Nano.4.1.1
2025-07-28 12:30:55,964 [WARN] PackLoader:240 - Cannot read IP mode file for STMicroelectronics.FP-ATR-SIGFOX1.3.2.0
2025-07-28 12:30:55,976 [WARN] PackLoader:240 - Cannot read IP mode file for STMicroelectronics.X-CUBE-EEPRMA1.5.1.0
2025-07-28 12:30:55,990 [WARN] PackLoader:240 - Cannot read IP mode file for wolfSSL.I-CUBE-wolfSSL.5.7.6
2025-07-28 12:30:56,001 [WARN] PackLoader:240 - Cannot read IP mode file for ITTIA_DB.I-CUBE-ITTIADB.8.9.0
2025-07-28 12:30:56,010 [WARN] PackLoader:240 - Cannot read IP mode file for STMicroelectronics.X-CUBE-ST67W61.1.0.0
2025-07-28 12:30:56,070 [WARN] PackLoader:240 - Cannot read IP mode file for SEGGER.I-CUBE-embOS.1.3.1
2025-07-28 12:30:56,182 [WARN] PackLoader:240 - Cannot read IP mode file for STMicroelectronics.X-CUBE-ALGOBUILD.1.4.0
2025-07-28 12:30:56,278 [WARN] PackLoader:240 - Cannot read IP mode file for STMicroelectronics.X-CUBE-MEMS1.11.3.0
2025-07-28 12:30:56,483 [WARN] PackLoader:240 - Cannot read IP mode file for STMicroelectronics.X-CUBE-PM33A1.1.0.0
2025-07-28 12:30:56,504 [WARN] PackLoader:240 - Cannot read IP mode file for STMicroelectronics.X-CUBE-AZRTOS-F4.1.1.0
2025-07-28 12:30:56,513 [WARN] PackLoader:240 - Cannot read IP mode file for Avnet-IotConnect.X-CUBE-IoTC-DA16k-PMOD.1.0.0
2025-07-28 12:30:56,521 [WARN] PackLoader:240 - Cannot read IP mode file for STMicroelectronics.X-CUBE-ISPU.2.1.0
2025-07-28 12:30:56,530 [WARN] PackLoader:240 - Cannot read IP mode file for STMicroelectronics.X-CUBE-NFC12.1.0.0
2025-07-28 12:30:56,556 [WARN] PackLoader:240 - Cannot read IP mode file for STMicroelectronics.X-CUBE-AZRTOS-L5.2.0.0
2025-07-28 12:30:56,566 [WARN] PackLoader:240 - Cannot read IP mode file for STMicroelectronics.X-CUBE-NFC6.3.1.0
2025-07-28 12:30:56,576 [WARN] PackLoader:240 - Cannot read IP mode file for STMicroelectronics.X-CUBE-FREERTOS.1.3.1
2025-07-28 12:30:56,582 [WARN] PackLoader:240 - Cannot read IP mode file for STMicroelectronics.X-CUBE-FREERTOS.1.3.0
2025-07-28 12:30:56,589 [WARN] PackLoader:240 - Cannot read IP mode file for STMicroelectronics.X-CUBE-NFC7.1.0.1
2025-07-28 12:30:56,598 [WARN] PackLoader:240 - Cannot read IP mode file for STMicroelectronics.FP-SNS-STAIOTCFT.1.0.0
2025-07-28 12:30:56,606 [WARN] PackLoader:240 - Cannot read IP mode file for STMicroelectronics.X-CUBE-DPower.1.3.0
2025-07-28 12:30:56,632 [WARN] ConditionMgr:438 - getConditionDescription Invalid condition id : LAN8742 Phy interface Condition cause : null
2025-07-28 12:30:56,633 [WARN] PackLoader:240 - Cannot read IP mode file for STMicroelectronics.X-CUBE-AZRTOS-L4.2.0.0
2025-07-28 12:30:56,635 [WARN] ConditionMgr:1044 - genDependencies : Invalid condition id : LAN8742 Phy interface Condition cause : null
2025-07-28 12:30:56,636 [WARN] ConditionMgr:1044 - genDependencies : Invalid condition id : LAN8742 Phy interface Condition cause : null
2025-07-28 12:30:56,637 [WARN] ConditionMgr:1044 - genDependencies : Invalid condition id : LAN8742 Phy interface Condition cause : null
2025-07-28 12:30:56,648 [WARN] PackLoader:240 - Cannot read IP mode file for STMicroelectronics.X-CUBE-SFXS2LP1.4.0.0
2025-07-28 12:30:56,682 [WARN] PackLoader:240 - Cannot read IP mode file for STMicroelectronics.X-CUBE-AZRTOS-H7.3.3.0
2025-07-28 12:30:56,699 [WARN] PackLoader:240 - Cannot read IP mode file for STMicroelectronics.X-CUBE-BLEMGR.4.1.0
2025-07-28 12:30:56,723 [WARN] ConditionMgr:438 - getConditionDescription Invalid condition id : UX DEVICE CLASS RTOS Condition cause : null
2025-07-28 12:30:56,723 [WARN] ConditionMgr:438 - getConditionDescription Invalid condition id : UX DEVICE CLASS RTOS Condition cause : null
2025-07-28 12:30:56,726 [WARN] PackLoader:240 - Cannot read IP mode file for STMicroelectronics.X-CUBE-AZRTOS-WB.2.0.0
2025-07-28 12:30:56,727 [WARN] ConditionMgr:1044 - genDependencies : Invalid condition id : UX DEVICE CLASS RTOS Condition cause : null
2025-07-28 12:30:56,727 [WARN] ConditionMgr:1044 - genDependencies : Invalid condition id : UX DEVICE CLASS RTOS Condition cause : null
2025-07-28 12:30:56,728 [WARN] ConditionMgr:1044 - genDependencies : Invalid condition id : UX DEVICE CLASS RTOS Condition cause : null
2025-07-28 12:30:56,728 [WARN] ConditionMgr:1044 - genDependencies : Invalid condition id : UX DEVICE CLASS RTOS Condition cause : null
2025-07-28 12:30:56,728 [WARN] ConditionMgr:1044 - genDependencies : Invalid condition id : UX DEVICE CLASS RTOS Condition cause : null
2025-07-28 12:30:56,736 [WARN] PackLoader:240 - Cannot read IP mode file for STMicroelectronics.X-CUBE-GNSS1.7.0.1
2025-07-28 12:30:56,744 [WARN] PackLoader:240 - Cannot read IP mode file for STMicroelectronics.X-CUBE-TOUCHGFX.4.25.0
2025-07-28 12:30:56,753 [WARN] PackLoader:240 - Cannot read IP mode file for STMicroelectronics.FP-SNS-STBOX1.2.0.0
2025-07-28 12:30:56,794 [WARN] PackLoader:240 - Cannot read IP mode file for STMicroelectronics.X-CUBE-SUBG2.5.0.0
2025-07-28 12:30:56,844 [WARN] PackLoader:240 - Cannot read IP mode file for STMicroelectronics.X-CUBE-AZRTOS-H7RS.1.1.0
2025-07-28 12:30:56,859 [WARN] PackLoader:240 - Cannot read IP mode file for Cesanta.I-CUBE-Mongoose.7.13.0
2025-07-28 12:30:56,905 [WARN] PackLoader:240 - Cannot read IP mode file for STMicroelectronics.X-CUBE-AZRTOS-G4.2.0.0
2025-07-28 12:30:56,920 [WARN] PackLoader:240 - Cannot read IP mode file for wolfSSL.I-CUBE-wolfSSH.1.4.20
2025-07-28 12:30:56,941 [WARN] PackLoader:240 - Cannot read IP mode file for STMicroelectronics.X-CUBE-NFC7.2.0.0
2025-07-28 12:30:56,979 [WARN] PackLoader:240 - Cannot read IP mode file for STMicroelectronics.X-CUBE-IPS.3.1.0
2025-07-28 12:30:57,005 [WARN] PackLoader:240 - Cannot read IP mode file for STMicroelectronics.X-CUBE-ALS.1.0.2
2025-07-28 12:30:57,070 [WARN] PackLoader:240 - Cannot read IP mode file for portGmbH.I-Cube-SoM-uGOAL.1.1.0
2025-07-28 12:30:57,094 [WARN] PackLoader:240 - Cannot read IP mode file for STMicroelectronics.X-CUBE-TOF1.3.4.3
2025-07-28 12:30:57,125 [INFO] ThirdParty:978 - Integrity check success = true
2025-07-28 12:30:57,126 [INFO] IntegrityCheckThread:100 - exiting critical section [integrity check]
2025-07-28 12:30:57,126 [INFO] IntegrityCheckThread:103 - End integrity checks thread
2025-07-28 12:44:35,586 [INFO] McuFinderGlobals:63 - Set McuFinder mode to 2 (CubeIDE integrated)
2025-07-28 12:44:35,595 [INFO] MainUpdater:2872 - connection check result : 10
2025-07-28 12:44:35,597 [INFO] MainUpdater:2872 - connection check result : 10
2025-07-28 12:44:35,663 [INFO] MicroXplorer:468 - Change Database Path : 
2025-07-28 12:44:35,663 [INFO] MicroXplorer:498 - Change Database Version : DB.6.0.141
2025-07-28 12:44:35,685 [WARN] ThirdParty:871 - waiting for thirdparty lock release [close project]
2025-07-28 12:44:35,685 [INFO] ThirdParty:873 - entering critical section [close project]
2025-07-28 12:44:35,686 [INFO] ThirdParty:883 - exiting critical section [close project]
2025-07-28 12:44:35,693 [INFO] PinOutPanel:1589 - setPackage(No Configuration,No Configuration)
2025-07-28 12:44:35,702 [INFO] UtilMem:75 - Begin LoadConfig() Used Memory: 729326944 Bytes (1073741824)
2025-07-28 12:44:35,705 [INFO] MicroXplorer:468 - Change Database Path : 
2025-07-28 12:44:35,705 [INFO] MicroXplorer:498 - Change Database Version : DB.6.0.141
2025-07-28 12:44:35,706 [INFO] OpenFileManager:354 - Change cursor
2025-07-28 12:44:35,769 [INFO] Mcu:2011 - Initializing MCU STM32G030K(6-8)Tx STM32G030K6Tx STM32G030K6T6
2025-07-28 12:44:37,278 [INFO] Context:756 - Trying to add GPIOservice into a context  which must be forbidden
2025-07-28 12:44:37,923 [INFO] ImportTextPane:218 - (OptionalMessage_ERROR) Pin8 (VP_RIF_VS_RIF1) cannot be retrieved for this MCU
2025-07-28 12:44:38,207 [INFO] RtosManager:558 - Registered RTOS mode: class=CMSIS, group=RTOS, mode=CMSIS_V1, owner=FREERTOS
2025-07-28 12:44:38,207 [INFO] RtosManager:558 - Registered RTOS mode: class=CMSIS, group=RTOS2, mode=CMSIS_V2, owner=FREERTOS
2025-07-28 12:44:38,207 [INFO] RtosManager:558 - Registered RTOS mode: class=RTOS, group=Core, mode=CMSIS_V1, owner=FREERTOS
2025-07-28 12:44:38,207 [INFO] RtosManager:558 - Registered RTOS mode: class=RTOS, group=Core, mode=CMSIS_V2, owner=FREERTOS
2025-07-28 12:44:38,207 [WARN] ModelIntegratedComponent:184 - Missing modes for component STMicroelectronics:FreeRTOS:0.0.1:STMicroelectronics:RTOS:FreeRTOS:Core:::10.2.0:
2025-07-28 12:44:38,230 [WARN] ModelIntegratedComponent:63 - No mode defined for component null
2025-07-28 12:44:38,232 [WARN] ModelIntegratedComponent:63 - No mode defined for component null
2025-07-28 12:44:38,232 [WARN] ModelIntegratedComponent:63 - No mode defined for component null
2025-07-28 12:44:38,232 [WARN] ModelIntegratedComponent:63 - No mode defined for component null
2025-07-28 12:44:38,232 [WARN] ModelIntegratedComponent:63 - No mode defined for component null
2025-07-28 12:44:38,232 [WARN] ModelIntegratedComponent:63 - No mode defined for component null
2025-07-28 12:44:38,232 [WARN] ModelIntegratedComponent:63 - No mode defined for component null
2025-07-28 12:44:38,232 [WARN] ModelIntegratedComponent:63 - No mode defined for component null
2025-07-28 12:44:38,232 [WARN] ModelIntegratedComponent:63 - No mode defined for component null
2025-07-28 12:44:38,232 [WARN] ModelIntegratedComponent:63 - No mode defined for component null
2025-07-28 12:44:38,232 [WARN] ModelIntegratedComponent:63 - No mode defined for component null
2025-07-28 12:44:38,232 [WARN] ModelIntegratedComponent:63 - No mode defined for component null
2025-07-28 12:44:38,232 [WARN] ModelIntegratedComponent:63 - No mode defined for component null
2025-07-28 12:44:38,232 [WARN] ModelIntegratedComponent:63 - No mode defined for component null
2025-07-28 12:44:38,233 [WARN] ModelIntegratedComponent:63 - No mode defined for component null
2025-07-28 12:44:38,233 [WARN] ModelIntegratedComponent:63 - No mode defined for component null
2025-07-28 12:44:38,233 [WARN] ModelIntegratedComponent:63 - No mode defined for component null
2025-07-28 12:44:38,233 [WARN] ModelIntegratedComponent:63 - No mode defined for component null
2025-07-28 12:44:38,233 [WARN] ModelIntegratedComponent:63 - No mode defined for component null
2025-07-28 12:44:38,233 [WARN] ModelIntegratedComponent:63 - No mode defined for component null
2025-07-28 12:44:38,233 [WARN] ModelIntegratedComponent:63 - No mode defined for component null
2025-07-28 12:44:38,233 [WARN] ModelIntegratedComponent:63 - No mode defined for component null
2025-07-28 12:44:38,233 [WARN] ModelIntegratedComponent:63 - No mode defined for component null
2025-07-28 12:44:38,233 [WARN] ModelIntegratedComponent:63 - No mode defined for component null
2025-07-28 12:44:38,233 [WARN] ModelIntegratedComponent:63 - No mode defined for component null
2025-07-28 12:44:38,233 [WARN] ModelIntegratedComponent:63 - No mode defined for component null
2025-07-28 12:44:38,233 [WARN] ModelIntegratedComponent:63 - No mode defined for component null
2025-07-28 12:44:38,233 [WARN] ModelIntegratedComponent:63 - No mode defined for component null
2025-07-28 12:44:38,233 [WARN] ModelIntegratedComponent:63 - No mode defined for component null
2025-07-28 12:44:38,233 [WARN] ModelIntegratedComponent:63 - No mode defined for component null
2025-07-28 12:44:38,233 [WARN] ModelIntegratedComponent:63 - No mode defined for component null
2025-07-28 12:44:38,234 [WARN] ModelIntegratedComponent:63 - No mode defined for component null
2025-07-28 12:44:38,234 [WARN] ModelIntegratedComponent:63 - No mode defined for component null
2025-07-28 12:44:38,234 [WARN] ModelIntegratedComponent:63 - No mode defined for component null
2025-07-28 12:44:38,234 [WARN] ModelIntegratedComponent:63 - No mode defined for component null
2025-07-28 12:44:38,234 [WARN] ModelPack:524 - Component already loaded: STMicroelectronics:HAL Drivers:0.0.0:STMicroelectronics:Device:STMicro_Driver:XSPI:HAL::0.0.1:HAL_XSPI
2025-07-28 12:44:38,363 [INFO] ThirdPartyModel:298 - Start build external matchings
2025-07-28 12:44:39,144 [INFO] ThirdPartyModel:316 - End build external matchings
2025-07-28 12:44:39,459 [INFO] ApiDb:581 - Connected to CubeFinder SQLite database (C:\Users\singh\.stmcufinder\plugins\mcufinder\mcu\cube-finder-db.db)
2025-07-28 12:44:39,591 [INFO] ApiDb:668 - CubeFinder database Data Model version=2.1
2025-07-28 12:44:39,591 [INFO] ApiDb:669 - CubeFinder database Configuration version=3.0.39
2025-07-28 12:44:39,592 [INFO] ApiDb:670 - CubeFinder database generation date=2025-03-24 (1742811287)
2025-07-28 12:44:39,592 [INFO] ApiDb:671 - CubeFinder database FW Pack versions=[FP-ATR-ASTRA1_V2.0.0, FP-SNS-FLIGHT1_V5.0.2, FP-SNS-MOTENV1_V5.0.0, FP-SNS-MOTENVWB1_V1.4.0, FP-SNS-SMARTAG2_V1.2.0, FP-SNS-STBOX1_V2.0.0, STM32Cube_FW_C0_V1.4.0, STM32Cube_FW_F4_V1.28.1, STM32Cube_FW_F7_V1.17.2, STM32Cube_FW_G0_V1.6.2, STM32Cube_FW_G4_V1.6.1, STM32Cube_FW_H5_V1.5.0, STM32Cube_FW_H7RS_V1.2.0, STM32Cube_FW_H7_V1.12.1, STM32Cube_FW_L0_V1.12.2, STM32Cube_FW_L4_V1.18.1, STM32Cube_FW_L5_V1.5.1, STM32Cube_FW_N6_V1.1.0, STM32Cube_FW_U0_V1.2.0, STM32Cube_FW_U3_V1.1.0, STM32Cube_FW_U5_V1.7.0, STM32Cube_FW_WB0_V1.2.0, STM32Cube_FW_WBA_V1.6.0, STM32Cube_FW_WB_V1.22.0, STM32Cube_FW_WL3_V1.1.0, STM32Cube_FW_WL_V1.3.1, X-CUBE-ALGOBUILD_V1.4.0, X-CUBE-ALS_V1.0.2, X-CUBE-AZRTOS-F4_V1.1.0, X-CUBE-AZRTOS-F7_V1.1.0, X-CUBE-AZRTOS-G0_V1.1.0, X-CUBE-AZRTOS-G4_V2.0.0, X-CUBE-AZRTOS-H7RS_V1.0.0, X-CUBE-AZRTOS-H7_V3.3.0, X-CUBE-AZRTOS-L4_V2.0.0, X-CUBE-AZRTOS-L5_V2.0.0, X-CUBE-AZRTOS-WB_V2.0.0, X-CUBE-AZRTOS-WL_V2.0.0, X-CUBE-BLE1_V7.1.0, X-CUBE-BLE2_V3.3.0, X-CUBE-BLEMGR_V4.0.0, X-CUBE-EEPRMA1_V5.1.0, X-CUBE-FREERTOS_V1.3.0, X-CUBE-GNSS1_V6.0.0, X-CUBE-MEMS1_V11.1.0, X-CUBE-NFC4_V3.0.0, X-CUBE-NFC7_V1.0.1, X-CUBE-SFXS2LP1_V4.0.0, X-CUBE-SUBG2_V5.0.0, X-CUBE-TOF1_V3.4.2]
2025-07-28 12:44:39,759 [INFO] DbBoardsSqlite:226 - include board P-NUCLEO-WB55-NUCLEO as a kit item of type 'Nucleo-64'
2025-07-28 12:44:39,759 [INFO] DbBoardsSqlite:226 - include board P-NUCLEO-WB55-USBDONGLE as a kit item of type 'Nucleo USB Dongle'
2025-07-28 12:44:39,760 [INFO] DbBoardsSqlite:226 - include board STEVAL-IDP005V1 as a kit item of type 'Evaluation Board'
2025-07-28 12:44:39,761 [INFO] DbBoardsSqlite:226 - include board STEVAL-IDP005V2 as a kit item of type 'Evaluation Board'
2025-07-28 12:44:40,602 [INFO] ApiDb:240 - Found 895 in-development CPN: [B-G473E-ZEST1S, B-WB1M-WPAN1, B-WBA5M-WPAN, B-WL5M-SUBG1, NUCLEO-C031C6, NUCLEO-C051C8, NUCLEO-C071RB, NUCLEO-C092RC, NUCLEO-H503RB, NUCLEO-H533RE, NUCLEO-H563ZI, NUCLEO-H7S3L8, NUCLEO-N657X0-Q, NUCLEO-U031R8, NUCLEO-U083RC, NUCLEO-U385RG-Q, NUCLEO-U545RE-Q, NUCLEO-U5A5ZJ-Q, NUCLEO-WB05KZ, NUCLEO-WB07CC, NUCLEO-WB09KE, NUCLEO-WBA52CG, NUCLEO-WBA55CG, NUCLEO-WBA65RI, NUCLEO-WL33CC1, NUCLEO-WL33CC2, STEVAL-PROTEUS1, STEVAL-SMARTAG2, STEVAL-STWINBX1, STM320518-EVAL, STM32C0116-DK, STM32C011D6Y3TR, STM32C011D6Y6TR, STM32C011F4P3, STM32C011F4P6, STM32C011F4U3, STM32C011F4U6TR, STM32C011F6P3, STM32C011F6P6, STM32C011F6U3, STM32C011F6U6TR, STM32C011J4M3, STM32C011J4M6, STM32C011J6M3, STM32C011J6M6, STM32C0316-DK, STM32C031C4T3, STM32C031C4T6, STM32C031C4U3, STM32C031C4U6, STM32C031C6T3, STM32C031C6T6, STM32C031C6U3, STM32C031C6U6, STM32C031F4P3, STM32C031F4P6, STM32C031F6P3, STM32C031F6P6, STM32C031G4U3, STM32C031G4U6, STM32C031G6U3, STM32C031G6U6, STM32C031K4T3, STM32C031K4T6, STM32C031K4U3, STM32C031K4U6, STM32C031K6T3, STM32C031K6T6, STM32C031K6U3, STM32C031K6U6, STM32C051C6T6, STM32C051C6U6, STM32C051C8T6, STM32C051C8U6, STM32C051D8Y6TR, STM32C051F6P6, STM32C051F8P6, STM32C051G6U6, STM32C051G8U6, STM32C051K6T6, STM32C051K6U6, STM32C051K8T6, STM32C071C8T6, STM32C071C8T6N, STM32C071C8U6, STM32C071C8U6N, STM32C071CBT6, STM32C071CBT6N, STM32C071CBU6, STM32C071CBU6N, STM32C071F8P6, STM32C071F8P6N, STM32C071FBP6, STM32C071FBP6N, STM32C071FBY6TR, STM32C071G8U6, STM32C071G8U6N, STM32C071GBU6, STM32C071GBU6N, STM32C071K8T6, STM32C071K8T6N, STM32C071K8U6, STM32C071K8U6N, STM32C071KBT6, STM32C071KBT6N, STM32C071KBU6, STM32C071KBU6N, STM32C071R8T6, STM32C071R8T6N, STM32C071RBI6N, STM32C071RBT6, STM32C071RBT6N, STM32C091CBT6, STM32C091CBU6, STM32C091CCT6, STM32C091CCU6, STM32C091ECY6TR, STM32C091FBP6, STM32C091FCP6, STM32C091GBU6, STM32C091GCU6, STM32C091KBT6, STM32C091KBU6, STM32C091KCT6, STM32C091KCU6, STM32C091RBT6, STM32C091RCI6, STM32C091RCT6, STM32C092CBT6, STM32C092CBU6, STM32C092CCT6, STM32C092CCU6, STM32C092ECY6TR, STM32C092FBP6, STM32C092FCP6, STM32C092GBU6, STM32C092GCU6, STM32C092KBT6, STM32C092KBU6, STM32C092KCT6, STM32C092KCU6, STM32C092RBT6, STM32C092RCI6, STM32C092RCT6, STM32G071K8TXN, STM32G071K8UXN, STM32G081GBU6N, STM32G081KBT6N, STM32G081KBUXN, STM32G0B1CCT6N, STM32G0B1KCT6, STM32G0B1NEY6TR, STM32G0B1RCT6N, STM32G0C1CCT6, STM32G0C1CCT6N, STM32G0C1CCU6N, STM32G0C1CET6N, STM32G0C1CEU6N, STM32G0C1KCT6, STM32G0C1NEY6TR, STM32G0C1RCI6N, STM32G0C1RCT6N, STM32G0C1REI6N, STM32G0C1RET6N, STM32G0C1VCI6, STM32G0C1VEI6, STM32G411C6T3, STM32G411C6T6, STM32G411C6U3, STM32G411C6U6, STM32G411C8T3, STM32G411C8T6, STM32G411C8U3, STM32G411C8U6, STM32G411CBT3, STM32G411CBT6, STM32G411CBU3, STM32G411CBU6, STM32G411CCT3, STM32G411CCT6, STM32G411CCU3, STM32G411CCU6, STM32G411K6T3, STM32G411K6T6, STM32G411K6U3, STM32G411K6U6, STM32G411K8T3, STM32G411K8T6, STM32G411K8U3, STM32G411K8U6, STM32G411KBT3, STM32G411KBT6, STM32G411KBU3, STM32G411KBU6, STM32G411M6T3, STM32G411M6T6, STM32G411M8T3, STM32G411M8T6, STM32G411MBT3, STM32G411MBT6, STM32G411MCT3, STM32G411MCT6, STM32G411R6T3, STM32G411R6T6, STM32G411R8T3, STM32G411R8T6, STM32G411RBT3, STM32G411RBT6, STM32G411RCT3, STM32G411RCT6, STM32G414CBT3, STM32G414CBT6, STM32G414CBU3, STM32G414CBU6, STM32G414CCT3, STM32G414CCT6, STM32G414CCU3, STM32G414CCU6, STM32G414MBT3, STM32G414MBT6, STM32G414MCT3, STM32G414MCT6, STM32G414RBT3, STM32G414RBT6, STM32G414RCT3, STM32G414RCT6, STM32G414VBT3, STM32G414VBT6, STM32G414VCT3, STM32G414VCT6, STM32G431CBT3Z, STM32G431RBT3Z, STM32G471CCT6, STM32G471CCU6, STM32G471CET3, STM32G471CET6, STM32G471CEU3, STM32G471CEU6, STM32G471MCT6, STM32G471MET3, STM32G471MET6, STM32G471MEY6TR, STM32G471QCT6, STM32G471QET3, STM32G471RCT6, STM32G471RET3, STM32G471RET6, STM32G471VCH6, STM32G471VCI6, STM32G471VCT6, STM32G471VEH3, STM32G471VEH6, STM32G471VEI3, STM32G471VEI6, STM32G471VET3, STM32G471VET6, STM32G473QET3Z, STM32G473RET3Z, STM32G474CCT6, STM32G491RET3Z, STM32H503CBT6, STM32H503CBU6, STM32H503EBY6TR, STM32H503KBU6, STM32H503RBT6, STM32H523CCT6, STM32H523CCU6, STM32H523CET6, STM32H523CEU6, STM32H523HEY6TR, STM32H523RCT6, STM32H523RET6, STM32H523VCI6, STM32H523VCT6, STM32H523VEI6, STM32H523VET6, STM32H523ZCJ6, STM32H523ZCT6, STM32H523ZEJ6, STM32H523ZET6, STM32H533CET6, STM32H533CEU6, STM32H533HEY6TR, STM32H533RET6, STM32H533VEI6, STM32H533VET6, STM32H533ZEJ6, STM32H533ZET6, STM32H562AGI6, STM32H562AII6, STM32H562IGK6, STM32H562IGT6, STM32H562IIK6, STM32H562IIT6, STM32H562RGT6, STM32H562RGV6, STM32H562RIT6, STM32H562RIV6, STM32H562VGT6, STM32H562VIT6, STM32H562ZGT6, STM32H562ZIT6, STM32H563AGI6, STM32H563AII3Q, STM32H563AII6, STM32H563IGK6, STM32H563IGT6, STM32H563IIK3Q, STM32H563IIK6, STM32H563IIT3Q, STM32H563IIT6, STM32H563MIY3QTR, STM32H563RGT6, STM32H563RGV6, STM32H563RIT6, STM32H563RIV6, STM32H563VGT6, STM32H563VIT3Q, STM32H563VIT6, STM32H563ZGT6, STM32H563ZIT3Q, STM32H563ZIT6, STM32H573AII3Q, STM32H573AII6, STM32H573I-DK, STM32H573IIK3Q, STM32H573IIK6, STM32H573IIT3Q, STM32H573IIT6, STM32H573MIY3QTR, STM32H573RIT6, STM32H573RIV6, STM32H573VIT3Q, STM32H573VIT6, STM32H573ZIT3Q, STM32H573ZIT6, STM32H7R3A8I6, STM32H7R3I8K6, STM32H7R3I8T6, STM32H7R3L8H6, STM32H7R3L8H6H, STM32H7R3R8V6, STM32H7R3V8H6, STM32H7R3V8T6, STM32H7R3V8Y6TR, STM32H7R3Z8J6, STM32H7R3Z8T6, STM32H7R7A8I6, STM32H7R7I8K6, STM32H7R7I8T6, STM32H7R7L8H6, STM32H7R7L8H6H, STM32H7R7Z8J6, STM32H7S3A8I6, STM32H7S3I8K6, STM32H7S3I8T6, STM32H7S3L8H6, STM32H7S3L8H6H, STM32H7S3R8V6, STM32H7S3V8H6, STM32H7S3V8T6, STM32H7S3V8Y6TR, STM32H7S3Z8J6, STM32H7S3Z8T6, STM32H7S78-DK, STM32H7S7A8I6, STM32H7S7I8K6, STM32H7S7I8T6, STM32H7S7L8H6, STM32H7S7L8H6H, STM32H7S7Z8J6, STM32L4R5QGI6STR, STM32MP131AAE3, STM32MP131AAF3, STM32MP131AAG3, STM32MP131CAE3, STM32MP131CAF3, STM32MP131CAG3, STM32MP131DAE7, STM32MP131DAF7, STM32MP131DAG7, STM32MP131FAE7, STM32MP131FAF7, STM32MP131FAG7, STM32MP133AAE3, STM32MP133AAF3, STM32MP133AAG3, STM32MP133CAE3, STM32MP133CAF3, STM32MP133CAG3, STM32MP133DAE7, STM32MP133DAF7, STM32MP133DAG7, STM32MP133FAE7, STM32MP133FAF7, STM32MP133FAG7, STM32MP135AAE3, STM32MP135AAF3, STM32MP135AAG3, STM32MP135CAE3, STM32MP135CAF3, STM32MP135CAG3, STM32MP135DAE7, STM32MP135DAF7, STM32MP135DAG7, STM32MP135F-DK, STM32MP135FAE7, STM32MP135FAF7, STM32MP135FAF7T, STM32MP135FAF7U, STM32MP135FAG7, STM32MP231AAJ3, STM32MP231AAK3, STM32MP231AAL3, STM32MP231CAJ3, STM32MP231CAK3, STM32MP231CAL3, STM32MP231DAJ3, STM32MP231DAK3, STM32MP231DAL3, STM32MP231FAJ3, STM32MP231FAK3, STM32MP231FAL3, STM32MP233AAJ3, STM32MP233AAK3, STM32MP233AAL3, STM32MP233CAJ3, STM32MP233CAK3, STM32MP233CAL3, STM32MP233DAJ3, STM32MP233DAK3, STM32MP233DAL3, STM32MP233FAJ3, STM32MP233FAK3, STM32MP233FAL3, STM32MP235AAJ3, STM32MP235AAK3, STM32MP235AAL3, STM32MP235CAJ3, STM32MP235CAK3, STM32MP235CAL3, STM32MP235DAJ3, STM32MP235DAK3, STM32MP235DAL3, STM32MP235FAJ3, STM32MP235FAK3, STM32MP235FAL3, STM32MP251AAI3, STM32MP251AAJ3, STM32MP251AAK3, STM32MP251AAL3, STM32MP251CAI3, STM32MP251CAJ3, STM32MP251CAK3, STM32MP251CAL3, STM32MP251DAI3, STM32MP251DAJ3, STM32MP251DAK3, STM32MP251DAL3, STM32MP251FAI3, STM32MP251FAJ3, STM32MP251FAK3, STM32MP251FAL3, STM32MP253AAI3, STM32MP253AAJ3, STM32MP253AAK3, STM32MP253AAL3, STM32MP253CAI3, STM32MP253CAJ3, STM32MP253CAK3, STM32MP253CAL3, STM32MP253DAI3, STM32MP253DAJ3, STM32MP253DAK3, STM32MP253DAL3, STM32MP253FAI3, STM32MP253FAJ3, STM32MP253FAK3, STM32MP253FAL3, STM32MP255AAI3, STM32MP255AAJ3, STM32MP255AAK3, STM32MP255AAL3, STM32MP255CAI3, STM32MP255CAJ3, STM32MP255CAK3, STM32MP255CAL3, STM32MP255DAI3, STM32MP255DAJ3, STM32MP255DAK3, STM32MP255DAL3, STM32MP255FAI3, STM32MP255FAJ3, STM32MP255FAK3, STM32MP255FAL3, STM32MP257AAI3, STM32MP257AAJ3, STM32MP257AAK3, STM32MP257AAL3, STM32MP257CAI3, STM32MP257CAJ3, STM32MP257CAK3, STM32MP257CAL3, STM32MP257DAI3, STM32MP257DAJ3, STM32MP257DAK3, STM32MP257DAL3, STM32MP257F-DK, STM32MP257F-EV1, STM32MP257FAI3, STM32MP257FAJ3, STM32MP257FAK3, STM32MP257FAL3, STM32N645A0H3Q, STM32N645B0H3Q, STM32N645I0H3Q, STM32N645L0H3Q, STM32N645X0H3Q, STM32N645Z0H3Q, STM32N647A0H3Q, STM32N647B0H3Q, STM32N647I0H3Q, STM32N647L0H3Q, STM32N647X0H3Q, STM32N647Z0H3Q, STM32N655A0H3Q, STM32N655B0H3Q, STM32N655I0H3Q, STM32N655L0H3Q, STM32N655X0H3Q, STM32N655Z0H3Q, STM32N6570-DK, STM32N657A0H3Q, STM32N657B0H3Q, STM32N657I0H3Q, STM32N657L0H3Q, STM32N657X0H3Q, STM32N657Z0H3Q, STM32U031C6T6, STM32U031C6U6, STM32U031C8T6, STM32U031C8U6, STM32U031F4P6, STM32U031F6P6, STM32U031F8P6, STM32U031G6Y6TR, STM32U031G8Y6TR, STM32U031K4U6, STM32U031K6U6, STM32U031K8U6, STM32U031R6I6, STM32U031R6T6, STM32U031R8I6, STM32U031R8T6, STM32U073C8T6, STM32U073C8U6, STM32U073CBT6, STM32U073CBU6, STM32U073CCT6, STM32U073CCU6, STM32U073H8Y6TR, STM32U073HBY6TR, STM32U073HCY6TR, STM32U073K8U6, STM32U073KBU6, STM32U073KCU6, STM32U073M8I6, STM32U073M8T6, STM32U073MBI6, STM32U073MBT6, STM32U073MCI6, STM32U073MCT6, STM32U073R8I6, STM32U073R8T6, STM32U073RBI6, STM32U073RBT6, STM32U073RCI6, STM32U073RCT6, STM32U083C-DK, STM32U083CCT6, STM32U083CCU6, STM32U083HCY6TR, STM32U083KCU6, STM32U083MCI6, STM32U083MCT6, STM32U083RCI6, STM32U083RCT6, STM32U375CET6, STM32U375CET6Q, STM32U375CEU6, STM32U375CEU6Q, STM32U375CEY6QTR, STM32U375CGT6, STM32U375CGT6Q, STM32U375CGU6, STM32U375CGU6Q, STM32U375CGY6QTR, STM32U375KEU6, STM32U375KGU6, STM32U375REI6, STM32U375REI6Q, STM32U375RET6, STM32U375RET6Q, STM32U375REY6GTR, STM32U375REY6QTR, STM32U375RGI6, STM32U375RGI6Q, STM32U375RGT6, STM32U375RGT6Q, STM32U375RGY6GTR, STM32U375RGY6QTR, STM32U375VEI6, STM32U375VEI6Q, STM32U375VET6, STM32U375VET6Q, STM32U375VGI6, STM32U375VGI6Q, STM32U375VGT6, STM32U375VGT6Q, STM32U385CGT6, STM32U385CGT6Q, STM32U385CGU6, STM32U385CGU6Q, STM32U385CGY6QTR, STM32U385KGU6, STM32U385RGI6, STM32U385RGI6Q, STM32U385RGT6, STM32U385RGT6Q, STM32U385RGY6GTR, STM32U385RGY6QTR, STM32U385VGI6, STM32U385VGI6Q, STM32U385VGT6, STM32U385VGT6Q, STM32U535CBT6, STM32U535CBT6Q, STM32U535CBU6, STM32U535CBU6Q, STM32U535CCT6, STM32U535CCT6Q, STM32U535CCU6, STM32U535CCU6Q, STM32U535CET6, STM32U535CET6Q, STM32U535CEU6, STM32U535CEU6Q, STM32U535JEY6QTR, STM32U535NCY6QTR, STM32U535NEY6QTR, STM32U535RBI6, STM32U535RBI6Q, STM32U535RBT6, STM32U535RBT6Q, STM32U535RCI6, STM32U535RCI6Q, STM32U535RCT6, STM32U535RCT6Q, STM32U535REI6, STM32U535REI6Q, STM32U535RET6, STM32U535RET6Q, STM32U535VCI6, STM32U535VCI6Q, STM32U535VCT6, STM32U535VCT6Q, STM32U535VEI6, STM32U535VEI6Q, STM32U535VET6, STM32U535VET6Q, STM32U545CET6, STM32U545CET6Q, STM32U545CEU6, STM32U545CEU6Q, STM32U545JEY6QTR, STM32U545NEY6QTR, STM32U545REI6, STM32U545REI6Q, STM32U545RET6, STM32U545RET6Q, STM32U545VEI6, STM32U545VEI6Q, STM32U545VET6, STM32U545VET6Q, STM32U595AIH6, STM32U595AIH6Q, STM32U595AJH6, STM32U595AJH6Q, STM32U595QII6, STM32U595QII6Q, STM32U595QJI6, STM32U595QJI6Q, STM32U595RIT6, STM32U595RIT6Q, STM32U595RJT6, STM32U595RJT6Q, STM32U595VIT6, STM32U595VIT6Q, STM32U595VJT6, STM32U595VJT6Q, STM32U595ZIT6, STM32U595ZIT6Q, STM32U595ZIY6QTR, STM32U595ZJT6, STM32U595ZJT6Q, STM32U595ZJY6QTR, STM32U599BJY6QTR, STM32U599NIH6Q, STM32U599NJH6Q, STM32U599VIT6Q, STM32U599VJT6, STM32U599VJT6Q, STM32U599ZIT6Q, STM32U599ZIY6QTR, STM32U599ZJT6Q, STM32U599ZJY6QTR, STM32U5A5AJH6, STM32U5A5AJH6Q, STM32U5A5QII3Q , STM32U5A5QJI6, STM32U5A5QJI6Q, STM32U5A5RJT6, STM32U5A5RJT6Q, STM32U5A5VJT6, STM32U5A5VJT6Q, STM32U5A5ZJT6, STM32U5A5ZJT6Q, STM32U5A5ZJY6QTR, STM32U5A9BJY6QTR, STM32U5A9J-DK, STM32U5A9NJH6Q, STM32U5A9VJT6Q, STM32U5A9ZJT6Q, STM32U5A9ZJY6QTR, STM32U5F7VIT6, STM32U5F7VIT6Q, STM32U5F7VJT6, STM32U5F7VJT6Q, STM32U5F9BJY6QTR, STM32U5F9NJH6Q, STM32U5F9VIT6Q, STM32U5F9VJT6Q, STM32U5F9ZIJ6QTR, STM32U5F9ZIT6Q, STM32U5F9ZJJ6QTR, STM32U5F9ZJT6Q, STM32U5G7VJT6, STM32U5G7VJT6Q, STM32U5G9BJY6QTR, STM32U5G9J-DK1, STM32U5G9J-DK2, STM32U5G9NJH6Q, STM32U5G9VJT6Q, STM32U5G9ZJJ6QTR, STM32U5G9ZJT6Q, STM32WB05KZV6TR, STM32WB05KZV7TR, STM32WB05TZF6TR, STM32WB05TZF7TR, STM32WB06CCF6TR, STM32WB06CCF7TR, STM32WB06CCV6TR, STM32WB06CCV7TR, STM32WB06KCV6TR, STM32WB06KCV7TR, STM32WB07CCF6TR, STM32WB07CCF7TR, STM32WB07CCV6TR, STM32WB07CCV7TR, STM32WB07KCV6TR, STM32WB07KCV7TR, STM32WB09KEV6TR, STM32WB09KEV7TR, STM32WB09TEF6TR, STM32WB09TEF7TR, STM32WB1MMCH6, STM32WBA50KGU6, STM32WBA50KGU6TR, STM32WBA52CEU6, STM32WBA52CEU6TR, STM32WBA52CEU7, STM32WBA52CEU7TR, STM32WBA52CGU6, STM32WBA52CGU6TR, STM32WBA52CGU6U, STM32WBA52CGU7, STM32WBA52CGU7TR, STM32WBA52KEU6, STM32WBA52KEU6TR, STM32WBA52KGU6, STM32WBA52KGU6TR, STM32WBA54CEU6, STM32WBA54CEU6TR, STM32WBA54CEU7, STM32WBA54CEU7TR, STM32WBA54CGU6, STM32WBA54CGU6TR, STM32WBA54CGU7, STM32WBA54CGU7TR, STM32WBA54KEU6, STM32WBA54KEU6TR, STM32WBA54KEU7, STM32WBA54KEU7TR, STM32WBA54KGU6, STM32WBA54KGU6TR, STM32WBA54KGU7, STM32WBA54KGU7TR, STM32WBA55CEU6, STM32WBA55CEU6TR, STM32WBA55CEU7, STM32WBA55CEU7TR, STM32WBA55CGU6, STM32WBA55CGU6TR, STM32WBA55CGU6U, STM32WBA55CGU7, STM32WBA55CGU7TR, STM32WBA55G-DK1, STM32WBA55HEF6, STM32WBA55HEF7, STM32WBA55HGF6, STM32WBA55HGF7, STM32WBA55UEI6, STM32WBA55UEI6TR, STM32WBA55UEI7, STM32WBA55UEI7TR, STM32WBA55UGI6, STM32WBA55UGI6TR, STM32WBA55UGI7, STM32WBA55UGI7TR, STM32WBA5MJGH6TR, STM32WBA62CGU6, STM32WBA62CIU6, STM32WBA62MGF6, STM32WBA62MIF6, STM32WBA62PGI6, STM32WBA62PII6, STM32WBA63CGU6, STM32WBA63CGU7, STM32WBA63CIU6, STM32WBA63CIU7, STM32WBA64CGU6, STM32WBA64CGU7, STM32WBA64CIU6, STM32WBA64CIU7, STM32WBA65CGU6, STM32WBA65CGU7, STM32WBA65CIU6, STM32WBA65CIU7, STM32WBA65I-DK1, STM32WBA65MGF6, STM32WBA65MGF7, STM32WBA65MIF6, STM32WBA65MIF7, STM32WBA65PGI6, STM32WBA65PGI7, STM32WBA65PII6, STM32WBA65PII7, STM32WBA65RGV6, STM32WBA65RGV7, STM32WBA65RIV6, STM32WBA65RIV7, STM32WL30K8V6, STM32WL30KBV6, STM32WL31C8V6, STM32WL31CBV6, STM32WL31K8V6, STM32WL31KBV6, STM32WL33C8V6, STM32WL33C8V6TR, STM32WL33C8V7, STM32WL33C8V7TR, STM32WL33CBV6, STM32WL33CBV6TR, STM32WL33CBV7, STM32WL33CBV7TR, STM32WL33CCV6, STM32WL33CCV6TR, STM32WL33CCV7, STM32WL33CCV7A, STM32WL33CCV7ATR, STM32WL33CCV7TR, STM32WL33K8V6, STM32WL33K8V6TR, STM32WL33K8V7, STM32WL33K8V7TR, STM32WL33KBV6, STM32WL33KBV6TR, STM32WL33KBV7, STM32WL33KBV7TR, STM32WL33KCV6, STM32WL33KCV6TR, STM32WL33KCV7, STM32WL33KCV7TR, STM32WL5MOCH6, STM32WL5MOCH6TR]
2025-07-28 12:44:41,200 [INFO] BoardInfo:889 - No configuration file found for board P-NUCLEO-WB55
2025-07-28 12:44:41,201 [INFO] DbBoards:161 - Kit is not supported: P-NUCLEO-WB55
2025-07-28 12:44:41,213 [INFO] BoardInfo:889 - No configuration file found for board STEVAL-BFA001V1B
2025-07-28 12:44:41,215 [INFO] DbBoards:161 - Kit is not supported: STEVAL-BFA001V1B
2025-07-28 12:44:41,216 [INFO] BoardInfo:889 - No configuration file found for board STEVAL-BFA001V2B
2025-07-28 12:44:41,219 [INFO] DbBoards:161 - Kit is not supported: STEVAL-BFA001V2B
2025-07-28 12:44:41,636 [INFO] DbBoards:168 - Found 211 boards, 208 are supported
2025-07-28 12:44:41,636 [INFO] DbBoards:169 - Found 211 boards, 43 of them is supported for  Bsp
2025-07-28 12:44:41,644 [INFO] ApiDb:668 - CubeFinder database Data Model version=2.1
2025-07-28 12:44:41,644 [INFO] ApiDb:669 - CubeFinder database Configuration version=3.0.39
2025-07-28 12:44:41,644 [INFO] ApiDb:670 - CubeFinder database generation date=2025-03-24 (1742811287)
2025-07-28 12:44:41,644 [INFO] ApiDb:671 - CubeFinder database FW Pack versions=[FP-ATR-ASTRA1_V2.0.0, FP-SNS-FLIGHT1_V5.0.2, FP-SNS-MOTENV1_V5.0.0, FP-SNS-MOTENVWB1_V1.4.0, FP-SNS-SMARTAG2_V1.2.0, FP-SNS-STBOX1_V2.0.0, STM32Cube_FW_C0_V1.4.0, STM32Cube_FW_F4_V1.28.1, STM32Cube_FW_F7_V1.17.2, STM32Cube_FW_G0_V1.6.2, STM32Cube_FW_G4_V1.6.1, STM32Cube_FW_H5_V1.5.0, STM32Cube_FW_H7RS_V1.2.0, STM32Cube_FW_H7_V1.12.1, STM32Cube_FW_L0_V1.12.2, STM32Cube_FW_L4_V1.18.1, STM32Cube_FW_L5_V1.5.1, STM32Cube_FW_N6_V1.1.0, STM32Cube_FW_U0_V1.2.0, STM32Cube_FW_U3_V1.1.0, STM32Cube_FW_U5_V1.7.0, STM32Cube_FW_WB0_V1.2.0, STM32Cube_FW_WBA_V1.6.0, STM32Cube_FW_WB_V1.22.0, STM32Cube_FW_WL3_V1.1.0, STM32Cube_FW_WL_V1.3.1, X-CUBE-ALGOBUILD_V1.4.0, X-CUBE-ALS_V1.0.2, X-CUBE-AZRTOS-F4_V1.1.0, X-CUBE-AZRTOS-F7_V1.1.0, X-CUBE-AZRTOS-G0_V1.1.0, X-CUBE-AZRTOS-G4_V2.0.0, X-CUBE-AZRTOS-H7RS_V1.0.0, X-CUBE-AZRTOS-H7_V3.3.0, X-CUBE-AZRTOS-L4_V2.0.0, X-CUBE-AZRTOS-L5_V2.0.0, X-CUBE-AZRTOS-WB_V2.0.0, X-CUBE-AZRTOS-WL_V2.0.0, X-CUBE-BLE1_V7.1.0, X-CUBE-BLE2_V3.3.0, X-CUBE-BLEMGR_V4.0.0, X-CUBE-EEPRMA1_V5.1.0, X-CUBE-FREERTOS_V1.3.0, X-CUBE-GNSS1_V6.0.0, X-CUBE-MEMS1_V11.1.0, X-CUBE-NFC4_V3.0.0, X-CUBE-NFC7_V1.0.1, X-CUBE-SFXS2LP1_V4.0.0, X-CUBE-SUBG2_V5.0.0, X-CUBE-TOF1_V3.4.2]
2025-07-28 12:44:45,069 [INFO] ApiDb:240 - Found 895 in-development CPN: [B-G473E-ZEST1S, B-WB1M-WPAN1, B-WBA5M-WPAN, B-WL5M-SUBG1, NUCLEO-C031C6, NUCLEO-C051C8, NUCLEO-C071RB, NUCLEO-C092RC, NUCLEO-H503RB, NUCLEO-H533RE, NUCLEO-H563ZI, NUCLEO-H7S3L8, NUCLEO-N657X0-Q, NUCLEO-U031R8, NUCLEO-U083RC, NUCLEO-U385RG-Q, NUCLEO-U545RE-Q, NUCLEO-U5A5ZJ-Q, NUCLEO-WB05KZ, NUCLEO-WB07CC, NUCLEO-WB09KE, NUCLEO-WBA52CG, NUCLEO-WBA55CG, NUCLEO-WBA65RI, NUCLEO-WL33CC1, NUCLEO-WL33CC2, STEVAL-PROTEUS1, STEVAL-SMARTAG2, STEVAL-STWINBX1, STM320518-EVAL, STM32C0116-DK, STM32C011D6Y3TR, STM32C011D6Y6TR, STM32C011F4P3, STM32C011F4P6, STM32C011F4U3, STM32C011F4U6TR, STM32C011F6P3, STM32C011F6P6, STM32C011F6U3, STM32C011F6U6TR, STM32C011J4M3, STM32C011J4M6, STM32C011J6M3, STM32C011J6M6, STM32C0316-DK, STM32C031C4T3, STM32C031C4T6, STM32C031C4U3, STM32C031C4U6, STM32C031C6T3, STM32C031C6T6, STM32C031C6U3, STM32C031C6U6, STM32C031F4P3, STM32C031F4P6, STM32C031F6P3, STM32C031F6P6, STM32C031G4U3, STM32C031G4U6, STM32C031G6U3, STM32C031G6U6, STM32C031K4T3, STM32C031K4T6, STM32C031K4U3, STM32C031K4U6, STM32C031K6T3, STM32C031K6T6, STM32C031K6U3, STM32C031K6U6, STM32C051C6T6, STM32C051C6U6, STM32C051C8T6, STM32C051C8U6, STM32C051D8Y6TR, STM32C051F6P6, STM32C051F8P6, STM32C051G6U6, STM32C051G8U6, STM32C051K6T6, STM32C051K6U6, STM32C051K8T6, STM32C071C8T6, STM32C071C8T6N, STM32C071C8U6, STM32C071C8U6N, STM32C071CBT6, STM32C071CBT6N, STM32C071CBU6, STM32C071CBU6N, STM32C071F8P6, STM32C071F8P6N, STM32C071FBP6, STM32C071FBP6N, STM32C071FBY6TR, STM32C071G8U6, STM32C071G8U6N, STM32C071GBU6, STM32C071GBU6N, STM32C071K8T6, STM32C071K8T6N, STM32C071K8U6, STM32C071K8U6N, STM32C071KBT6, STM32C071KBT6N, STM32C071KBU6, STM32C071KBU6N, STM32C071R8T6, STM32C071R8T6N, STM32C071RBI6N, STM32C071RBT6, STM32C071RBT6N, STM32C091CBT6, STM32C091CBU6, STM32C091CCT6, STM32C091CCU6, STM32C091ECY6TR, STM32C091FBP6, STM32C091FCP6, STM32C091GBU6, STM32C091GCU6, STM32C091KBT6, STM32C091KBU6, STM32C091KCT6, STM32C091KCU6, STM32C091RBT6, STM32C091RCI6, STM32C091RCT6, STM32C092CBT6, STM32C092CBU6, STM32C092CCT6, STM32C092CCU6, STM32C092ECY6TR, STM32C092FBP6, STM32C092FCP6, STM32C092GBU6, STM32C092GCU6, STM32C092KBT6, STM32C092KBU6, STM32C092KCT6, STM32C092KCU6, STM32C092RBT6, STM32C092RCI6, STM32C092RCT6, STM32G071K8TXN, STM32G071K8UXN, STM32G081GBU6N, STM32G081KBT6N, STM32G081KBUXN, STM32G0B1CCT6N, STM32G0B1KCT6, STM32G0B1NEY6TR, STM32G0B1RCT6N, STM32G0C1CCT6, STM32G0C1CCT6N, STM32G0C1CCU6N, STM32G0C1CET6N, STM32G0C1CEU6N, STM32G0C1KCT6, STM32G0C1NEY6TR, STM32G0C1RCI6N, STM32G0C1RCT6N, STM32G0C1REI6N, STM32G0C1RET6N, STM32G0C1VCI6, STM32G0C1VEI6, STM32G411C6T3, STM32G411C6T6, STM32G411C6U3, STM32G411C6U6, STM32G411C8T3, STM32G411C8T6, STM32G411C8U3, STM32G411C8U6, STM32G411CBT3, STM32G411CBT6, STM32G411CBU3, STM32G411CBU6, STM32G411CCT3, STM32G411CCT6, STM32G411CCU3, STM32G411CCU6, STM32G411K6T3, STM32G411K6T6, STM32G411K6U3, STM32G411K6U6, STM32G411K8T3, STM32G411K8T6, STM32G411K8U3, STM32G411K8U6, STM32G411KBT3, STM32G411KBT6, STM32G411KBU3, STM32G411KBU6, STM32G411M6T3, STM32G411M6T6, STM32G411M8T3, STM32G411M8T6, STM32G411MBT3, STM32G411MBT6, STM32G411MCT3, STM32G411MCT6, STM32G411R6T3, STM32G411R6T6, STM32G411R8T3, STM32G411R8T6, STM32G411RBT3, STM32G411RBT6, STM32G411RCT3, STM32G411RCT6, STM32G414CBT3, STM32G414CBT6, STM32G414CBU3, STM32G414CBU6, STM32G414CCT3, STM32G414CCT6, STM32G414CCU3, STM32G414CCU6, STM32G414MBT3, STM32G414MBT6, STM32G414MCT3, STM32G414MCT6, STM32G414RBT3, STM32G414RBT6, STM32G414RCT3, STM32G414RCT6, STM32G414VBT3, STM32G414VBT6, STM32G414VCT3, STM32G414VCT6, STM32G431CBT3Z, STM32G431RBT3Z, STM32G471CCT6, STM32G471CCU6, STM32G471CET3, STM32G471CET6, STM32G471CEU3, STM32G471CEU6, STM32G471MCT6, STM32G471MET3, STM32G471MET6, STM32G471MEY6TR, STM32G471QCT6, STM32G471QET3, STM32G471RCT6, STM32G471RET3, STM32G471RET6, STM32G471VCH6, STM32G471VCI6, STM32G471VCT6, STM32G471VEH3, STM32G471VEH6, STM32G471VEI3, STM32G471VEI6, STM32G471VET3, STM32G471VET6, STM32G473QET3Z, STM32G473RET3Z, STM32G474CCT6, STM32G491RET3Z, STM32H503CBT6, STM32H503CBU6, STM32H503EBY6TR, STM32H503KBU6, STM32H503RBT6, STM32H523CCT6, STM32H523CCU6, STM32H523CET6, STM32H523CEU6, STM32H523HEY6TR, STM32H523RCT6, STM32H523RET6, STM32H523VCI6, STM32H523VCT6, STM32H523VEI6, STM32H523VET6, STM32H523ZCJ6, STM32H523ZCT6, STM32H523ZEJ6, STM32H523ZET6, STM32H533CET6, STM32H533CEU6, STM32H533HEY6TR, STM32H533RET6, STM32H533VEI6, STM32H533VET6, STM32H533ZEJ6, STM32H533ZET6, STM32H562AGI6, STM32H562AII6, STM32H562IGK6, STM32H562IGT6, STM32H562IIK6, STM32H562IIT6, STM32H562RGT6, STM32H562RGV6, STM32H562RIT6, STM32H562RIV6, STM32H562VGT6, STM32H562VIT6, STM32H562ZGT6, STM32H562ZIT6, STM32H563AGI6, STM32H563AII3Q, STM32H563AII6, STM32H563IGK6, STM32H563IGT6, STM32H563IIK3Q, STM32H563IIK6, STM32H563IIT3Q, STM32H563IIT6, STM32H563MIY3QTR, STM32H563RGT6, STM32H563RGV6, STM32H563RIT6, STM32H563RIV6, STM32H563VGT6, STM32H563VIT3Q, STM32H563VIT6, STM32H563ZGT6, STM32H563ZIT3Q, STM32H563ZIT6, STM32H573AII3Q, STM32H573AII6, STM32H573I-DK, STM32H573IIK3Q, STM32H573IIK6, STM32H573IIT3Q, STM32H573IIT6, STM32H573MIY3QTR, STM32H573RIT6, STM32H573RIV6, STM32H573VIT3Q, STM32H573VIT6, STM32H573ZIT3Q, STM32H573ZIT6, STM32H7R3A8I6, STM32H7R3I8K6, STM32H7R3I8T6, STM32H7R3L8H6, STM32H7R3L8H6H, STM32H7R3R8V6, STM32H7R3V8H6, STM32H7R3V8T6, STM32H7R3V8Y6TR, STM32H7R3Z8J6, STM32H7R3Z8T6, STM32H7R7A8I6, STM32H7R7I8K6, STM32H7R7I8T6, STM32H7R7L8H6, STM32H7R7L8H6H, STM32H7R7Z8J6, STM32H7S3A8I6, STM32H7S3I8K6, STM32H7S3I8T6, STM32H7S3L8H6, STM32H7S3L8H6H, STM32H7S3R8V6, STM32H7S3V8H6, STM32H7S3V8T6, STM32H7S3V8Y6TR, STM32H7S3Z8J6, STM32H7S3Z8T6, STM32H7S78-DK, STM32H7S7A8I6, STM32H7S7I8K6, STM32H7S7I8T6, STM32H7S7L8H6, STM32H7S7L8H6H, STM32H7S7Z8J6, STM32L4R5QGI6STR, STM32MP131AAE3, STM32MP131AAF3, STM32MP131AAG3, STM32MP131CAE3, STM32MP131CAF3, STM32MP131CAG3, STM32MP131DAE7, STM32MP131DAF7, STM32MP131DAG7, STM32MP131FAE7, STM32MP131FAF7, STM32MP131FAG7, STM32MP133AAE3, STM32MP133AAF3, STM32MP133AAG3, STM32MP133CAE3, STM32MP133CAF3, STM32MP133CAG3, STM32MP133DAE7, STM32MP133DAF7, STM32MP133DAG7, STM32MP133FAE7, STM32MP133FAF7, STM32MP133FAG7, STM32MP135AAE3, STM32MP135AAF3, STM32MP135AAG3, STM32MP135CAE3, STM32MP135CAF3, STM32MP135CAG3, STM32MP135DAE7, STM32MP135DAF7, STM32MP135DAG7, STM32MP135F-DK, STM32MP135FAE7, STM32MP135FAF7, STM32MP135FAF7T, STM32MP135FAF7U, STM32MP135FAG7, STM32MP231AAJ3, STM32MP231AAK3, STM32MP231AAL3, STM32MP231CAJ3, STM32MP231CAK3, STM32MP231CAL3, STM32MP231DAJ3, STM32MP231DAK3, STM32MP231DAL3, STM32MP231FAJ3, STM32MP231FAK3, STM32MP231FAL3, STM32MP233AAJ3, STM32MP233AAK3, STM32MP233AAL3, STM32MP233CAJ3, STM32MP233CAK3, STM32MP233CAL3, STM32MP233DAJ3, STM32MP233DAK3, STM32MP233DAL3, STM32MP233FAJ3, STM32MP233FAK3, STM32MP233FAL3, STM32MP235AAJ3, STM32MP235AAK3, STM32MP235AAL3, STM32MP235CAJ3, STM32MP235CAK3, STM32MP235CAL3, STM32MP235DAJ3, STM32MP235DAK3, STM32MP235DAL3, STM32MP235FAJ3, STM32MP235FAK3, STM32MP235FAL3, STM32MP251AAI3, STM32MP251AAJ3, STM32MP251AAK3, STM32MP251AAL3, STM32MP251CAI3, STM32MP251CAJ3, STM32MP251CAK3, STM32MP251CAL3, STM32MP251DAI3, STM32MP251DAJ3, STM32MP251DAK3, STM32MP251DAL3, STM32MP251FAI3, STM32MP251FAJ3, STM32MP251FAK3, STM32MP251FAL3, STM32MP253AAI3, STM32MP253AAJ3, STM32MP253AAK3, STM32MP253AAL3, STM32MP253CAI3, STM32MP253CAJ3, STM32MP253CAK3, STM32MP253CAL3, STM32MP253DAI3, STM32MP253DAJ3, STM32MP253DAK3, STM32MP253DAL3, STM32MP253FAI3, STM32MP253FAJ3, STM32MP253FAK3, STM32MP253FAL3, STM32MP255AAI3, STM32MP255AAJ3, STM32MP255AAK3, STM32MP255AAL3, STM32MP255CAI3, STM32MP255CAJ3, STM32MP255CAK3, STM32MP255CAL3, STM32MP255DAI3, STM32MP255DAJ3, STM32MP255DAK3, STM32MP255DAL3, STM32MP255FAI3, STM32MP255FAJ3, STM32MP255FAK3, STM32MP255FAL3, STM32MP257AAI3, STM32MP257AAJ3, STM32MP257AAK3, STM32MP257AAL3, STM32MP257CAI3, STM32MP257CAJ3, STM32MP257CAK3, STM32MP257CAL3, STM32MP257DAI3, STM32MP257DAJ3, STM32MP257DAK3, STM32MP257DAL3, STM32MP257F-DK, STM32MP257F-EV1, STM32MP257FAI3, STM32MP257FAJ3, STM32MP257FAK3, STM32MP257FAL3, STM32N645A0H3Q, STM32N645B0H3Q, STM32N645I0H3Q, STM32N645L0H3Q, STM32N645X0H3Q, STM32N645Z0H3Q, STM32N647A0H3Q, STM32N647B0H3Q, STM32N647I0H3Q, STM32N647L0H3Q, STM32N647X0H3Q, STM32N647Z0H3Q, STM32N655A0H3Q, STM32N655B0H3Q, STM32N655I0H3Q, STM32N655L0H3Q, STM32N655X0H3Q, STM32N655Z0H3Q, STM32N6570-DK, STM32N657A0H3Q, STM32N657B0H3Q, STM32N657I0H3Q, STM32N657L0H3Q, STM32N657X0H3Q, STM32N657Z0H3Q, STM32U031C6T6, STM32U031C6U6, STM32U031C8T6, STM32U031C8U6, STM32U031F4P6, STM32U031F6P6, STM32U031F8P6, STM32U031G6Y6TR, STM32U031G8Y6TR, STM32U031K4U6, STM32U031K6U6, STM32U031K8U6, STM32U031R6I6, STM32U031R6T6, STM32U031R8I6, STM32U031R8T6, STM32U073C8T6, STM32U073C8U6, STM32U073CBT6, STM32U073CBU6, STM32U073CCT6, STM32U073CCU6, STM32U073H8Y6TR, STM32U073HBY6TR, STM32U073HCY6TR, STM32U073K8U6, STM32U073KBU6, STM32U073KCU6, STM32U073M8I6, STM32U073M8T6, STM32U073MBI6, STM32U073MBT6, STM32U073MCI6, STM32U073MCT6, STM32U073R8I6, STM32U073R8T6, STM32U073RBI6, STM32U073RBT6, STM32U073RCI6, STM32U073RCT6, STM32U083C-DK, STM32U083CCT6, STM32U083CCU6, STM32U083HCY6TR, STM32U083KCU6, STM32U083MCI6, STM32U083MCT6, STM32U083RCI6, STM32U083RCT6, STM32U375CET6, STM32U375CET6Q, STM32U375CEU6, STM32U375CEU6Q, STM32U375CEY6QTR, STM32U375CGT6, STM32U375CGT6Q, STM32U375CGU6, STM32U375CGU6Q, STM32U375CGY6QTR, STM32U375KEU6, STM32U375KGU6, STM32U375REI6, STM32U375REI6Q, STM32U375RET6, STM32U375RET6Q, STM32U375REY6GTR, STM32U375REY6QTR, STM32U375RGI6, STM32U375RGI6Q, STM32U375RGT6, STM32U375RGT6Q, STM32U375RGY6GTR, STM32U375RGY6QTR, STM32U375VEI6, STM32U375VEI6Q, STM32U375VET6, STM32U375VET6Q, STM32U375VGI6, STM32U375VGI6Q, STM32U375VGT6, STM32U375VGT6Q, STM32U385CGT6, STM32U385CGT6Q, STM32U385CGU6, STM32U385CGU6Q, STM32U385CGY6QTR, STM32U385KGU6, STM32U385RGI6, STM32U385RGI6Q, STM32U385RGT6, STM32U385RGT6Q, STM32U385RGY6GTR, STM32U385RGY6QTR, STM32U385VGI6, STM32U385VGI6Q, STM32U385VGT6, STM32U385VGT6Q, STM32U535CBT6, STM32U535CBT6Q, STM32U535CBU6, STM32U535CBU6Q, STM32U535CCT6, STM32U535CCT6Q, STM32U535CCU6, STM32U535CCU6Q, STM32U535CET6, STM32U535CET6Q, STM32U535CEU6, STM32U535CEU6Q, STM32U535JEY6QTR, STM32U535NCY6QTR, STM32U535NEY6QTR, STM32U535RBI6, STM32U535RBI6Q, STM32U535RBT6, STM32U535RBT6Q, STM32U535RCI6, STM32U535RCI6Q, STM32U535RCT6, STM32U535RCT6Q, STM32U535REI6, STM32U535REI6Q, STM32U535RET6, STM32U535RET6Q, STM32U535VCI6, STM32U535VCI6Q, STM32U535VCT6, STM32U535VCT6Q, STM32U535VEI6, STM32U535VEI6Q, STM32U535VET6, STM32U535VET6Q, STM32U545CET6, STM32U545CET6Q, STM32U545CEU6, STM32U545CEU6Q, STM32U545JEY6QTR, STM32U545NEY6QTR, STM32U545REI6, STM32U545REI6Q, STM32U545RET6, STM32U545RET6Q, STM32U545VEI6, STM32U545VEI6Q, STM32U545VET6, STM32U545VET6Q, STM32U595AIH6, STM32U595AIH6Q, STM32U595AJH6, STM32U595AJH6Q, STM32U595QII6, STM32U595QII6Q, STM32U595QJI6, STM32U595QJI6Q, STM32U595RIT6, STM32U595RIT6Q, STM32U595RJT6, STM32U595RJT6Q, STM32U595VIT6, STM32U595VIT6Q, STM32U595VJT6, STM32U595VJT6Q, STM32U595ZIT6, STM32U595ZIT6Q, STM32U595ZIY6QTR, STM32U595ZJT6, STM32U595ZJT6Q, STM32U595ZJY6QTR, STM32U599BJY6QTR, STM32U599NIH6Q, STM32U599NJH6Q, STM32U599VIT6Q, STM32U599VJT6, STM32U599VJT6Q, STM32U599ZIT6Q, STM32U599ZIY6QTR, STM32U599ZJT6Q, STM32U599ZJY6QTR, STM32U5A5AJH6, STM32U5A5AJH6Q, STM32U5A5QII3Q , STM32U5A5QJI6, STM32U5A5QJI6Q, STM32U5A5RJT6, STM32U5A5RJT6Q, STM32U5A5VJT6, STM32U5A5VJT6Q, STM32U5A5ZJT6, STM32U5A5ZJT6Q, STM32U5A5ZJY6QTR, STM32U5A9BJY6QTR, STM32U5A9J-DK, STM32U5A9NJH6Q, STM32U5A9VJT6Q, STM32U5A9ZJT6Q, STM32U5A9ZJY6QTR, STM32U5F7VIT6, STM32U5F7VIT6Q, STM32U5F7VJT6, STM32U5F7VJT6Q, STM32U5F9BJY6QTR, STM32U5F9NJH6Q, STM32U5F9VIT6Q, STM32U5F9VJT6Q, STM32U5F9ZIJ6QTR, STM32U5F9ZIT6Q, STM32U5F9ZJJ6QTR, STM32U5F9ZJT6Q, STM32U5G7VJT6, STM32U5G7VJT6Q, STM32U5G9BJY6QTR, STM32U5G9J-DK1, STM32U5G9J-DK2, STM32U5G9NJH6Q, STM32U5G9VJT6Q, STM32U5G9ZJJ6QTR, STM32U5G9ZJT6Q, STM32WB05KZV6TR, STM32WB05KZV7TR, STM32WB05TZF6TR, STM32WB05TZF7TR, STM32WB06CCF6TR, STM32WB06CCF7TR, STM32WB06CCV6TR, STM32WB06CCV7TR, STM32WB06KCV6TR, STM32WB06KCV7TR, STM32WB07CCF6TR, STM32WB07CCF7TR, STM32WB07CCV6TR, STM32WB07CCV7TR, STM32WB07KCV6TR, STM32WB07KCV7TR, STM32WB09KEV6TR, STM32WB09KEV7TR, STM32WB09TEF6TR, STM32WB09TEF7TR, STM32WB1MMCH6, STM32WBA50KGU6, STM32WBA50KGU6TR, STM32WBA52CEU6, STM32WBA52CEU6TR, STM32WBA52CEU7, STM32WBA52CEU7TR, STM32WBA52CGU6, STM32WBA52CGU6TR, STM32WBA52CGU6U, STM32WBA52CGU7, STM32WBA52CGU7TR, STM32WBA52KEU6, STM32WBA52KEU6TR, STM32WBA52KGU6, STM32WBA52KGU6TR, STM32WBA54CEU6, STM32WBA54CEU6TR, STM32WBA54CEU7, STM32WBA54CEU7TR, STM32WBA54CGU6, STM32WBA54CGU6TR, STM32WBA54CGU7, STM32WBA54CGU7TR, STM32WBA54KEU6, STM32WBA54KEU6TR, STM32WBA54KEU7, STM32WBA54KEU7TR, STM32WBA54KGU6, STM32WBA54KGU6TR, STM32WBA54KGU7, STM32WBA54KGU7TR, STM32WBA55CEU6, STM32WBA55CEU6TR, STM32WBA55CEU7, STM32WBA55CEU7TR, STM32WBA55CGU6, STM32WBA55CGU6TR, STM32WBA55CGU6U, STM32WBA55CGU7, STM32WBA55CGU7TR, STM32WBA55G-DK1, STM32WBA55HEF6, STM32WBA55HEF7, STM32WBA55HGF6, STM32WBA55HGF7, STM32WBA55UEI6, STM32WBA55UEI6TR, STM32WBA55UEI7, STM32WBA55UEI7TR, STM32WBA55UGI6, STM32WBA55UGI6TR, STM32WBA55UGI7, STM32WBA55UGI7TR, STM32WBA5MJGH6TR, STM32WBA62CGU6, STM32WBA62CIU6, STM32WBA62MGF6, STM32WBA62MIF6, STM32WBA62PGI6, STM32WBA62PII6, STM32WBA63CGU6, STM32WBA63CGU7, STM32WBA63CIU6, STM32WBA63CIU7, STM32WBA64CGU6, STM32WBA64CGU7, STM32WBA64CIU6, STM32WBA64CIU7, STM32WBA65CGU6, STM32WBA65CGU7, STM32WBA65CIU6, STM32WBA65CIU7, STM32WBA65I-DK1, STM32WBA65MGF6, STM32WBA65MGF7, STM32WBA65MIF6, STM32WBA65MIF7, STM32WBA65PGI6, STM32WBA65PGI7, STM32WBA65PII6, STM32WBA65PII7, STM32WBA65RGV6, STM32WBA65RGV7, STM32WBA65RIV6, STM32WBA65RIV7, STM32WL30K8V6, STM32WL30KBV6, STM32WL31C8V6, STM32WL31CBV6, STM32WL31K8V6, STM32WL31KBV6, STM32WL33C8V6, STM32WL33C8V6TR, STM32WL33C8V7, STM32WL33C8V7TR, STM32WL33CBV6, STM32WL33CBV6TR, STM32WL33CBV7, STM32WL33CBV7TR, STM32WL33CCV6, STM32WL33CCV6TR, STM32WL33CCV7, STM32WL33CCV7A, STM32WL33CCV7ATR, STM32WL33CCV7TR, STM32WL33K8V6, STM32WL33K8V6TR, STM32WL33K8V7, STM32WL33K8V7TR, STM32WL33KBV6, STM32WL33KBV6TR, STM32WL33KBV7, STM32WL33KBV7TR, STM32WL33KCV6, STM32WL33KCV6TR, STM32WL33KCV7, STM32WL33KCV7TR, STM32WL5MOCH6, STM32WL5MOCH6TR]
2025-07-28 12:44:45,075 [INFO] DbMcus:218 - Found 4686 MCUs, 4686 are supported
2025-07-28 12:44:45,077 [INFO] ApiDb:423 - Load user favorites file C:\Users\singh/.stm32cubeide/favorites.mcus.txt: 0 item(s)
2025-07-28 12:44:45,077 [INFO] ApiDb:427 - User favorites MCUs=[]
2025-07-28 12:44:45,077 [INFO] DbMcus:224 - Set 0 / 0 favorites MCUs
2025-07-28 12:44:45,861 [INFO] ApiDb:414 - User favorites file not found: C:\Users\singh/.stm32cubeide/favorites.boards.txt
2025-07-28 12:44:45,861 [INFO] DbBoards:198 - Set 0 / 0 favorites Boards
2025-07-28 12:44:45,904 [INFO] UtilMem:75 - End LoadConfig() Used Memory: 737564416 Bytes (1073741824)
2025-07-28 12:44:46,108 [WARN] ThirdParty:833 - waiting for thirdparty lock release [change project]
2025-07-28 12:44:46,108 [INFO] ThirdParty:835 - entering critical section [change project]
2025-07-28 12:44:46,109 [INFO] ThirdParty:1030 - CMSIS Pack Vendor :STMicroelectronics X-CUBE-PM33A1 1.0.0
2025-07-28 12:44:46,109 [INFO] ThirdParty:1030 - CMSIS Pack Vendor :STMicroelectronics USBPD 4.1
2025-07-28 12:44:46,109 [INFO] ThirdParty:1030 - CMSIS Pack Vendor :STMicroelectronics X-CUBE-AZRTOS-H7 3.3.0
2025-07-28 12:44:46,109 [INFO] ThirdParty:1030 - CMSIS Pack Vendor :STMicroelectronics X-CUBE-NFC9 1.0.0
2025-07-28 12:44:46,109 [INFO] ThirdParty:1030 - CMSIS Pack Vendor :STMicroelectronics USB_HOST 2.0.0
2025-07-28 12:44:46,109 [INFO] ThirdParty:1030 - CMSIS Pack Vendor :STMicroelectronics FP-SNS-MOTENVWB1 1.4.0
2025-07-28 12:44:46,109 [INFO] ThirdParty:1030 - CMSIS Pack Vendor :STMicroelectronics X-CUBE-AZRTOS-F4 1.1.0
2025-07-28 12:44:46,109 [INFO] ThirdParty:1030 - CMSIS Pack Vendor :STMicroelectronics LIBJPEG 8.0.0
2025-07-28 12:44:46,109 [INFO] ThirdParty:1030 - CMSIS Pack Vendor :STMicroelectronics FP-ATR-ASTRA1 2.0.2
2025-07-28 12:44:46,109 [INFO] ThirdParty:1030 - CMSIS Pack Vendor :STMicroelectronics X-CUBE-BLE1 7.1.0
2025-07-28 12:44:46,109 [INFO] ThirdParty:1030 - CMSIS Pack Vendor :Avnet-IotConnect X-CUBE-IoTC-DA16k-PMOD 1.0.0
2025-07-28 12:44:46,109 [INFO] ThirdParty:1030 - CMSIS Pack Vendor :STMicroelectronics X-CUBE-SMBUS 2.1.0
2025-07-28 12:44:46,109 [INFO] ThirdParty:1030 - CMSIS Pack Vendor :wolfSSL I-CUBE-wolfMQTT 1.19.2
2025-07-28 12:44:46,109 [INFO] ThirdParty:1030 - CMSIS Pack Vendor :STMicroelectronics USB_DEVICE 3.0.0
2025-07-28 12:44:46,110 [INFO] ThirdParty:1030 - CMSIS Pack Vendor :STMicroelectronics X-CUBE-ISPU 2.1.0
2025-07-28 12:44:46,110 [INFO] ThirdParty:1030 - CMSIS Pack Vendor :STMicroelectronics X-CUBE-EEPRMA1 5.2.0
2025-07-28 12:44:46,110 [INFO] ThirdParty:1030 - CMSIS Pack Vendor :STMicroelectronics X-CUBE-BLEMGR 4.1.0
2025-07-28 12:44:46,110 [INFO] ThirdParty:1030 - CMSIS Pack Vendor :STMicroelectronics X-CUBE-AZRTOS-WB 2.0.0
2025-07-28 12:44:46,110 [INFO] ThirdParty:1030 - CMSIS Pack Vendor :STMicroelectronics X-CUBE-ST60 1.0.0
2025-07-28 12:44:46,110 [INFO] ThirdParty:1030 - CMSIS Pack Vendor :STMicroelectronics X-CUBE-GNSS1 7.0.1
2025-07-28 12:44:46,110 [INFO] ThirdParty:1030 - CMSIS Pack Vendor :STMicroelectronics X-CUBE-NFC12 1.0.0
2025-07-28 12:44:46,110 [INFO] ThirdParty:1030 - CMSIS Pack Vendor :STMicroelectronics X-CUBE-AZRTOS-F7 1.1.0
2025-07-28 12:44:46,110 [INFO] ThirdParty:1030 - CMSIS Pack Vendor :STMicroelectronics X-CUBE-AZRTOS-L5 2.0.0
2025-07-28 12:44:46,110 [INFO] ThirdParty:1030 - CMSIS Pack Vendor :STMicroelectronics X-CUBE-TOUCHGFX 4.25.0
2025-07-28 12:44:46,110 [INFO] ThirdParty:1030 - CMSIS Pack Vendor :STMicroelectronics USB_DEVICE 2.0.0
2025-07-28 12:44:46,110 [INFO] ThirdParty:1030 - CMSIS Pack Vendor :STMicroelectronics X-CUBE-NFC6 3.1.0
2025-07-28 12:44:46,110 [INFO] ThirdParty:1030 - CMSIS Pack Vendor :STMicroelectronics X-CUBE-AI 10.1.0
2025-07-28 12:44:46,110 [INFO] ThirdParty:1030 - CMSIS Pack Vendor :STMicroelectronics FP-SNS-STBOX1 2.0.0
2025-07-28 12:44:46,111 [INFO] ThirdParty:1030 - CMSIS Pack Vendor :STMicroelectronics X-CUBE-MEMS1 11.2.0
2025-07-28 12:44:46,111 [INFO] ThirdParty:1030 - CMSIS Pack Vendor :STMicroelectronics FreeRTOS 0.0.1
2025-07-28 12:44:46,111 [INFO] ThirdParty:1030 - CMSIS Pack Vendor :STMicroelectronics X-CUBE-AZRTOS-G0 1.1.0
2025-07-28 12:44:46,111 [INFO] ThirdParty:1030 - CMSIS Pack Vendor :STMicroelectronics X-CUBE-SAFEA1 1.2.2
2025-07-28 12:44:46,111 [INFO] ThirdParty:1030 - CMSIS Pack Vendor :STMicroelectronics X-CUBE-NFC4 3.0.0
2025-07-28 12:44:46,111 [INFO] ThirdParty:1030 - CMSIS Pack Vendor :STMicroelectronics X-CUBE-SUBG2 5.0.0
2025-07-28 12:44:46,111 [INFO] ThirdParty:1030 - CMSIS Pack Vendor :STMicroelectronics X-CUBE-AZRTOS-H7RS 1.1.0
2025-07-28 12:44:46,111 [INFO] ThirdParty:1030 - CMSIS Pack Vendor :STMicroelectronics STM32_WPAN 1.0.0
2025-07-28 12:44:46,111 [INFO] ThirdParty:1030 - CMSIS Pack Vendor :EmbeddedOffice I-CUBE-FS-RTOS 1.0.1
2025-07-28 12:44:46,111 [INFO] ThirdParty:1030 - CMSIS Pack Vendor :STMicroelectronics lwIP 2.0.3
2025-07-28 12:44:46,111 [INFO] ThirdParty:1030 - CMSIS Pack Vendor :Cesanta I-CUBE-Mongoose 7.13.0
2025-07-28 12:44:46,111 [INFO] ThirdParty:1030 - CMSIS Pack Vendor :STMicroelectronics USB_HOST 1.0.0
2025-07-28 12:44:46,111 [INFO] ThirdParty:1030 - CMSIS Pack Vendor :Infineon AIROC-Wi-Fi-Bluetooth-STM32 1.7.0
2025-07-28 12:44:46,111 [INFO] ThirdParty:1030 - CMSIS Pack Vendor :STMicroelectronics X-CUBE-AZRTOS-G4 2.0.0
2025-07-28 12:44:46,111 [INFO] ThirdParty:1030 - CMSIS Pack Vendor :STMicroelectronics X-CUBE-WB05N 2.0.0
2025-07-28 12:44:46,111 [INFO] ThirdParty:1030 - CMSIS Pack Vendor :STMicroelectronics PDM2PCM 3.1.0
2025-07-28 12:44:46,111 [INFO] ThirdParty:1030 - CMSIS Pack Vendor :STMicroelectronics PDM2PCM 3.3.0
2025-07-28 12:44:46,111 [INFO] ThirdParty:1030 - CMSIS Pack Vendor :wolfSSL I-CUBE-wolfTPM 3.8.0
2025-07-28 12:44:46,111 [INFO] ThirdParty:1030 - CMSIS Pack Vendor :STMicroelectronics X-CUBE-AZRTOS-H7 3.4.0
2025-07-28 12:44:46,112 [INFO] ThirdParty:1030 - CMSIS Pack Vendor :STMicroelectronics X-CUBE-DISPLAY 3.0.0
2025-07-28 12:44:46,112 [INFO] ThirdParty:1030 - CMSIS Pack Vendor :wolfSSL I-CUBE-wolfSSH 1.4.20
2025-07-28 12:44:46,112 [INFO] ThirdParty:1030 - CMSIS Pack Vendor :STMicroelectronics X-CUBE-NFC7 2.0.0
2025-07-28 12:44:46,112 [INFO] ThirdParty:1030 - CMSIS Pack Vendor :STMicroelectronics X-CUBE-TCPP 4.2.0
2025-07-28 12:44:46,112 [INFO] ThirdParty:1030 - CMSIS Pack Vendor :RealThread X-CUBE-RT-Thread_Nano 4.1.1
2025-07-28 12:44:46,112 [INFO] ThirdParty:1030 - CMSIS Pack Vendor :STMicroelectronics FP-ATR-SIGFOX1 3.2.0
2025-07-28 12:44:46,112 [INFO] ThirdParty:1030 - CMSIS Pack Vendor :STMicroelectronics X-CUBE-NFC10 1.0.0
2025-07-28 12:44:46,112 [INFO] ThirdParty:1030 - CMSIS Pack Vendor :STMicroelectronics X-CUBE-BLEMGR 4.0.0
2025-07-28 12:44:46,112 [INFO] ThirdParty:1030 - CMSIS Pack Vendor :STMicroelectronics X-CUBE-EEPRMA1 5.1.0
2025-07-28 12:44:46,112 [INFO] ThirdParty:1030 - CMSIS Pack Vendor :STMicroelectronics X-CUBE-FREERTOS 1.3.1
2025-07-28 12:44:46,112 [INFO] ThirdParty:1030 - CMSIS Pack Vendor :STMicroelectronics HAL Drivers 0.0.0
2025-07-28 12:44:46,112 [INFO] ThirdParty:1030 - CMSIS Pack Vendor :STMicroelectronics MBEDTLS 2.16.2
2025-07-28 12:44:46,112 [INFO] ThirdParty:1030 - CMSIS Pack Vendor :STMicroelectronics X-CUBE-IPS 3.1.0
2025-07-28 12:44:46,112 [INFO] ThirdParty:1030 - CMSIS Pack Vendor :STMicroelectronics X-CUBE-ALS 1.0.2
2025-07-28 12:44:46,112 [INFO] ThirdParty:1030 - CMSIS Pack Vendor :emotas I-CUBE-CANOPEN 1.3.0
2025-07-28 12:44:46,112 [INFO] ThirdParty:1030 - CMSIS Pack Vendor :STMicroelectronics X-CUBE-FREERTOS 1.3.0
2025-07-28 12:44:46,112 [INFO] ThirdParty:1030 - CMSIS Pack Vendor :STMicroelectronics X-CUBE-NFC7 1.0.1
2025-07-28 12:44:46,112 [INFO] ThirdParty:1030 - CMSIS Pack Vendor :STMicroelectronics MBEDTLS 2.14.1
2025-07-28 12:44:46,112 [INFO] ThirdParty:1030 - CMSIS Pack Vendor :wolfSSL I-CUBE-wolfSSL 5.7.6
2025-07-28 12:44:46,112 [INFO] ThirdParty:1030 - CMSIS Pack Vendor :ITTIA_DB I-CUBE-ITTIADB 8.9.0
2025-07-28 12:44:46,112 [INFO] ThirdParty:1030 - CMSIS Pack Vendor :portGmbH I-Cube-SoM-uGOAL 1.1.0
2025-07-28 12:44:46,113 [INFO] ThirdParty:1030 - CMSIS Pack Vendor :quantropi X-CUBE-qispace-sdk-base 2.0.0
2025-07-28 12:44:46,113 [INFO] ThirdParty:1030 - CMSIS Pack Vendor :STMicroelectronics X-CUBE-AI 10.0.0
2025-07-28 12:44:46,113 [INFO] ThirdParty:1030 - CMSIS Pack Vendor :STMicroelectronics X-CUBE-ST67W61 1.0.0
2025-07-28 12:44:46,113 [INFO] ThirdParty:1030 - CMSIS Pack Vendor :STMicroelectronics FP-SNS-STAIOTCFT 1.0.0
2025-07-28 12:44:46,113 [INFO] ThirdParty:1030 - CMSIS Pack Vendor :STMicroelectronics ThreadX 1.0.0
2025-07-28 12:44:46,113 [INFO] ThirdParty:1030 - CMSIS Pack Vendor :STMicroelectronics FP-SNS-SMARTAG2 1.2.0
2025-07-28 12:44:46,113 [INFO] ThirdParty:1030 - CMSIS Pack Vendor :STMicroelectronics FP-SNS-FLIGHT1 5.1.0
2025-07-28 12:44:46,113 [INFO] ThirdParty:1030 - CMSIS Pack Vendor :STMicroelectronics X-CUBE-AZRTOS-WL 2.0.0
2025-07-28 12:44:46,113 [INFO] ThirdParty:1030 - CMSIS Pack Vendor :SEGGER I-CUBE-embOS 1.3.1
2025-07-28 12:44:46,113 [INFO] ThirdParty:1030 - CMSIS Pack Vendor :STMicroelectronics X-CUBE-ALGOBUILD 1.4.0
2025-07-28 12:44:46,113 [INFO] ThirdParty:1030 - CMSIS Pack Vendor :STMicroelectronics X-CUBE-DPower 1.3.0
2025-07-28 12:44:46,114 [INFO] ThirdParty:1030 - CMSIS Pack Vendor :STMicroelectronics X-CUBE-MEMS1 11.3.0
2025-07-28 12:44:46,114 [INFO] ThirdParty:1030 - CMSIS Pack Vendor :STMicroelectronics FP-SNS-MOTENV1 5.0.0
2025-07-28 12:44:46,114 [INFO] ThirdParty:1030 - CMSIS Pack Vendor :STMicroelectronics USB_DEVICE 1.0.0
2025-07-28 12:44:46,114 [INFO] ThirdParty:1030 - CMSIS Pack Vendor :STMicroelectronics X-CUBE-AZRTOS-L4 2.0.0
2025-07-28 12:44:46,114 [INFO] ThirdParty:1030 - CMSIS Pack Vendor :STMicroelectronics ThreadX 0.0.2
2025-07-28 12:44:46,114 [INFO] ThirdParty:1030 - CMSIS Pack Vendor :WES I-CUBE-Cesium 1.3.0
2025-07-28 12:44:46,114 [INFO] ThirdParty:1030 - CMSIS Pack Vendor :STMicroelectronics lwIP 2.1.2
2025-07-28 12:44:46,114 [INFO] ThirdParty:1030 - CMSIS Pack Vendor :STMicroelectronics X-CUBE-SFXS2LP1 4.0.0
2025-07-28 12:44:46,114 [INFO] ThirdParty:1030 - CMSIS Pack Vendor :STMicroelectronics X-CUBE-BLE2 3.3.0
2025-07-28 12:44:46,114 [INFO] ThirdParty:1030 - CMSIS Pack Vendor :STMicroelectronics X-CUBE-TOF1 3.4.3
2025-07-28 12:44:46,114 [INFO] ThirdParty:1030 - CMSIS Pack Vendor :STMicroelectronics PDM2PCM 3.2.0
2025-07-28 12:44:46,114 [INFO] ThirdParty:841 - exiting critical section [change project]
2025-07-28 12:44:46,577 [INFO] PinOutPanel:1589 - setPackage(No Configuration,No Configuration)
2025-07-28 12:44:46,580 [INFO] PinOutPanel:1589 - setPackage(STM32G030K6Tx,LQFP32)
2025-07-28 12:44:47,124 [INFO] UtilMem:75 - Before build in PCC Used Memory: 837188136 Bytes (1073741824)
2025-07-28 12:44:48,702 [INFO] UtilMem:75 - After build in PCC Used Memory: 935789680 Bytes (1073741824)
2025-07-28 12:44:48,768 [INFO] IPUIPlugin:80 - create IPUIPlugin
2025-07-28 12:44:48,769 [INFO] IPUIPlugin:80 - create IPUIPlugin
2025-07-28 12:44:48,769 [INFO] IPUIPlugin:80 - create IPUIPlugin
2025-07-28 12:44:48,769 [INFO] IPUIPlugin:80 - create IPUIPlugin
2025-07-28 12:44:48,769 [INFO] IPUIPlugin:80 - create IPUIPlugin
2025-07-28 12:44:48,770 [INFO] IPUIPlugin:80 - create IPUIPlugin
2025-07-28 12:44:48,770 [INFO] IPUIPlugin:80 - create IPUIPlugin
2025-07-28 12:44:48,770 [INFO] IPUIPlugin:80 - create IPUIPlugin
2025-07-28 12:44:48,770 [INFO] IPUIPlugin:80 - create IPUIPlugin
2025-07-28 12:44:48,771 [INFO] IPUIPlugin:80 - create IPUIPlugin
2025-07-28 12:44:48,771 [INFO] IPUIPlugin:80 - create IPUIPlugin
2025-07-28 12:44:48,771 [INFO] IPUIPlugin:80 - create IPUIPlugin
2025-07-28 12:44:48,772 [INFO] IPUIPlugin:80 - create IPUIPlugin
2025-07-28 12:44:48,772 [INFO] IPUIPlugin:80 - create IPUIPlugin
2025-07-28 12:44:48,774 [INFO] IPUIPlugin:80 - create IPUIPlugin
2025-07-28 12:44:48,774 [INFO] IPUIPlugin:80 - create IPUIPlugin
2025-07-28 12:44:48,775 [INFO] IPUIPlugin:80 - create IPUIPlugin
2025-07-28 12:44:48,775 [INFO] IPUIPlugin:80 - create IPUIPlugin
2025-07-28 12:44:48,776 [INFO] IPUIPlugin:80 - create IPUIPlugin
2025-07-28 12:44:48,776 [INFO] IPUIPlugin:80 - create IPUIPlugin
2025-07-28 12:44:48,777 [INFO] IPUIPlugin:80 - create IPUIPlugin
2025-07-28 12:44:48,777 [INFO] IPUIPlugin:80 - create IPUIPlugin
2025-07-28 12:44:48,778 [INFO] IPUIPlugin:80 - create IPUIPlugin
2025-07-28 12:44:48,778 [INFO] IPUIPlugin:80 - create IPUIPlugin
2025-07-28 12:44:48,779 [INFO] IPUIPlugin:80 - create IPUIPlugin
2025-07-28 12:44:49,223 [INFO] CADModel:165 - CPN selected for project levelSTM32G030K6T6
2025-07-28 12:44:49,225 [INFO] CADModel:114 - Register for checkConnection events
2025-07-28 12:44:49,265 [INFO] OpenFileManager:385 - Restore cursor
2025-07-28 12:45:56,251 [INFO] ParamManager:896 - [Generic UI] PropertyChangeEvent: TAB_STATUS_CHANGED , "dont care", "never mind"
2025-07-28 12:50:12,020 [INFO] DmaTabbedPanel:205 - Cannot restore the selected Tab for DMA
2025-07-28 12:50:28,765 [INFO] DmaTabbedPanel:205 - Cannot restore the selected Tab for DMA
2025-07-28 12:50:30,155 [INFO] Gpio:277 - dependency for GPIO [ADC1]
2025-07-28 12:51:03,655 [INFO] NvicTabbedPanel:226 - Cannot restore the selected Tab for NVIC
2025-07-28 12:53:00,115 [INFO] UtilMem:75 - End SaveConfig() Used Memory: 784058472 Bytes (1073741824)
2025-07-28 12:53:02,313 [INFO] UtilMem:75 - End SaveConfig() Used Memory: 817463192 Bytes (1073741824)
2025-07-28 12:53:03,381 [INFO] UtilMem:75 - End SaveConfig() Used Memory: 880341992 Bytes (1073741824)
2025-07-28 12:53:04,240 [INFO] ProjectBuilder:2382 - IP not ready for code generation: ADC1
2025-07-28 12:53:29,430 [INFO] ADCParametersView:116 -                Rank 1 : false
2025-07-28 12:53:29,430 [INFO] ADCParametersView:116 -                Rank 1 : true
2025-07-28 12:53:29,430 [INFO] ADCParametersView:116 -                Rank 1 : true
2025-07-28 12:53:29,430 [INFO] ADCParametersView:116 -                Rank 2 : false
2025-07-28 12:53:29,431 [INFO] ADCParametersView:116 -                Rank 1 : true
2025-07-28 12:53:29,431 [INFO] ADCParametersView:116 -                Rank 2 : false
2025-07-28 12:53:29,431 [INFO] ADCParametersView:116 -                Rank 3 : false
2025-07-28 12:53:29,554 [INFO] ADCParametersView:116 -                Rank 1 : true
2025-07-28 12:53:29,555 [INFO] ADCParametersView:116 -                Rank 2 : false
2025-07-28 12:53:29,555 [INFO] ADCParametersView:116 -                Rank 3 : false
2025-07-28 12:53:29,555 [INFO] ADCParametersView:116 -                Rank 1 : true
2025-07-28 12:53:29,555 [INFO] ADCParametersView:116 -                Rank 2 : false
2025-07-28 12:53:29,555 [INFO] ADCParametersView:116 -                Rank 3 : false
2025-07-28 12:53:29,555 [INFO] ADCParametersView:116 -                Rank 1 : true
2025-07-28 12:53:29,555 [INFO] ADCParametersView:116 -                Rank 2 : false
2025-07-28 12:53:29,555 [INFO] ADCParametersView:116 -                Rank 3 : false
2025-07-28 12:53:29,556 [INFO] ADCParametersView:116 -                Rank 1 : true
2025-07-28 12:53:29,556 [INFO] ADCParametersView:116 -                Rank 2 : false
2025-07-28 12:53:29,556 [INFO] ADCParametersView:116 -                Rank 3 : false
2025-07-28 12:53:29,556 [INFO] ADCParametersView:116 -                Rank 1 : true
2025-07-28 12:53:29,556 [INFO] ADCParametersView:116 -                Rank 2 : false
2025-07-28 12:53:29,556 [INFO] ADCParametersView:116 -                Rank 3 : false
2025-07-28 12:53:29,556 [INFO] ADCParametersView:116 -                Rank 1 : true
2025-07-28 12:53:29,557 [INFO] ADCParametersView:116 -                Rank 2 : false
2025-07-28 12:53:29,557 [INFO] ADCParametersView:116 -                Rank 3 : false
2025-07-28 12:53:29,558 [INFO] ADCParametersView:116 -                Rank 1 : true
2025-07-28 12:53:29,558 [INFO] ADCParametersView:116 -                Rank 2 : false
2025-07-28 12:53:29,558 [INFO] ADCParametersView:116 -                Rank 3 : false
2025-07-28 12:53:29,558 [INFO] ADCParametersView:116 -                Rank 1 : true
2025-07-28 12:53:29,558 [INFO] ADCParametersView:116 -                Rank 2 : false
2025-07-28 12:53:29,558 [INFO] ADCParametersView:116 -                Rank 3 : false
2025-07-28 12:53:29,560 [INFO] ADCParametersView:116 -                Rank 1 : true
2025-07-28 12:53:29,560 [INFO] ADCParametersView:116 -                Rank 2 : false
2025-07-28 12:53:29,560 [INFO] ADCParametersView:116 -                Rank 3 : false
2025-07-28 12:53:29,560 [INFO] ADCParametersView:116 -                Rank 1 : true
2025-07-28 12:53:29,560 [INFO] ADCParametersView:116 -                Rank 2 : false
2025-07-28 12:53:29,560 [INFO] ADCParametersView:116 -                Rank 3 : false
2025-07-28 12:53:29,560 [INFO] ADCParametersView:116 -                Rank 1 : true
2025-07-28 12:53:29,560 [INFO] ADCParametersView:116 -                Rank 2 : false
2025-07-28 12:53:29,560 [INFO] ADCParametersView:116 -                Rank 3 : false
2025-07-28 12:53:29,560 [INFO] ADCParametersView:116 -                Rank 1 : true
2025-07-28 12:53:29,560 [INFO] ADCParametersView:116 -                Rank 2 : false
2025-07-28 12:53:29,560 [INFO] ADCParametersView:116 -                Rank 3 : false
2025-07-28 12:53:29,561 [INFO] ADCParametersView:116 -                Rank 1 : true
2025-07-28 12:53:29,561 [INFO] ADCParametersView:116 -                Rank 2 : false
2025-07-28 12:53:29,561 [INFO] ADCParametersView:116 -                Rank 3 : false
2025-07-28 12:53:29,561 [INFO] ADCParametersView:116 -                Rank 1 : true
2025-07-28 12:53:29,561 [INFO] ADCParametersView:116 -                Rank 2 : false
2025-07-28 12:53:29,561 [INFO] ADCParametersView:116 -                Rank 3 : false
2025-07-28 12:53:29,561 [INFO] ADCParametersView:116 -                Rank 1 : true
2025-07-28 12:53:29,561 [INFO] ADCParametersView:116 -                Rank 2 : false
2025-07-28 12:53:29,561 [INFO] ADCParametersView:116 -                Rank 3 : false
2025-07-28 12:53:29,561 [INFO] ADCParametersView:116 -                Rank 1 : true
2025-07-28 12:53:29,562 [INFO] ADCParametersView:116 -                Rank 2 : false
2025-07-28 12:53:29,562 [INFO] ADCParametersView:116 -                Rank 3 : false
2025-07-28 12:53:29,562 [INFO] ADCParametersView:116 -                Rank 1 : true
2025-07-28 12:53:29,562 [INFO] ADCParametersView:116 -                Rank 2 : false
2025-07-28 12:53:29,562 [INFO] ADCParametersView:116 -                Rank 3 : false
2025-07-28 12:53:29,562 [INFO] ADCParametersView:116 -                Rank 1 : true
2025-07-28 12:53:29,562 [INFO] ADCParametersView:116 -                Rank 2 : false
2025-07-28 12:53:29,562 [INFO] ADCParametersView:116 -                Rank 3 : false
2025-07-28 12:53:29,562 [INFO] ADCParametersView:116 -                Rank 1 : true
2025-07-28 12:53:29,562 [INFO] ADCParametersView:116 -                Rank 2 : false
2025-07-28 12:53:29,563 [INFO] ADCParametersView:116 -                Rank 3 : false
2025-07-28 12:53:29,563 [INFO] ADCParametersView:116 -                Rank 1 : true
2025-07-28 12:53:29,563 [INFO] ADCParametersView:116 -                Rank 2 : false
2025-07-28 12:53:29,563 [INFO] ADCParametersView:116 -                Rank 3 : false
2025-07-28 12:53:29,563 [INFO] ADCParametersView:116 -                Rank 1 : true
2025-07-28 12:53:29,563 [INFO] ADCParametersView:116 -                Rank 2 : false
2025-07-28 12:53:29,563 [INFO] ADCParametersView:116 -                Rank 3 : false
2025-07-28 12:53:29,563 [INFO] ADCParametersView:116 -                Rank 1 : true
2025-07-28 12:53:29,563 [INFO] ADCParametersView:116 -                Rank 2 : false
2025-07-28 12:53:29,563 [INFO] ADCParametersView:116 -                Rank 3 : false
2025-07-28 12:53:29,563 [INFO] ADCParametersView:116 -                Rank 2 : false
2025-07-28 12:53:29,564 [INFO] ADCParametersView:116 -                Rank 3 : false
2025-07-28 12:53:29,564 [INFO] ADCParametersView:116 -                Rank 3 : false
2025-07-28 12:53:29,582 [INFO] ADCParametersView:116 -                Rank 1 : true
2025-07-28 12:53:29,583 [INFO] ADCParametersView:116 -                Rank 1 : true
2025-07-28 12:53:29,583 [INFO] ADCParametersView:116 -                Rank 2 : false
2025-07-28 12:53:29,583 [INFO] ADCParametersView:116 -                Rank 1 : true
2025-07-28 12:53:29,583 [INFO] ADCParametersView:116 -                Rank 2 : false
2025-07-28 12:53:29,583 [INFO] ADCParametersView:116 -                Rank 3 : false
2025-07-28 12:53:29,614 [INFO] ADCParametersView:116 -                Rank 1 : true
2025-07-28 12:53:29,614 [INFO] ADCParametersView:116 -                Rank 2 : false
2025-07-28 12:53:29,614 [INFO] ADCParametersView:116 -                Rank 3 : false
2025-07-28 12:53:29,614 [INFO] ADCParametersView:116 -                Rank 1 : true
2025-07-28 12:53:29,614 [INFO] ADCParametersView:116 -                Rank 2 : false
2025-07-28 12:53:29,614 [INFO] ADCParametersView:116 -                Rank 3 : false
2025-07-28 12:53:29,614 [INFO] ADCParametersView:116 -                Rank 1 : true
2025-07-28 12:53:29,614 [INFO] ADCParametersView:116 -                Rank 2 : false
2025-07-28 12:53:29,614 [INFO] ADCParametersView:116 -                Rank 3 : false
2025-07-28 12:53:29,614 [INFO] ADCParametersView:116 -                Rank 1 : true
2025-07-28 12:53:29,615 [INFO] ADCParametersView:116 -                Rank 2 : false
2025-07-28 12:53:29,615 [INFO] ADCParametersView:116 -                Rank 3 : false
2025-07-28 12:53:29,615 [INFO] ADCParametersView:116 -                Rank 1 : true
2025-07-28 12:53:29,615 [INFO] ADCParametersView:116 -                Rank 2 : false
2025-07-28 12:53:29,615 [INFO] ADCParametersView:116 -                Rank 3 : false
2025-07-28 12:53:29,615 [INFO] ADCParametersView:116 -                Rank 1 : true
2025-07-28 12:53:29,615 [INFO] ADCParametersView:116 -                Rank 2 : false
2025-07-28 12:53:29,615 [INFO] ADCParametersView:116 -                Rank 3 : false
2025-07-28 12:53:29,615 [INFO] ADCParametersView:116 -                Rank 1 : true
2025-07-28 12:53:29,615 [INFO] ADCParametersView:116 -                Rank 2 : false
2025-07-28 12:53:29,616 [INFO] ADCParametersView:116 -                Rank 3 : false
2025-07-28 12:53:29,616 [INFO] ADCParametersView:116 -                Rank 1 : true
2025-07-28 12:53:29,616 [INFO] ADCParametersView:116 -                Rank 2 : false
2025-07-28 12:53:29,616 [INFO] ADCParametersView:116 -                Rank 3 : false
2025-07-28 12:53:29,616 [INFO] ADCParametersView:116 -                Rank 1 : true
2025-07-28 12:53:29,616 [INFO] ADCParametersView:116 -                Rank 2 : false
2025-07-28 12:53:29,616 [INFO] ADCParametersView:116 -                Rank 3 : false
2025-07-28 12:53:29,616 [INFO] ADCParametersView:116 -                Rank 1 : true
2025-07-28 12:53:29,616 [INFO] ADCParametersView:116 -                Rank 2 : false
2025-07-28 12:53:29,616 [INFO] ADCParametersView:116 -                Rank 3 : false
2025-07-28 12:53:29,617 [INFO] ADCParametersView:116 -                Rank 1 : true
2025-07-28 12:53:29,617 [INFO] ADCParametersView:116 -                Rank 2 : false
2025-07-28 12:53:29,617 [INFO] ADCParametersView:116 -                Rank 3 : false
2025-07-28 12:53:29,617 [INFO] ADCParametersView:116 -                Rank 1 : true
2025-07-28 12:53:29,617 [INFO] ADCParametersView:116 -                Rank 2 : false
2025-07-28 12:53:29,617 [INFO] ADCParametersView:116 -                Rank 3 : false
2025-07-28 12:53:29,617 [INFO] ADCParametersView:116 -                Rank 1 : true
2025-07-28 12:53:29,617 [INFO] ADCParametersView:116 -                Rank 2 : false
2025-07-28 12:53:29,618 [INFO] ADCParametersView:116 -                Rank 3 : false
2025-07-28 12:53:29,618 [INFO] ADCParametersView:116 -                Rank 1 : true
2025-07-28 12:53:29,618 [INFO] ADCParametersView:116 -                Rank 2 : false
2025-07-28 12:53:29,618 [INFO] ADCParametersView:116 -                Rank 3 : false
2025-07-28 12:53:29,618 [INFO] ADCParametersView:116 -                Rank 1 : true
2025-07-28 12:53:29,618 [INFO] ADCParametersView:116 -                Rank 2 : false
2025-07-28 12:53:29,618 [INFO] ADCParametersView:116 -                Rank 3 : false
2025-07-28 12:53:29,618 [INFO] ADCParametersView:116 -                Rank 1 : true
2025-07-28 12:53:29,618 [INFO] ADCParametersView:116 -                Rank 2 : false
2025-07-28 12:53:29,618 [INFO] ADCParametersView:116 -                Rank 3 : false
2025-07-28 12:53:29,618 [INFO] ADCParametersView:116 -                Rank 1 : true
2025-07-28 12:53:29,618 [INFO] ADCParametersView:116 -                Rank 2 : false
2025-07-28 12:53:29,619 [INFO] ADCParametersView:116 -                Rank 3 : false
2025-07-28 12:53:29,619 [INFO] ADCParametersView:116 -                Rank 1 : true
2025-07-28 12:53:29,619 [INFO] ADCParametersView:116 -                Rank 2 : false
2025-07-28 12:53:29,619 [INFO] ADCParametersView:116 -                Rank 3 : false
2025-07-28 12:53:29,619 [INFO] ADCParametersView:116 -                Rank 1 : true
2025-07-28 12:53:29,619 [INFO] ADCParametersView:116 -                Rank 2 : false
2025-07-28 12:53:29,619 [INFO] ADCParametersView:116 -                Rank 3 : false
2025-07-28 12:53:29,619 [INFO] ADCParametersView:116 -                Rank 1 : true
2025-07-28 12:53:29,619 [INFO] ADCParametersView:116 -                Rank 2 : false
2025-07-28 12:53:29,619 [INFO] ADCParametersView:116 -                Rank 3 : false
2025-07-28 12:53:29,619 [INFO] ADCParametersView:116 -                Rank 1 : true
2025-07-28 12:53:29,619 [INFO] ADCParametersView:116 -                Rank 2 : false
2025-07-28 12:53:29,619 [INFO] ADCParametersView:116 -                Rank 3 : false
2025-07-28 12:53:29,619 [INFO] ADCParametersView:116 -                Rank 1 : true
2025-07-28 12:53:29,619 [INFO] ADCParametersView:116 -                Rank 2 : false
2025-07-28 12:53:29,619 [INFO] ADCParametersView:116 -                Rank 3 : false
2025-07-28 12:53:29,621 [INFO] ADCParametersView:116 -                Rank 2 : false
2025-07-28 12:53:29,621 [INFO] ADCParametersView:116 -                Rank 3 : false
2025-07-28 12:53:29,621 [INFO] ADCParametersView:116 -                Rank 3 : false
2025-07-28 12:53:29,641 [INFO] ADCParametersView:116 -                Rank 1 : true
2025-07-28 12:53:29,642 [INFO] ADCParametersView:116 -                Rank 1 : true
2025-07-28 12:53:29,642 [INFO] ADCParametersView:116 -                Rank 2 : false
2025-07-28 12:53:29,642 [INFO] ADCParametersView:116 -                Rank 1 : true
2025-07-28 12:53:29,642 [INFO] ADCParametersView:116 -                Rank 2 : false
2025-07-28 12:53:29,642 [INFO] ADCParametersView:116 -                Rank 3 : false
2025-07-28 12:53:29,751 [INFO] NvicIntPanel:101 - NVIC parent = com.st.microxplorer.plugins.ip.nvic.MultiNvicIntPanel[,0,0,0x0,invalid,layout=javax.swing.BoxLayout,alignmentX=0.0,alignmentY=0.0,border=,flags=9,maximumSize=,minimumSize=,preferredSize=]
2025-07-28 12:53:29,904 [INFO] NvicIntPanel:101 - NVIC parent = com.st.microxplorer.plugins.ip.nvic.MultiNvicIntPanel[,0,0,0x0,invalid,layout=javax.swing.BoxLayout,alignmentX=0.0,alignmentY=0.0,border=,flags=9,maximumSize=,minimumSize=,preferredSize=]
2025-07-28 12:53:29,953 [INFO] ADCParametersView:116 -                Rank 1 : true
2025-07-28 12:53:29,953 [INFO] ADCParametersView:116 -                Rank 2 : false
2025-07-28 12:53:29,953 [INFO] ADCParametersView:116 -                Rank 3 : false
2025-07-28 12:53:29,953 [INFO] ADCParametersView:116 -                Rank 1 : true
2025-07-28 12:53:29,953 [INFO] ADCParametersView:116 -                Rank 2 : false
2025-07-28 12:53:29,953 [INFO] ADCParametersView:116 -                Rank 3 : false
2025-07-28 12:53:29,954 [INFO] ADCParametersView:116 -                Rank 1 : true
2025-07-28 12:53:29,954 [INFO] ADCParametersView:116 -                Rank 2 : false
2025-07-28 12:53:29,954 [INFO] ADCParametersView:116 -                Rank 3 : false
2025-07-28 12:53:29,954 [INFO] ADCParametersView:116 -                Rank 1 : true
2025-07-28 12:53:29,954 [INFO] ADCParametersView:116 -                Rank 2 : false
2025-07-28 12:53:29,954 [INFO] ADCParametersView:116 -                Rank 3 : false
2025-07-28 12:53:29,954 [INFO] ADCParametersView:116 -                Rank 1 : true
2025-07-28 12:53:29,954 [INFO] ADCParametersView:116 -                Rank 2 : false
2025-07-28 12:53:29,954 [INFO] ADCParametersView:116 -                Rank 3 : false
2025-07-28 12:53:29,955 [INFO] ADCParametersView:116 -                Rank 1 : true
2025-07-28 12:53:29,955 [INFO] ADCParametersView:116 -                Rank 2 : false
2025-07-28 12:53:29,955 [INFO] ADCParametersView:116 -                Rank 3 : false
2025-07-28 12:53:29,955 [INFO] ADCParametersView:116 -                Rank 1 : true
2025-07-28 12:53:29,955 [INFO] ADCParametersView:116 -                Rank 2 : false
2025-07-28 12:53:29,955 [INFO] ADCParametersView:116 -                Rank 3 : false
2025-07-28 12:53:29,955 [INFO] ADCParametersView:116 -                Rank 1 : true
2025-07-28 12:53:29,955 [INFO] ADCParametersView:116 -                Rank 2 : false
2025-07-28 12:53:29,955 [INFO] ADCParametersView:116 -                Rank 3 : false
2025-07-28 12:53:29,955 [INFO] ADCParametersView:116 -                Rank 1 : true
2025-07-28 12:53:29,956 [INFO] ADCParametersView:116 -                Rank 2 : false
2025-07-28 12:53:29,956 [INFO] ADCParametersView:116 -                Rank 3 : false
2025-07-28 12:53:29,956 [INFO] ADCParametersView:116 -                Rank 1 : true
2025-07-28 12:53:29,956 [INFO] ADCParametersView:116 -                Rank 2 : false
2025-07-28 12:53:29,956 [INFO] ADCParametersView:116 -                Rank 3 : false
2025-07-28 12:53:29,956 [INFO] ADCParametersView:116 -                Rank 1 : true
2025-07-28 12:53:29,956 [INFO] ADCParametersView:116 -                Rank 2 : false
2025-07-28 12:53:29,956 [INFO] ADCParametersView:116 -                Rank 3 : false
2025-07-28 12:53:29,956 [INFO] ADCParametersView:116 -                Rank 1 : true
2025-07-28 12:53:29,956 [INFO] ADCParametersView:116 -                Rank 2 : false
2025-07-28 12:53:29,956 [INFO] ADCParametersView:116 -                Rank 3 : false
2025-07-28 12:53:29,957 [INFO] ADCParametersView:116 -                Rank 1 : true
2025-07-28 12:53:29,957 [INFO] ADCParametersView:116 -                Rank 2 : false
2025-07-28 12:53:29,957 [INFO] ADCParametersView:116 -                Rank 3 : false
2025-07-28 12:53:29,957 [INFO] ADCParametersView:116 -                Rank 1 : true
2025-07-28 12:53:29,957 [INFO] ADCParametersView:116 -                Rank 2 : false
2025-07-28 12:53:29,957 [INFO] ADCParametersView:116 -                Rank 3 : false
2025-07-28 12:53:29,957 [INFO] ADCParametersView:116 -                Rank 1 : true
2025-07-28 12:53:29,958 [INFO] ADCParametersView:116 -                Rank 2 : false
2025-07-28 12:53:29,958 [INFO] ADCParametersView:116 -                Rank 3 : false
2025-07-28 12:53:29,959 [INFO] ADCParametersView:116 -                Rank 1 : true
2025-07-28 12:53:29,959 [INFO] ADCParametersView:116 -                Rank 2 : false
2025-07-28 12:53:29,959 [INFO] ADCParametersView:116 -                Rank 3 : false
2025-07-28 12:53:29,959 [INFO] ADCParametersView:116 -                Rank 1 : true
2025-07-28 12:53:29,959 [INFO] ADCParametersView:116 -                Rank 2 : false
2025-07-28 12:53:29,959 [INFO] ADCParametersView:116 -                Rank 3 : false
2025-07-28 12:53:29,959 [INFO] ADCParametersView:116 -                Rank 1 : true
2025-07-28 12:53:29,960 [INFO] ADCParametersView:116 -                Rank 2 : false
2025-07-28 12:53:29,960 [INFO] ADCParametersView:116 -                Rank 3 : false
2025-07-28 12:53:29,960 [INFO] ADCParametersView:116 -                Rank 1 : true
2025-07-28 12:53:29,960 [INFO] ADCParametersView:116 -                Rank 2 : false
2025-07-28 12:53:29,960 [INFO] ADCParametersView:116 -                Rank 3 : false
2025-07-28 12:53:29,961 [INFO] ADCParametersView:116 -                Rank 1 : true
2025-07-28 12:53:29,961 [INFO] ADCParametersView:116 -                Rank 2 : false
2025-07-28 12:53:29,961 [INFO] ADCParametersView:116 -                Rank 3 : false
2025-07-28 12:53:29,961 [INFO] ADCParametersView:116 -                Rank 1 : true
2025-07-28 12:53:29,961 [INFO] ADCParametersView:116 -                Rank 2 : false
2025-07-28 12:53:29,961 [INFO] ADCParametersView:116 -                Rank 3 : false
2025-07-28 12:53:29,961 [INFO] ADCParametersView:116 -                Rank 1 : true
2025-07-28 12:53:29,961 [INFO] ADCParametersView:116 -                Rank 2 : false
2025-07-28 12:53:29,961 [INFO] ADCParametersView:116 -                Rank 3 : false
2025-07-28 12:53:29,961 [INFO] ADCParametersView:116 -                Rank 2 : false
2025-07-28 12:53:29,961 [INFO] ADCParametersView:116 -                Rank 3 : false
2025-07-28 12:53:29,961 [INFO] ADCParametersView:116 -                Rank 3 : false
2025-07-28 12:53:30,037 [INFO] NvicIntPanel:101 - NVIC parent = com.st.microxplorer.plugins.ip.nvic.MultiNvicIntPanel[,0,0,0x0,invalid,layout=javax.swing.BoxLayout,alignmentX=0.0,alignmentY=0.0,border=,flags=9,maximumSize=,minimumSize=,preferredSize=]
2025-07-28 12:53:30,126 [INFO] NvicIntPanel:101 - NVIC parent = com.st.microxplorer.plugins.ip.nvic.MultiNvicIntPanel[,0,0,0x0,invalid,layout=javax.swing.BoxLayout,alignmentX=0.0,alignmentY=0.0,border=,flags=9,maximumSize=,minimumSize=,preferredSize=]
2025-07-28 12:53:30,217 [INFO] NvicIntPanel:101 - NVIC parent = com.st.microxplorer.plugins.ip.nvic.MultiNvicIntPanel[,0,0,0x0,invalid,layout=javax.swing.BoxLayout,alignmentX=0.0,alignmentY=0.0,border=,flags=9,maximumSize=,minimumSize=,preferredSize=]
2025-07-28 12:53:30,255 [INFO] ADCParametersView:116 -                Rank 1 : true
2025-07-28 12:53:30,257 [INFO] ADCParametersView:116 -                Rank 1 : true
2025-07-28 12:53:30,257 [INFO] ADCParametersView:116 -                Rank 2 : false
2025-07-28 12:53:30,258 [INFO] ADCParametersView:116 -                Rank 1 : true
2025-07-28 12:53:30,259 [INFO] ADCParametersView:116 -                Rank 2 : false
2025-07-28 12:53:30,259 [INFO] ADCParametersView:116 -                Rank 3 : false
2025-07-28 12:53:36,196 [INFO] ParamManager:896 - [Generic UI] PropertyChangeEvent: TAB_STATUS_CHANGED , "dont care", "never mind"
2025-07-28 12:53:36,222 [INFO] NvicIntPanel:101 - NVIC parent = com.st.microxplorer.plugins.ip.nvic.MultiNvicIntPanel[,0,0,0x0,invalid,layout=javax.swing.BoxLayout,alignmentX=0.0,alignmentY=0.0,border=,flags=9,maximumSize=,minimumSize=,preferredSize=]
2025-07-28 12:53:36,266 [INFO] ADCParametersView:116 -                Rank 1 : true
2025-07-28 12:53:36,266 [INFO] ADCParametersView:116 -                Rank 2 : false
2025-07-28 12:53:36,266 [INFO] ADCParametersView:116 -                Rank 3 : false
2025-07-28 12:53:36,269 [INFO] ADCParametersView:116 -                Rank 1 : true
2025-07-28 12:53:36,269 [INFO] ADCParametersView:116 -                Rank 2 : false
2025-07-28 12:53:36,269 [INFO] ADCParametersView:116 -                Rank 3 : false
2025-07-28 12:53:36,269 [INFO] ADCParametersView:116 -                Rank 1 : true
2025-07-28 12:53:36,269 [INFO] ADCParametersView:116 -                Rank 2 : false
2025-07-28 12:53:36,269 [INFO] ADCParametersView:116 -                Rank 3 : false
2025-07-28 12:53:36,269 [INFO] ADCParametersView:116 -                Rank 1 : true
2025-07-28 12:53:36,269 [INFO] ADCParametersView:116 -                Rank 2 : false
2025-07-28 12:53:36,269 [INFO] ADCParametersView:116 -                Rank 3 : false
2025-07-28 12:53:36,269 [INFO] ADCParametersView:116 -                Rank 1 : true
2025-07-28 12:53:36,269 [INFO] ADCParametersView:116 -                Rank 2 : false
2025-07-28 12:53:36,270 [INFO] ADCParametersView:116 -                Rank 3 : false
2025-07-28 12:53:36,270 [INFO] ADCParametersView:116 -                Rank 1 : true
2025-07-28 12:53:36,270 [INFO] ADCParametersView:116 -                Rank 2 : false
2025-07-28 12:53:36,270 [INFO] ADCParametersView:116 -                Rank 3 : false
2025-07-28 12:53:36,270 [INFO] ADCParametersView:116 -                Rank 1 : true
2025-07-28 12:53:36,270 [INFO] ADCParametersView:116 -                Rank 2 : false
2025-07-28 12:53:36,270 [INFO] ADCParametersView:116 -                Rank 3 : false
2025-07-28 12:53:36,270 [INFO] ADCParametersView:116 -                Rank 1 : true
2025-07-28 12:53:36,270 [INFO] ADCParametersView:116 -                Rank 2 : false
2025-07-28 12:53:36,270 [INFO] ADCParametersView:116 -                Rank 3 : false
2025-07-28 12:53:36,270 [INFO] ADCParametersView:116 -                Rank 1 : true
2025-07-28 12:53:36,270 [INFO] ADCParametersView:116 -                Rank 2 : false
2025-07-28 12:53:36,270 [INFO] ADCParametersView:116 -                Rank 3 : false
2025-07-28 12:53:36,271 [INFO] ADCParametersView:116 -                Rank 1 : true
2025-07-28 12:53:36,271 [INFO] ADCParametersView:116 -                Rank 2 : false
2025-07-28 12:53:36,271 [INFO] ADCParametersView:116 -                Rank 3 : false
2025-07-28 12:53:36,271 [INFO] ADCParametersView:116 -                Rank 1 : true
2025-07-28 12:53:36,271 [INFO] ADCParametersView:116 -                Rank 2 : false
2025-07-28 12:53:36,271 [INFO] ADCParametersView:116 -                Rank 3 : false
2025-07-28 12:53:36,271 [INFO] ADCParametersView:116 -                Rank 1 : true
2025-07-28 12:53:36,271 [INFO] ADCParametersView:116 -                Rank 2 : false
2025-07-28 12:53:36,271 [INFO] ADCParametersView:116 -                Rank 3 : false
2025-07-28 12:53:36,271 [INFO] ADCParametersView:116 -                Rank 1 : true
2025-07-28 12:53:36,271 [INFO] ADCParametersView:116 -                Rank 2 : false
2025-07-28 12:53:36,271 [INFO] ADCParametersView:116 -                Rank 3 : false
2025-07-28 12:53:36,271 [INFO] ADCParametersView:116 -                Rank 1 : true
2025-07-28 12:53:36,271 [INFO] ADCParametersView:116 -                Rank 2 : false
2025-07-28 12:53:36,271 [INFO] ADCParametersView:116 -                Rank 3 : false
2025-07-28 12:53:36,271 [INFO] ADCParametersView:116 -                Rank 1 : true
2025-07-28 12:53:36,272 [INFO] ADCParametersView:116 -                Rank 2 : false
2025-07-28 12:53:36,272 [INFO] ADCParametersView:116 -                Rank 3 : false
2025-07-28 12:53:36,272 [INFO] ADCParametersView:116 -                Rank 1 : true
2025-07-28 12:53:36,272 [INFO] ADCParametersView:116 -                Rank 2 : false
2025-07-28 12:53:36,272 [INFO] ADCParametersView:116 -                Rank 3 : false
2025-07-28 12:53:36,272 [INFO] ADCParametersView:116 -                Rank 1 : true
2025-07-28 12:53:36,272 [INFO] ADCParametersView:116 -                Rank 2 : false
2025-07-28 12:53:36,272 [INFO] ADCParametersView:116 -                Rank 3 : false
2025-07-28 12:53:36,272 [INFO] ADCParametersView:116 -                Rank 1 : true
2025-07-28 12:53:36,272 [INFO] ADCParametersView:116 -                Rank 2 : false
2025-07-28 12:53:36,272 [INFO] ADCParametersView:116 -                Rank 3 : false
2025-07-28 12:53:36,272 [INFO] ADCParametersView:116 -                Rank 1 : true
2025-07-28 12:53:36,272 [INFO] ADCParametersView:116 -                Rank 2 : false
2025-07-28 12:53:36,272 [INFO] ADCParametersView:116 -                Rank 3 : false
2025-07-28 12:53:36,272 [INFO] ADCParametersView:116 -                Rank 1 : true
2025-07-28 12:53:36,272 [INFO] ADCParametersView:116 -                Rank 2 : false
2025-07-28 12:53:36,272 [INFO] ADCParametersView:116 -                Rank 3 : false
2025-07-28 12:53:36,273 [INFO] ADCParametersView:116 -                Rank 1 : true
2025-07-28 12:53:36,273 [INFO] ADCParametersView:116 -                Rank 2 : false
2025-07-28 12:53:36,273 [INFO] ADCParametersView:116 -                Rank 3 : false
2025-07-28 12:53:36,273 [INFO] ADCParametersView:116 -                Rank 1 : true
2025-07-28 12:53:36,273 [INFO] ADCParametersView:116 -                Rank 2 : false
2025-07-28 12:53:36,273 [INFO] ADCParametersView:116 -                Rank 3 : false
2025-07-28 12:53:36,273 [INFO] ADCParametersView:116 -                Rank 2 : false
2025-07-28 12:53:36,273 [INFO] ADCParametersView:116 -                Rank 3 : false
2025-07-28 12:53:36,273 [INFO] ADCParametersView:116 -                Rank 3 : false
2025-07-28 12:53:36,348 [INFO] NvicIntPanel:101 - NVIC parent = com.st.microxplorer.plugins.ip.nvic.MultiNvicIntPanel[,0,0,0x0,invalid,layout=javax.swing.BoxLayout,alignmentX=0.0,alignmentY=0.0,border=,flags=9,maximumSize=,minimumSize=,preferredSize=]
2025-07-28 12:53:36,461 [INFO] NvicIntPanel:101 - NVIC parent = com.st.microxplorer.plugins.ip.nvic.MultiNvicIntPanel[,0,0,0x0,invalid,layout=javax.swing.BoxLayout,alignmentX=0.0,alignmentY=0.0,border=,flags=9,maximumSize=,minimumSize=,preferredSize=]
2025-07-28 12:53:36,557 [INFO] NvicIntPanel:101 - NVIC parent = com.st.microxplorer.plugins.ip.nvic.MultiNvicIntPanel[,0,0,0x0,invalid,layout=javax.swing.BoxLayout,alignmentX=0.0,alignmentY=0.0,border=,flags=9,maximumSize=,minimumSize=,preferredSize=]
2025-07-28 12:53:36,597 [INFO] ADCParametersView:116 -                Rank 1 : true
2025-07-28 12:53:36,597 [INFO] ADCParametersView:116 -                Rank 1 : true
2025-07-28 12:53:36,597 [INFO] ADCParametersView:116 -                Rank 2 : false
2025-07-28 12:53:36,597 [INFO] ADCParametersView:116 -                Rank 1 : true
2025-07-28 12:53:36,598 [INFO] ADCParametersView:116 -                Rank 2 : false
2025-07-28 12:53:36,598 [INFO] ADCParametersView:116 -                Rank 3 : false
2025-07-28 12:53:42,438 [INFO] NvicIntPanel:101 - NVIC parent = com.st.microxplorer.plugins.ip.nvic.MultiNvicIntPanel[,0,0,0x0,invalid,layout=javax.swing.BoxLayout,alignmentX=0.0,alignmentY=0.0,border=,flags=9,maximumSize=,minimumSize=,preferredSize=]
2025-07-28 12:53:42,483 [INFO] ADCParametersView:116 -                Rank 1 : true
2025-07-28 12:53:42,483 [INFO] ADCParametersView:116 -                Rank 2 : false
2025-07-28 12:53:42,483 [INFO] ADCParametersView:116 -                Rank 3 : false
2025-07-28 12:53:42,485 [INFO] ADCParametersView:116 -                Rank 1 : true
2025-07-28 12:53:42,486 [INFO] ADCParametersView:116 -                Rank 2 : false
2025-07-28 12:53:42,486 [INFO] ADCParametersView:116 -                Rank 3 : false
2025-07-28 12:53:42,486 [INFO] ADCParametersView:116 -                Rank 1 : true
2025-07-28 12:53:42,486 [INFO] ADCParametersView:116 -                Rank 2 : false
2025-07-28 12:53:42,486 [INFO] ADCParametersView:116 -                Rank 3 : false
2025-07-28 12:53:42,486 [INFO] ADCParametersView:116 -                Rank 1 : true
2025-07-28 12:53:42,486 [INFO] ADCParametersView:116 -                Rank 2 : false
2025-07-28 12:53:42,486 [INFO] ADCParametersView:116 -                Rank 3 : false
2025-07-28 12:53:42,486 [INFO] ADCParametersView:116 -                Rank 1 : true
2025-07-28 12:53:42,486 [INFO] ADCParametersView:116 -                Rank 2 : false
2025-07-28 12:53:42,486 [INFO] ADCParametersView:116 -                Rank 3 : false
2025-07-28 12:53:42,486 [INFO] ADCParametersView:116 -                Rank 1 : true
2025-07-28 12:53:42,487 [INFO] ADCParametersView:116 -                Rank 2 : false
2025-07-28 12:53:42,487 [INFO] ADCParametersView:116 -                Rank 3 : false
2025-07-28 12:53:42,487 [INFO] ADCParametersView:116 -                Rank 1 : true
2025-07-28 12:53:42,487 [INFO] ADCParametersView:116 -                Rank 2 : false
2025-07-28 12:53:42,487 [INFO] ADCParametersView:116 -                Rank 3 : false
2025-07-28 12:53:42,487 [INFO] ADCParametersView:116 -                Rank 1 : true
2025-07-28 12:53:42,487 [INFO] ADCParametersView:116 -                Rank 2 : false
2025-07-28 12:53:42,487 [INFO] ADCParametersView:116 -                Rank 3 : false
2025-07-28 12:53:42,487 [INFO] ADCParametersView:116 -                Rank 1 : true
2025-07-28 12:53:42,487 [INFO] ADCParametersView:116 -                Rank 2 : false
2025-07-28 12:53:42,487 [INFO] ADCParametersView:116 -                Rank 3 : false
2025-07-28 12:53:42,487 [INFO] ADCParametersView:116 -                Rank 1 : true
2025-07-28 12:53:42,487 [INFO] ADCParametersView:116 -                Rank 2 : false
2025-07-28 12:53:42,487 [INFO] ADCParametersView:116 -                Rank 3 : false
2025-07-28 12:53:42,488 [INFO] ADCParametersView:116 -                Rank 1 : true
2025-07-28 12:53:42,488 [INFO] ADCParametersView:116 -                Rank 2 : false
2025-07-28 12:53:42,488 [INFO] ADCParametersView:116 -                Rank 3 : false
2025-07-28 12:53:42,488 [INFO] ADCParametersView:116 -                Rank 1 : true
2025-07-28 12:53:42,488 [INFO] ADCParametersView:116 -                Rank 2 : false
2025-07-28 12:53:42,488 [INFO] ADCParametersView:116 -                Rank 3 : false
2025-07-28 12:53:42,488 [INFO] ADCParametersView:116 -                Rank 1 : true
2025-07-28 12:53:42,488 [INFO] ADCParametersView:116 -                Rank 2 : false
2025-07-28 12:53:42,488 [INFO] ADCParametersView:116 -                Rank 3 : false
2025-07-28 12:53:42,488 [INFO] ADCParametersView:116 -                Rank 1 : true
2025-07-28 12:53:42,488 [INFO] ADCParametersView:116 -                Rank 2 : false
2025-07-28 12:53:42,488 [INFO] ADCParametersView:116 -                Rank 3 : false
2025-07-28 12:53:42,488 [INFO] ADCParametersView:116 -                Rank 1 : true
2025-07-28 12:53:42,488 [INFO] ADCParametersView:116 -                Rank 2 : false
2025-07-28 12:53:42,488 [INFO] ADCParametersView:116 -                Rank 3 : false
2025-07-28 12:53:42,489 [INFO] ADCParametersView:116 -                Rank 1 : true
2025-07-28 12:53:42,489 [INFO] ADCParametersView:116 -                Rank 2 : false
2025-07-28 12:53:42,489 [INFO] ADCParametersView:116 -                Rank 3 : false
2025-07-28 12:53:42,489 [INFO] ADCParametersView:116 -                Rank 1 : true
2025-07-28 12:53:42,489 [INFO] ADCParametersView:116 -                Rank 2 : false
2025-07-28 12:53:42,489 [INFO] ADCParametersView:116 -                Rank 3 : false
2025-07-28 12:53:42,489 [INFO] ADCParametersView:116 -                Rank 1 : true
2025-07-28 12:53:42,489 [INFO] ADCParametersView:116 -                Rank 2 : false
2025-07-28 12:53:42,489 [INFO] ADCParametersView:116 -                Rank 3 : false
2025-07-28 12:53:42,489 [INFO] ADCParametersView:116 -                Rank 1 : true
2025-07-28 12:53:42,489 [INFO] ADCParametersView:116 -                Rank 2 : false
2025-07-28 12:53:42,489 [INFO] ADCParametersView:116 -                Rank 3 : false
2025-07-28 12:53:42,489 [INFO] ADCParametersView:116 -                Rank 1 : true
2025-07-28 12:53:42,489 [INFO] ADCParametersView:116 -                Rank 2 : false
2025-07-28 12:53:42,489 [INFO] ADCParametersView:116 -                Rank 3 : false
2025-07-28 12:53:42,489 [INFO] ADCParametersView:116 -                Rank 1 : true
2025-07-28 12:53:42,489 [INFO] ADCParametersView:116 -                Rank 2 : false
2025-07-28 12:53:42,489 [INFO] ADCParametersView:116 -                Rank 3 : false
2025-07-28 12:53:42,489 [INFO] ADCParametersView:116 -                Rank 1 : true
2025-07-28 12:53:42,491 [INFO] ADCParametersView:116 -                Rank 2 : false
2025-07-28 12:53:42,491 [INFO] ADCParametersView:116 -                Rank 3 : false
2025-07-28 12:53:42,491 [INFO] ADCParametersView:116 -                Rank 2 : false
2025-07-28 12:53:42,491 [INFO] ADCParametersView:116 -                Rank 3 : false
2025-07-28 12:53:42,491 [INFO] ADCParametersView:116 -                Rank 3 : false
2025-07-28 12:53:42,567 [INFO] NvicIntPanel:101 - NVIC parent = com.st.microxplorer.plugins.ip.nvic.MultiNvicIntPanel[,0,0,0x0,invalid,layout=javax.swing.BoxLayout,alignmentX=0.0,alignmentY=0.0,border=,flags=9,maximumSize=,minimumSize=,preferredSize=]
2025-07-28 12:53:42,662 [INFO] NvicIntPanel:101 - NVIC parent = com.st.microxplorer.plugins.ip.nvic.MultiNvicIntPanel[,0,0,0x0,invalid,layout=javax.swing.BoxLayout,alignmentX=0.0,alignmentY=0.0,border=,flags=9,maximumSize=,minimumSize=,preferredSize=]
2025-07-28 12:53:42,760 [INFO] NvicIntPanel:101 - NVIC parent = com.st.microxplorer.plugins.ip.nvic.MultiNvicIntPanel[,0,0,0x0,invalid,layout=javax.swing.BoxLayout,alignmentX=0.0,alignmentY=0.0,border=,flags=9,maximumSize=,minimumSize=,preferredSize=]
2025-07-28 12:53:42,796 [INFO] ADCParametersView:116 -                Rank 1 : true
2025-07-28 12:53:42,796 [INFO] ADCParametersView:116 -                Rank 1 : true
2025-07-28 12:53:42,796 [INFO] ADCParametersView:116 -                Rank 2 : false
2025-07-28 12:53:42,796 [INFO] ADCParametersView:116 -                Rank 1 : true
2025-07-28 12:53:42,796 [INFO] ADCParametersView:116 -                Rank 2 : false
2025-07-28 12:53:42,796 [INFO] ADCParametersView:116 -                Rank 3 : false
2025-07-28 12:53:43,918 [INFO] ADCParametersView:116 -                Rank 1 : true
2025-07-28 12:53:43,918 [INFO] ADCParametersView:116 -                Rank 2 : false
2025-07-28 12:53:43,918 [INFO] ADCParametersView:116 -                Rank 3 : true
2025-07-28 12:53:47,129 [INFO] SpinnerEditorADC:65 - is string kkkk
2025-07-28 12:53:52,668 [INFO] UtilMem:75 - End SaveConfig() Used Memory: 688770600 Bytes (1073741824)
2025-07-28 12:53:52,741 [INFO] UtilMem:75 - End SaveConfig() Used Memory: 697567872 Bytes (1073741824)
2025-07-28 12:53:53,403 [INFO] UtilMem:75 - End SaveConfig() Used Memory: 719587968 Bytes (1073741824)
2025-07-28 12:53:53,853 [INFO] BlockDiagram:2775 - set Specific Code input for plugin: NVIC
2025-07-28 12:53:53,853 [INFO] BlockDiagram:2775 - set Specific Code input for plugin: TIM1_8G0
2025-07-28 12:53:53,853 [INFO] BlockDiagram:2775 - set Specific Code input for plugin: SYS
2025-07-28 12:53:53,853 [INFO] BlockDiagram:2775 - set Specific Code input for plugin: GPIO
2025-07-28 12:53:53,853 [INFO] BlockDiagram:2775 - set Specific Code input for plugin: ADC
2025-07-28 12:53:53,853 [INFO] BlockDiagram:2775 - set Specific Code input for plugin: RCC
2025-07-28 12:53:53,855 [INFO] CodeGenerator:882 - code generatio: config db path: C:\ST\STM32CubeIDE_1.18.1\STM32CubeIDE\plugins\com.st.stm32cube.common.mx_6.14.1.202504091515\\db\
2025-07-28 12:53:54,028 [INFO] CodeEngine:263 - oldGeneratedFile, C:\Users\singh\STM32CubeIDE\workspace_1.18.1\test1\MXTmpFiles\license.tmp_save
2025-07-28 12:53:54,490 [INFO] CodeEngine:287 - Generated code: C:\Users\singh\STM32CubeIDE\workspace_1.18.1\test1\MXTmpFiles\license.tmp
2025-07-28 12:53:54,707 [INFO] CodeEngine:263 - oldGeneratedFile, C:\Users\singh\STM32CubeIDE\workspace_1.18.1\test1\MXTmpFiles\gpio.tmp_save
2025-07-28 12:53:54,868 [INFO] CodeEngine:287 - Generated code: C:\Users\singh\STM32CubeIDE\workspace_1.18.1\test1\MXTmpFiles\gpio.tmp
2025-07-28 12:53:55,419 [INFO] CodeEngine:263 - oldGeneratedFile, C:\Users\singh\STM32CubeIDE\workspace_1.18.1\test1\Core\Src\stm32g0xx_it.c_save
2025-07-28 12:53:55,575 [INFO] CodeEngine:287 - Generated code: C:\Users\singh\STM32CubeIDE\workspace_1.18.1\test1\Core\Src\stm32g0xx_it.c
2025-07-28 12:53:55,583 [INFO] CodeEngine:263 - oldGeneratedFile, C:\Users\singh\STM32CubeIDE\workspace_1.18.1\test1\Core\Inc\stm32g0xx_it.h_save
2025-07-28 12:53:55,675 [INFO] CodeEngine:287 - Generated code: C:\Users\singh\STM32CubeIDE\workspace_1.18.1\test1\Core\Inc\stm32g0xx_it.h
2025-07-28 12:53:55,692 [INFO] CodeEngine:263 - oldGeneratedFile, C:\Users\singh\STM32CubeIDE\workspace_1.18.1\test1\Core\Src\stm32g0xx_hal_msp.c_save
2025-07-28 12:53:55,840 [INFO] CodeEngine:287 - Generated code: C:\Users\singh\STM32CubeIDE\workspace_1.18.1\test1\Core\Src\stm32g0xx_hal_msp.c
2025-07-28 12:53:55,847 [INFO] CodeEngine:263 - oldGeneratedFile, C:\Users\singh\STM32CubeIDE\workspace_1.18.1\test1\MXTmpFiles\system.tmp_save
2025-07-28 12:53:55,921 [INFO] CodeEngine:287 - Generated code: C:\Users\singh\STM32CubeIDE\workspace_1.18.1\test1\MXTmpFiles\system.tmp
2025-07-28 12:53:55,936 [INFO] CodeEngine:319 - oldGeneratedFile, C:\Users\singh\STM32CubeIDE\workspace_1.18.1\test1\Core\Inc\stm32g0xx_hal_conf.h_save
2025-07-28 12:53:56,020 [INFO] CodeEngine:343 - Generated code: C:\Users\singh\STM32CubeIDE\workspace_1.18.1\test1\Core\Inc\stm32g0xx_hal_conf.h
2025-07-28 12:53:56,058 [INFO] ApiDbMcu:508 - Load IP Config File for ADC1
2025-07-28 12:53:56,079 [INFO] ApiDbMcu:508 - Load IP Config File for TIM3
2025-07-28 12:53:56,082 [INFO] ApiDbMcu:508 - Load IP Config File for RCC
2025-07-28 12:53:56,084 [WARN] IPConfigManager:3790 - IP not found : TIM
2025-07-28 12:53:56,085 [WARN] CodeGenerator:4198 - IP not found : null
2025-07-28 12:53:56,095 [INFO] CodeEngine:263 - oldGeneratedFile, C:\Users\singh\STM32CubeIDE\workspace_1.18.1\test1\Core\Inc\main.h_save
2025-07-28 12:53:56,203 [INFO] CodeEngine:287 - Generated code: C:\Users\singh\STM32CubeIDE\workspace_1.18.1\test1\Core\Inc\main.h
2025-07-28 12:53:56,212 [INFO] CodeEngine:263 - oldGeneratedFile, C:\Users\singh\STM32CubeIDE\workspace_1.18.1\test1\Core\Src\main.c_save
2025-07-28 12:53:56,424 [INFO] CodeEngine:287 - Generated code: C:\Users\singh\STM32CubeIDE\workspace_1.18.1\test1\Core\Src\main.c
2025-07-28 12:53:57,059 [INFO] ProjectBuilder:3324 - Time for Copy HAL[1] : 267mS.
2025-07-28 12:53:57,066 [INFO] ProjectBuilder:4912 - Project Generator version: 4.6.0.1-B1
2025-07-28 12:53:57,169 [INFO] ConfigFileManager:1590 - The Die is : DIE466
2025-07-28 12:53:57,176 [INFO] ApiDbMcu:508 - Load IP Config File for FATFS
2025-07-28 12:53:57,182 [INFO] ApiDbMcu:508 - Load IP Config File for FREERTOS
2025-07-28 12:53:57,685 [INFO] LogOutputStream:77 - [STDOUT_REDIRECT] 
2025-07-28 12:53:59,159 [INFO] ProjectBuilder:5191 - Time for Generating toolchain IDE Files: 2089mS.
2025-07-28 12:53:59,160 [INFO] ProjectBuilder:3181 - Time for Copy CMSIS : 1mS.
2025-07-28 12:53:59,163 [INFO] ProjectBuilder:3181 - Time for Copy CMSIS : 0mS.
2025-07-28 13:09:27,710 [INFO] NvicIntPanel:101 - NVIC parent = com.st.microxplorer.plugins.ip.nvic.MultiNvicIntPanel[,0,0,0x0,invalid,layout=javax.swing.BoxLayout,alignmentX=0.0,alignmentY=0.0,border=,flags=9,maximumSize=,minimumSize=,preferredSize=]
2025-07-28 13:09:27,769 [INFO] ADCParametersView:116 -                Rank 1 : true
2025-07-28 13:09:27,770 [INFO] ADCParametersView:116 -                Rank 2 : false
2025-07-28 13:09:27,770 [INFO] ADCParametersView:116 -                Rank 3 : true
2025-07-28 13:09:27,771 [INFO] ADCParametersView:116 -                Rank 1 : true
2025-07-28 13:09:27,771 [INFO] ADCParametersView:116 -                Rank 2 : false
2025-07-28 13:09:27,773 [INFO] ADCParametersView:116 -                Rank 3 : true
2025-07-28 13:09:27,773 [INFO] ADCParametersView:116 -                Rank 1 : true
2025-07-28 13:09:27,773 [INFO] ADCParametersView:116 -                Rank 2 : false
2025-07-28 13:09:27,773 [INFO] ADCParametersView:116 -                Rank 3 : true
2025-07-28 13:09:27,773 [INFO] ADCParametersView:116 -                Rank 1 : true
2025-07-28 13:09:27,773 [INFO] ADCParametersView:116 -                Rank 2 : false
2025-07-28 13:09:27,773 [INFO] ADCParametersView:116 -                Rank 3 : true
2025-07-28 13:09:27,773 [INFO] ADCParametersView:116 -                Rank 1 : true
2025-07-28 13:09:27,773 [INFO] ADCParametersView:116 -                Rank 2 : false
2025-07-28 13:09:27,773 [INFO] ADCParametersView:116 -                Rank 3 : true
2025-07-28 13:09:27,773 [INFO] ADCParametersView:116 -                Rank 1 : true
2025-07-28 13:09:27,773 [INFO] ADCParametersView:116 -                Rank 2 : false
2025-07-28 13:09:27,774 [INFO] ADCParametersView:116 -                Rank 3 : true
2025-07-28 13:09:27,774 [INFO] ADCParametersView:116 -                Rank 1 : true
2025-07-28 13:09:27,774 [INFO] ADCParametersView:116 -                Rank 2 : false
2025-07-28 13:09:27,774 [INFO] ADCParametersView:116 -                Rank 3 : true
2025-07-28 13:09:27,774 [INFO] ADCParametersView:116 -                Rank 1 : true
2025-07-28 13:09:27,774 [INFO] ADCParametersView:116 -                Rank 2 : false
2025-07-28 13:09:27,774 [INFO] ADCParametersView:116 -                Rank 3 : true
2025-07-28 13:09:27,774 [INFO] ADCParametersView:116 -                Rank 1 : true
2025-07-28 13:09:27,774 [INFO] ADCParametersView:116 -                Rank 2 : false
2025-07-28 13:09:27,775 [INFO] ADCParametersView:116 -                Rank 3 : true
2025-07-28 13:09:27,775 [INFO] ADCParametersView:116 -                Rank 1 : true
2025-07-28 13:09:27,775 [INFO] ADCParametersView:116 -                Rank 2 : false
2025-07-28 13:09:27,775 [INFO] ADCParametersView:116 -                Rank 3 : true
2025-07-28 13:09:27,775 [INFO] ADCParametersView:116 -                Rank 1 : true
2025-07-28 13:09:27,775 [INFO] ADCParametersView:116 -                Rank 2 : false
2025-07-28 13:09:27,775 [INFO] ADCParametersView:116 -                Rank 3 : true
2025-07-28 13:09:27,776 [INFO] ADCParametersView:116 -                Rank 1 : true
2025-07-28 13:09:27,776 [INFO] ADCParametersView:116 -                Rank 2 : false
2025-07-28 13:09:27,776 [INFO] ADCParametersView:116 -                Rank 3 : true
2025-07-28 13:09:27,776 [INFO] ADCParametersView:116 -                Rank 1 : true
2025-07-28 13:09:27,776 [INFO] ADCParametersView:116 -                Rank 2 : false
2025-07-28 13:09:27,776 [INFO] ADCParametersView:116 -                Rank 3 : true
2025-07-28 13:09:27,776 [INFO] ADCParametersView:116 -                Rank 1 : true
2025-07-28 13:09:27,776 [INFO] ADCParametersView:116 -                Rank 2 : false
2025-07-28 13:09:27,776 [INFO] ADCParametersView:116 -                Rank 3 : true
2025-07-28 13:09:27,776 [INFO] ADCParametersView:116 -                Rank 1 : true
2025-07-28 13:09:27,776 [INFO] ADCParametersView:116 -                Rank 2 : false
2025-07-28 13:09:27,776 [INFO] ADCParametersView:116 -                Rank 3 : true
2025-07-28 13:09:27,777 [INFO] ADCParametersView:116 -                Rank 1 : true
2025-07-28 13:09:27,777 [INFO] ADCParametersView:116 -                Rank 2 : false
2025-07-28 13:09:27,777 [INFO] ADCParametersView:116 -                Rank 3 : true
2025-07-28 13:09:27,777 [INFO] ADCParametersView:116 -                Rank 1 : true
2025-07-28 13:09:27,777 [INFO] ADCParametersView:116 -                Rank 2 : false
2025-07-28 13:09:27,777 [INFO] ADCParametersView:116 -                Rank 3 : true
2025-07-28 13:09:27,777 [INFO] ADCParametersView:116 -                Rank 1 : true
2025-07-28 13:09:27,777 [INFO] ADCParametersView:116 -                Rank 2 : false
2025-07-28 13:09:27,777 [INFO] ADCParametersView:116 -                Rank 3 : true
2025-07-28 13:09:27,778 [INFO] ADCParametersView:116 -                Rank 1 : true
2025-07-28 13:09:27,778 [INFO] ADCParametersView:116 -                Rank 2 : false
2025-07-28 13:09:27,778 [INFO] ADCParametersView:116 -                Rank 3 : true
2025-07-28 13:09:27,778 [INFO] ADCParametersView:116 -                Rank 1 : true
2025-07-28 13:09:27,778 [INFO] ADCParametersView:116 -                Rank 2 : false
2025-07-28 13:09:27,778 [INFO] ADCParametersView:116 -                Rank 3 : true
2025-07-28 13:09:27,779 [INFO] ADCParametersView:116 -                Rank 1 : true
2025-07-28 13:09:27,779 [INFO] ADCParametersView:116 -                Rank 2 : false
2025-07-28 13:09:27,779 [INFO] ADCParametersView:116 -                Rank 3 : true
2025-07-28 13:09:27,779 [INFO] ADCParametersView:116 -                Rank 1 : true
2025-07-28 13:09:27,779 [INFO] ADCParametersView:116 -                Rank 2 : false
2025-07-28 13:09:27,779 [INFO] ADCParametersView:116 -                Rank 3 : true
2025-07-28 13:09:27,779 [INFO] ADCParametersView:116 -                Rank 2 : false
2025-07-28 13:09:27,779 [INFO] ADCParametersView:116 -                Rank 3 : true
2025-07-28 13:09:27,779 [INFO] ADCParametersView:116 -                Rank 3 : true
2025-07-28 13:09:27,863 [INFO] NvicIntPanel:101 - NVIC parent = com.st.microxplorer.plugins.ip.nvic.MultiNvicIntPanel[,0,0,0x0,invalid,layout=javax.swing.BoxLayout,alignmentX=0.0,alignmentY=0.0,border=,flags=9,maximumSize=,minimumSize=,preferredSize=]
2025-07-28 13:09:27,973 [INFO] NvicIntPanel:101 - NVIC parent = com.st.microxplorer.plugins.ip.nvic.MultiNvicIntPanel[,0,0,0x0,invalid,layout=javax.swing.BoxLayout,alignmentX=0.0,alignmentY=0.0,border=,flags=9,maximumSize=,minimumSize=,preferredSize=]
2025-07-28 13:09:28,018 [INFO] ADCParametersView:116 -                Rank 1 : true
2025-07-28 13:09:28,018 [INFO] ADCParametersView:116 -                Rank 1 : true
2025-07-28 13:09:28,018 [INFO] ADCParametersView:116 -                Rank 2 : false
2025-07-28 13:09:32,646 [INFO] ADCParametersView:116 -                Rank 1 : false
2025-07-28 13:09:32,646 [INFO] ADCParametersView:116 -                Rank 2 : false
2025-07-28 13:09:36,737 [INFO] UtilMem:75 - End SaveConfig() Used Memory: 619481208 Bytes (1073741824)
2025-07-28 13:09:36,809 [INFO] UtilMem:75 - End SaveConfig() Used Memory: 627865736 Bytes (1073741824)
2025-07-28 13:09:37,392 [INFO] UtilMem:75 - End SaveConfig() Used Memory: 649121464 Bytes (1073741824)
2025-07-28 13:09:37,784 [INFO] BlockDiagram:2775 - set Specific Code input for plugin: NVIC
2025-07-28 13:09:37,785 [INFO] BlockDiagram:2775 - set Specific Code input for plugin: TIM1_8G0
2025-07-28 13:09:37,786 [INFO] BlockDiagram:2775 - set Specific Code input for plugin: SYS
2025-07-28 13:09:37,787 [INFO] BlockDiagram:2775 - set Specific Code input for plugin: GPIO
2025-07-28 13:09:37,787 [INFO] BlockDiagram:2775 - set Specific Code input for plugin: ADC
2025-07-28 13:09:37,787 [INFO] BlockDiagram:2775 - set Specific Code input for plugin: RCC
2025-07-28 13:09:37,788 [INFO] CodeGenerator:882 - code generatio: config db path: C:\ST\STM32CubeIDE_1.18.1\STM32CubeIDE\plugins\com.st.stm32cube.common.mx_6.14.1.202504091515\\db\
2025-07-28 13:09:37,898 [INFO] CodeEngine:263 - oldGeneratedFile, C:\Users\singh\STM32CubeIDE\workspace_1.18.1\test1\MXTmpFiles\license.tmp_save
2025-07-28 13:09:38,055 [INFO] CodeEngine:287 - Generated code: C:\Users\singh\STM32CubeIDE\workspace_1.18.1\test1\MXTmpFiles\license.tmp
2025-07-28 13:09:38,181 [INFO] CodeEngine:263 - oldGeneratedFile, C:\Users\singh\STM32CubeIDE\workspace_1.18.1\test1\MXTmpFiles\gpio.tmp_save
2025-07-28 13:09:38,274 [INFO] CodeEngine:287 - Generated code: C:\Users\singh\STM32CubeIDE\workspace_1.18.1\test1\MXTmpFiles\gpio.tmp
2025-07-28 13:09:38,616 [INFO] CodeEngine:263 - oldGeneratedFile, C:\Users\singh\STM32CubeIDE\workspace_1.18.1\test1\Core\Src\stm32g0xx_it.c_save
2025-07-28 13:09:38,847 [INFO] CodeEngine:287 - Generated code: C:\Users\singh\STM32CubeIDE\workspace_1.18.1\test1\Core\Src\stm32g0xx_it.c
2025-07-28 13:09:38,852 [INFO] CodeEngine:263 - oldGeneratedFile, C:\Users\singh\STM32CubeIDE\workspace_1.18.1\test1\Core\Inc\stm32g0xx_it.h_save
2025-07-28 13:09:38,919 [INFO] CodeEngine:287 - Generated code: C:\Users\singh\STM32CubeIDE\workspace_1.18.1\test1\Core\Inc\stm32g0xx_it.h
2025-07-28 13:09:38,933 [INFO] CodeEngine:263 - oldGeneratedFile, C:\Users\singh\STM32CubeIDE\workspace_1.18.1\test1\Core\Src\stm32g0xx_hal_msp.c_save
2025-07-28 13:09:39,050 [INFO] CodeEngine:287 - Generated code: C:\Users\singh\STM32CubeIDE\workspace_1.18.1\test1\Core\Src\stm32g0xx_hal_msp.c
2025-07-28 13:09:39,056 [INFO] CodeEngine:263 - oldGeneratedFile, C:\Users\singh\STM32CubeIDE\workspace_1.18.1\test1\MXTmpFiles\system.tmp_save
2025-07-28 13:09:39,115 [INFO] CodeEngine:287 - Generated code: C:\Users\singh\STM32CubeIDE\workspace_1.18.1\test1\MXTmpFiles\system.tmp
2025-07-28 13:09:39,125 [INFO] CodeEngine:319 - oldGeneratedFile, C:\Users\singh\STM32CubeIDE\workspace_1.18.1\test1\Core\Inc\stm32g0xx_hal_conf.h_save
2025-07-28 13:09:39,187 [INFO] CodeEngine:343 - Generated code: C:\Users\singh\STM32CubeIDE\workspace_1.18.1\test1\Core\Inc\stm32g0xx_hal_conf.h
2025-07-28 13:09:39,206 [WARN] IPConfigManager:3790 - IP not found : TIM
2025-07-28 13:09:39,206 [WARN] CodeGenerator:4198 - IP not found : null
2025-07-28 13:09:39,215 [INFO] CodeEngine:263 - oldGeneratedFile, C:\Users\singh\STM32CubeIDE\workspace_1.18.1\test1\Core\Inc\main.h_save
2025-07-28 13:09:39,300 [INFO] CodeEngine:287 - Generated code: C:\Users\singh\STM32CubeIDE\workspace_1.18.1\test1\Core\Inc\main.h
2025-07-28 13:09:39,306 [INFO] CodeEngine:263 - oldGeneratedFile, C:\Users\singh\STM32CubeIDE\workspace_1.18.1\test1\Core\Src\main.c_save
2025-07-28 13:09:39,419 [INFO] CodeEngine:287 - Generated code: C:\Users\singh\STM32CubeIDE\workspace_1.18.1\test1\Core\Src\main.c
2025-07-28 13:09:39,742 [INFO] ProjectBuilder:3324 - Time for Copy HAL[1] : 151mS.
2025-07-28 13:09:39,746 [INFO] ProjectBuilder:4912 - Project Generator version: 4.6.0.1-B1
2025-07-28 13:09:39,823 [INFO] ConfigFileManager:1590 - The Die is : DIE466
2025-07-28 13:09:40,989 [INFO] ProjectBuilder:5191 - Time for Generating toolchain IDE Files: 1242mS.
2025-07-28 13:09:40,990 [INFO] ProjectBuilder:3181 - Time for Copy CMSIS : 1mS.
2025-07-28 13:09:40,993 [INFO] ProjectBuilder:3181 - Time for Copy CMSIS : 0mS.
2025-07-28 13:22:50,509 [INFO] MainUpdater:2872 - connection check result : 10
2025-07-28 13:22:50,509 [INFO] MainUpdater:2872 - connection check result : 10
2025-07-28 13:22:50,529 [INFO] MicroXplorer:468 - Change Database Path : 
2025-07-28 13:22:50,529 [INFO] MicroXplorer:498 - Change Database Version : DB.6.0.141
2025-07-28 13:22:50,577 [ERROR] ProjectManagerView:395 - 
java.lang.NullPointerException: Cannot invoke "javax.swing.JTextField.getText()" because the return value of "java.util.List.get(int)" is null
	at com.st.microxplorer.plugins.projectmanager.gui.ProjectChoiceTab$9.caretUpdate(ProjectChoiceTab.java:2678) ~[filemanager.jar:?]
	at javax.swing.text.JTextComponent.fireCaretUpdate(JTextComponent.java:408) ~[?:?]
	at javax.swing.text.JTextComponent$MutableCaretEvent.fire(JTextComponent.java:4484) ~[?:?]
	at javax.swing.text.JTextComponent$MutableCaretEvent.stateChanged(JTextComponent.java:4506) ~[?:?]
	at javax.swing.text.DefaultCaret.fireStateChanged(DefaultCaret.java:857) ~[?:?]
	at javax.swing.text.DefaultCaret.changeCaretPosition(DefaultCaret.java:1343) ~[?:?]
	at javax.swing.text.DefaultCaret.handleSetDot(DefaultCaret.java:1242) ~[?:?]
	at javax.swing.text.DefaultCaret.setDot(DefaultCaret.java:1223) ~[?:?]
	at javax.swing.text.DefaultCaret$Handler.insertUpdate(DefaultCaret.java:1819) ~[?:?]
	at javax.swing.text.AbstractDocument.fireInsertUpdate(AbstractDocument.java:227) ~[?:?]
	at javax.swing.text.AbstractDocument.handleInsertString(AbstractDocument.java:781) ~[?:?]
	at javax.swing.text.AbstractDocument.insertString(AbstractDocument.java:740) ~[?:?]
	at javax.swing.text.PlainDocument.insertString(PlainDocument.java:131) ~[?:?]
	at javax.swing.text.AbstractDocument.replace(AbstractDocument.java:699) ~[?:?]
	at javax.swing.text.JTextComponent.setText(JTextComponent.java:1725) ~[?:?]
	at com.st.microxplorer.plugins.projectmanager.gui.ProjectChoiceTab.createHeapStackFields(ProjectChoiceTab.java:979) ~[filemanager.jar:?]
	at com.st.microxplorer.plugins.projectmanager.gui.ProjectChoiceTab.buildLinkSettingsPanel(ProjectChoiceTab.java:3766) ~[filemanager.jar:?]
	at com.st.microxplorer.plugins.projectmanager.gui.ProjectChoiceTab.defineWindowsFields(ProjectChoiceTab.java:1962) ~[filemanager.jar:?]
	at com.st.microxplorer.plugins.projectmanager.gui.ProjectChoiceTab.updateSettings(ProjectChoiceTab.java:555) ~[filemanager.jar:?]
	at com.st.microxplorer.plugins.projectmanager.gui.ProjectSettingsPanel.UpdateDialog(ProjectSettingsPanel.java:245) ~[filemanager.jar:?]
	at com.st.microxplorer.plugins.projectmanager.ProjectManagerView.propertyChange(ProjectManagerView.java:392) ~[filemanager.jar:?]
	at java.beans.PropertyChangeSupport.fire(PropertyChangeSupport.java:343) ~[?:?]
	at java.beans.PropertyChangeSupport.firePropertyChange(PropertyChangeSupport.java:335) ~[?:?]
	at java.beans.PropertyChangeSupport.firePropertyChange(PropertyChangeSupport.java:268) ~[?:?]
	at com.st.microxplorer.util.MXPropertyChangeSupport.firePropertyChange(MXPropertyChangeSupport.java:54) ~[STM32CubeMX.jar:?]
	at com.st.microxplorer.mxsystem.MxSystem.closeConfig(MxSystem.java:899) ~[STM32CubeMX.jar:?]
	at com.st.microxplorer.maingui.MainPanel.closeConfig(MainPanel.java:789) ~[STM32CubeMX.jar:?]
	at com.st.microxplorer.plugins.filemanager.engine.OpenFileManager.loadConfigurationFile(OpenFileManager.java:287) ~[filemanager.jar:?]
	at com.st.microxplorer.plugins.filemanager.engine.MainFileManager.userLoadConfig(MainFileManager.java:341) ~[filemanager.jar:?]
	at com.st.microxplorer.plugins.filemanager.engine.MainFileManager.userLoadConfig(MainFileManager.java:319) ~[filemanager.jar:?]
	at com.st.microxplorer.plugins.filemanager.FileManagerView.getSpecificTask(FileManagerView.java:246) ~[filemanager.jar:?]
	at com.st.stm32cube.common.mx.editor.CubeMxEditor.getMxTabbedPaneInstance(CubeMxEditor.java:1198) ~[com.st.stm32cube.common.mx_6.14.1.202504091515/:?]
	at com.st.stm32cube.common.mx.editor.CubeMxEditor$12$1.createSwingComponent(CubeMxEditor.java:1068) ~[com.st.stm32cube.common.mx_6.14.1.202504091515/:?]
	at com.st.stm32cube.common.mx.oss.core.awtswtbridge.EmbeddedSwingComposite.doComponentCreation(EmbeddedSwingComposite.java:492) ~[com.st.stm32cube.common.mx.oss_6.14.1.202504091515/:?]
	at com.st.stm32cube.common.mx.oss.core.awtswtbridge.EmbeddedSwingComposite$4.run(EmbeddedSwingComposite.java:291) ~[com.st.stm32cube.common.mx.oss_6.14.1.202504091515/:?]
	at com.st.stm32cube.common.mx.oss.core.awtswtbridge.AwtEnvironment$2.run(AwtEnvironment.java:166) ~[com.st.stm32cube.common.mx.oss_6.14.1.202504091515/:?]
	at java.awt.event.InvocationEvent.dispatch(InvocationEvent.java:318) ~[?:?]
	at java.awt.EventQueue.dispatchEventImpl(EventQueue.java:773) ~[?:?]
	at java.awt.EventQueue$4.run(EventQueue.java:720) ~[?:?]
	at java.awt.EventQueue$4.run(EventQueue.java:714) ~[?:?]
	at java.security.AccessController.doPrivileged(AccessController.java:400) ~[?:?]
	at java.security.ProtectionDomain$JavaSecurityAccessImpl.doIntersectionPrivilege(ProtectionDomain.java:87) ~[?:?]
	at java.awt.EventQueue.dispatchEvent(EventQueue.java:742) ~[?:?]
	at java.awt.EventDispatchThread.pumpOneEventForFilters(EventDispatchThread.java:203) ~[?:?]
	at java.awt.EventDispatchThread.pumpEventsForFilter(EventDispatchThread.java:124) ~[?:?]
	at java.awt.EventDispatchThread.pumpEventsForHierarchy(EventDispatchThread.java:113) ~[?:?]
	at java.awt.EventDispatchThread.pumpEvents(EventDispatchThread.java:109) ~[?:?]
	at java.awt.EventDispatchThread.pumpEvents(EventDispatchThread.java:101) ~[?:?]
	at java.awt.EventDispatchThread.run(EventDispatchThread.java:90) ~[?:?]
2025-07-28 13:22:50,599 [WARN] ThirdParty:871 - waiting for thirdparty lock release [close project]
2025-07-28 13:22:50,599 [INFO] ThirdParty:873 - entering critical section [close project]
2025-07-28 13:22:50,599 [INFO] ThirdParty:883 - exiting critical section [close project]
2025-07-28 13:22:50,602 [INFO] PinOutPanel:1589 - setPackage(No Configuration,No Configuration)
2025-07-28 13:22:50,620 [INFO] UtilMem:75 - Begin LoadConfig() Used Memory: 986514040 Bytes (1073741824)
2025-07-28 13:22:50,621 [INFO] MicroXplorer:468 - Change Database Path : 
2025-07-28 13:22:50,621 [INFO] MicroXplorer:498 - Change Database Version : DB.6.0.141
2025-07-28 13:22:50,621 [INFO] OpenFileManager:354 - Change cursor
2025-07-28 13:22:50,681 [INFO] RulesReader:64 - Compatibility file has been processed (302 Rules)
2025-07-28 13:22:50,692 [INFO] Mcu:2011 - Initializing MCU STM32G030K(6-8)Tx STM32G030K6Tx STM32G030K6T6
2025-07-28 13:22:51,778 [INFO] Context:756 - Trying to add GPIOservice into a context  which must be forbidden
2025-07-28 13:22:52,241 [INFO] ImportTextPane:218 - (OptionalMessage_ERROR) Pin24 (VP_RIF_VS_RIF1) cannot be retrieved for this MCU
2025-07-28 13:22:52,404 [INFO] RtosManager:558 - Registered RTOS mode: class=CMSIS, group=RTOS, mode=CMSIS_V1, owner=FREERTOS
2025-07-28 13:22:52,404 [INFO] RtosManager:558 - Registered RTOS mode: class=CMSIS, group=RTOS2, mode=CMSIS_V2, owner=FREERTOS
2025-07-28 13:22:52,404 [INFO] RtosManager:558 - Registered RTOS mode: class=RTOS, group=Core, mode=CMSIS_V1, owner=FREERTOS
2025-07-28 13:22:52,404 [INFO] RtosManager:558 - Registered RTOS mode: class=RTOS, group=Core, mode=CMSIS_V2, owner=FREERTOS
2025-07-28 13:22:52,404 [WARN] ModelIntegratedComponent:184 - Missing modes for component STMicroelectronics:FreeRTOS:0.0.1:STMicroelectronics:RTOS:FreeRTOS:Core:::10.2.0:
2025-07-28 13:22:52,417 [WARN] ModelIntegratedComponent:63 - No mode defined for component null
2025-07-28 13:22:52,418 [WARN] ModelIntegratedComponent:63 - No mode defined for component null
2025-07-28 13:22:52,418 [WARN] ModelIntegratedComponent:63 - No mode defined for component null
2025-07-28 13:22:52,418 [WARN] ModelIntegratedComponent:63 - No mode defined for component null
2025-07-28 13:22:52,418 [WARN] ModelIntegratedComponent:63 - No mode defined for component null
2025-07-28 13:22:52,418 [WARN] ModelIntegratedComponent:63 - No mode defined for component null
2025-07-28 13:22:52,418 [WARN] ModelIntegratedComponent:63 - No mode defined for component null
2025-07-28 13:22:52,418 [WARN] ModelIntegratedComponent:63 - No mode defined for component null
2025-07-28 13:22:52,418 [WARN] ModelIntegratedComponent:63 - No mode defined for component null
2025-07-28 13:22:52,418 [WARN] ModelIntegratedComponent:63 - No mode defined for component null
2025-07-28 13:22:52,418 [WARN] ModelIntegratedComponent:63 - No mode defined for component null
2025-07-28 13:22:52,418 [WARN] ModelIntegratedComponent:63 - No mode defined for component null
2025-07-28 13:22:52,418 [WARN] ModelIntegratedComponent:63 - No mode defined for component null
2025-07-28 13:22:52,418 [WARN] ModelIntegratedComponent:63 - No mode defined for component null
2025-07-28 13:22:52,418 [WARN] ModelIntegratedComponent:63 - No mode defined for component null
2025-07-28 13:22:52,418 [WARN] ModelIntegratedComponent:63 - No mode defined for component null
2025-07-28 13:22:52,420 [WARN] ModelIntegratedComponent:63 - No mode defined for component null
2025-07-28 13:22:52,420 [WARN] ModelIntegratedComponent:63 - No mode defined for component null
2025-07-28 13:22:52,420 [WARN] ModelIntegratedComponent:63 - No mode defined for component null
2025-07-28 13:22:52,420 [WARN] ModelIntegratedComponent:63 - No mode defined for component null
2025-07-28 13:22:52,420 [WARN] ModelIntegratedComponent:63 - No mode defined for component null
2025-07-28 13:22:52,420 [WARN] ModelIntegratedComponent:63 - No mode defined for component null
2025-07-28 13:22:52,420 [WARN] ModelIntegratedComponent:63 - No mode defined for component null
2025-07-28 13:22:52,420 [WARN] ModelIntegratedComponent:63 - No mode defined for component null
2025-07-28 13:22:52,420 [WARN] ModelIntegratedComponent:63 - No mode defined for component null
2025-07-28 13:22:52,420 [WARN] ModelIntegratedComponent:63 - No mode defined for component null
2025-07-28 13:22:52,420 [WARN] ModelIntegratedComponent:63 - No mode defined for component null
2025-07-28 13:22:52,420 [WARN] ModelIntegratedComponent:63 - No mode defined for component null
2025-07-28 13:22:52,420 [WARN] ModelIntegratedComponent:63 - No mode defined for component null
2025-07-28 13:22:52,420 [WARN] ModelIntegratedComponent:63 - No mode defined for component null
2025-07-28 13:22:52,420 [WARN] ModelIntegratedComponent:63 - No mode defined for component null
2025-07-28 13:22:52,420 [WARN] ModelIntegratedComponent:63 - No mode defined for component null
2025-07-28 13:22:52,420 [WARN] ModelIntegratedComponent:63 - No mode defined for component null
2025-07-28 13:22:52,420 [WARN] ModelIntegratedComponent:63 - No mode defined for component null
2025-07-28 13:22:52,420 [WARN] ModelIntegratedComponent:63 - No mode defined for component null
2025-07-28 13:22:52,421 [WARN] ModelPack:524 - Component already loaded: STMicroelectronics:HAL Drivers:0.0.0:STMicroelectronics:Device:STMicro_Driver:XSPI:HAL::0.0.1:HAL_XSPI
2025-07-28 13:22:52,511 [INFO] ThirdPartyModel:298 - Start build external matchings
2025-07-28 13:22:53,277 [INFO] ThirdPartyModel:316 - End build external matchings
2025-07-28 13:22:53,470 [INFO] UtilMem:75 - End LoadConfig() Used Memory: 886384568 Bytes (1073741824)
2025-07-28 13:22:53,518 [WARN] ThirdParty:833 - waiting for thirdparty lock release [change project]
2025-07-28 13:22:53,519 [INFO] ThirdParty:835 - entering critical section [change project]
2025-07-28 13:22:53,519 [INFO] ThirdParty:1030 - CMSIS Pack Vendor :STMicroelectronics X-CUBE-PM33A1 1.0.0
2025-07-28 13:22:53,519 [INFO] ThirdParty:1030 - CMSIS Pack Vendor :STMicroelectronics USBPD 4.1
2025-07-28 13:22:53,519 [INFO] ThirdParty:1030 - CMSIS Pack Vendor :STMicroelectronics X-CUBE-AZRTOS-H7 3.3.0
2025-07-28 13:22:53,519 [INFO] ThirdParty:1030 - CMSIS Pack Vendor :STMicroelectronics X-CUBE-NFC9 1.0.0
2025-07-28 13:22:53,519 [INFO] ThirdParty:1030 - CMSIS Pack Vendor :STMicroelectronics USB_HOST 2.0.0
2025-07-28 13:22:53,519 [INFO] ThirdParty:1030 - CMSIS Pack Vendor :STMicroelectronics FP-SNS-MOTENVWB1 1.4.0
2025-07-28 13:22:53,519 [INFO] ThirdParty:1030 - CMSIS Pack Vendor :STMicroelectronics X-CUBE-AZRTOS-F4 1.1.0
2025-07-28 13:22:53,519 [INFO] ThirdParty:1030 - CMSIS Pack Vendor :STMicroelectronics LIBJPEG 8.0.0
2025-07-28 13:22:53,519 [INFO] ThirdParty:1030 - CMSIS Pack Vendor :STMicroelectronics FP-ATR-ASTRA1 2.0.2
2025-07-28 13:22:53,519 [INFO] ThirdParty:1030 - CMSIS Pack Vendor :STMicroelectronics X-CUBE-BLE1 7.1.0
2025-07-28 13:22:53,519 [INFO] ThirdParty:1030 - CMSIS Pack Vendor :Avnet-IotConnect X-CUBE-IoTC-DA16k-PMOD 1.0.0
2025-07-28 13:22:53,519 [INFO] ThirdParty:1030 - CMSIS Pack Vendor :STMicroelectronics X-CUBE-SMBUS 2.1.0
2025-07-28 13:22:53,519 [INFO] ThirdParty:1030 - CMSIS Pack Vendor :wolfSSL I-CUBE-wolfMQTT 1.19.2
2025-07-28 13:22:53,520 [INFO] ThirdParty:1030 - CMSIS Pack Vendor :STMicroelectronics USB_DEVICE 3.0.0
2025-07-28 13:22:53,520 [INFO] ThirdParty:1030 - CMSIS Pack Vendor :STMicroelectronics X-CUBE-ISPU 2.1.0
2025-07-28 13:22:53,520 [INFO] ThirdParty:1030 - CMSIS Pack Vendor :STMicroelectronics X-CUBE-EEPRMA1 5.2.0
2025-07-28 13:22:53,520 [INFO] ThirdParty:1030 - CMSIS Pack Vendor :STMicroelectronics X-CUBE-BLEMGR 4.1.0
2025-07-28 13:22:53,520 [INFO] ThirdParty:1030 - CMSIS Pack Vendor :STMicroelectronics X-CUBE-AZRTOS-WB 2.0.0
2025-07-28 13:22:53,520 [INFO] ThirdParty:1030 - CMSIS Pack Vendor :STMicroelectronics X-CUBE-ST60 1.0.0
2025-07-28 13:22:53,520 [INFO] ThirdParty:1030 - CMSIS Pack Vendor :STMicroelectronics X-CUBE-GNSS1 7.0.1
2025-07-28 13:22:53,520 [INFO] ThirdParty:1030 - CMSIS Pack Vendor :STMicroelectronics X-CUBE-NFC12 1.0.0
2025-07-28 13:22:53,520 [INFO] ThirdParty:1030 - CMSIS Pack Vendor :STMicroelectronics X-CUBE-AZRTOS-F7 1.1.0
2025-07-28 13:22:53,520 [INFO] ThirdParty:1030 - CMSIS Pack Vendor :STMicroelectronics X-CUBE-AZRTOS-L5 2.0.0
2025-07-28 13:22:53,520 [INFO] ThirdParty:1030 - CMSIS Pack Vendor :STMicroelectronics X-CUBE-TOUCHGFX 4.25.0
2025-07-28 13:22:53,520 [INFO] ThirdParty:1030 - CMSIS Pack Vendor :STMicroelectronics USB_DEVICE 2.0.0
2025-07-28 13:22:53,520 [INFO] ThirdParty:1030 - CMSIS Pack Vendor :STMicroelectronics X-CUBE-NFC6 3.1.0
2025-07-28 13:22:53,520 [INFO] ThirdParty:1030 - CMSIS Pack Vendor :STMicroelectronics X-CUBE-AI 10.1.0
2025-07-28 13:22:53,520 [INFO] ThirdParty:1030 - CMSIS Pack Vendor :STMicroelectronics FP-SNS-STBOX1 2.0.0
2025-07-28 13:22:53,520 [INFO] ThirdParty:1030 - CMSIS Pack Vendor :STMicroelectronics X-CUBE-MEMS1 11.2.0
2025-07-28 13:22:53,520 [INFO] ThirdParty:1030 - CMSIS Pack Vendor :STMicroelectronics FreeRTOS 0.0.1
2025-07-28 13:22:53,520 [INFO] ThirdParty:1030 - CMSIS Pack Vendor :STMicroelectronics X-CUBE-AZRTOS-G0 1.1.0
2025-07-28 13:22:53,520 [INFO] ThirdParty:1030 - CMSIS Pack Vendor :STMicroelectronics X-CUBE-SAFEA1 1.2.2
2025-07-28 13:22:53,520 [INFO] ThirdParty:1030 - CMSIS Pack Vendor :STMicroelectronics X-CUBE-NFC4 3.0.0
2025-07-28 13:22:53,520 [INFO] ThirdParty:1030 - CMSIS Pack Vendor :STMicroelectronics X-CUBE-SUBG2 5.0.0
2025-07-28 13:22:53,520 [INFO] ThirdParty:1030 - CMSIS Pack Vendor :STMicroelectronics X-CUBE-AZRTOS-H7RS 1.1.0
2025-07-28 13:22:53,520 [INFO] ThirdParty:1030 - CMSIS Pack Vendor :STMicroelectronics STM32_WPAN 1.0.0
2025-07-28 13:22:53,520 [INFO] ThirdParty:1030 - CMSIS Pack Vendor :EmbeddedOffice I-CUBE-FS-RTOS 1.0.1
2025-07-28 13:22:53,521 [INFO] ThirdParty:1030 - CMSIS Pack Vendor :STMicroelectronics lwIP 2.0.3
2025-07-28 13:22:53,521 [INFO] ThirdParty:1030 - CMSIS Pack Vendor :Cesanta I-CUBE-Mongoose 7.13.0
2025-07-28 13:22:53,521 [INFO] ThirdParty:1030 - CMSIS Pack Vendor :STMicroelectronics USB_HOST 1.0.0
2025-07-28 13:22:53,521 [INFO] ThirdParty:1030 - CMSIS Pack Vendor :Infineon AIROC-Wi-Fi-Bluetooth-STM32 1.7.0
2025-07-28 13:22:53,521 [INFO] ThirdParty:1030 - CMSIS Pack Vendor :STMicroelectronics X-CUBE-AZRTOS-G4 2.0.0
2025-07-28 13:22:53,521 [INFO] ThirdParty:1030 - CMSIS Pack Vendor :STMicroelectronics X-CUBE-WB05N 2.0.0
2025-07-28 13:22:53,521 [INFO] ThirdParty:1030 - CMSIS Pack Vendor :STMicroelectronics PDM2PCM 3.1.0
2025-07-28 13:22:53,521 [INFO] ThirdParty:1030 - CMSIS Pack Vendor :STMicroelectronics PDM2PCM 3.3.0
2025-07-28 13:22:53,521 [INFO] ThirdParty:1030 - CMSIS Pack Vendor :wolfSSL I-CUBE-wolfTPM 3.8.0
2025-07-28 13:22:53,521 [INFO] ThirdParty:1030 - CMSIS Pack Vendor :STMicroelectronics X-CUBE-AZRTOS-H7 3.4.0
2025-07-28 13:22:53,521 [INFO] ThirdParty:1030 - CMSIS Pack Vendor :STMicroelectronics X-CUBE-DISPLAY 3.0.0
2025-07-28 13:22:53,521 [INFO] ThirdParty:1030 - CMSIS Pack Vendor :wolfSSL I-CUBE-wolfSSH 1.4.20
2025-07-28 13:22:53,521 [INFO] ThirdParty:1030 - CMSIS Pack Vendor :STMicroelectronics X-CUBE-NFC7 2.0.0
2025-07-28 13:22:53,521 [INFO] ThirdParty:1030 - CMSIS Pack Vendor :STMicroelectronics X-CUBE-TCPP 4.2.0
2025-07-28 13:22:53,521 [INFO] ThirdParty:1030 - CMSIS Pack Vendor :RealThread X-CUBE-RT-Thread_Nano 4.1.1
2025-07-28 13:22:53,521 [INFO] ThirdParty:1030 - CMSIS Pack Vendor :STMicroelectronics FP-ATR-SIGFOX1 3.2.0
2025-07-28 13:22:53,521 [INFO] ThirdParty:1030 - CMSIS Pack Vendor :STMicroelectronics X-CUBE-NFC10 1.0.0
2025-07-28 13:22:53,521 [INFO] ThirdParty:1030 - CMSIS Pack Vendor :STMicroelectronics X-CUBE-BLEMGR 4.0.0
2025-07-28 13:22:53,521 [INFO] ThirdParty:1030 - CMSIS Pack Vendor :STMicroelectronics X-CUBE-EEPRMA1 5.1.0
2025-07-28 13:22:53,521 [INFO] ThirdParty:1030 - CMSIS Pack Vendor :STMicroelectronics X-CUBE-FREERTOS 1.3.1
2025-07-28 13:22:53,521 [INFO] ThirdParty:1030 - CMSIS Pack Vendor :STMicroelectronics HAL Drivers 0.0.0
2025-07-28 13:22:53,521 [INFO] ThirdParty:1030 - CMSIS Pack Vendor :STMicroelectronics MBEDTLS 2.16.2
2025-07-28 13:22:53,522 [INFO] ThirdParty:1030 - CMSIS Pack Vendor :STMicroelectronics X-CUBE-IPS 3.1.0
2025-07-28 13:22:53,522 [INFO] ThirdParty:1030 - CMSIS Pack Vendor :STMicroelectronics X-CUBE-ALS 1.0.2
2025-07-28 13:22:53,522 [INFO] ThirdParty:1030 - CMSIS Pack Vendor :emotas I-CUBE-CANOPEN 1.3.0
2025-07-28 13:22:53,522 [INFO] ThirdParty:1030 - CMSIS Pack Vendor :STMicroelectronics X-CUBE-FREERTOS 1.3.0
2025-07-28 13:22:53,522 [INFO] ThirdParty:1030 - CMSIS Pack Vendor :STMicroelectronics X-CUBE-NFC7 1.0.1
2025-07-28 13:22:53,522 [INFO] ThirdParty:1030 - CMSIS Pack Vendor :STMicroelectronics MBEDTLS 2.14.1
2025-07-28 13:22:53,522 [INFO] ThirdParty:1030 - CMSIS Pack Vendor :wolfSSL I-CUBE-wolfSSL 5.7.6
2025-07-28 13:22:53,522 [INFO] ThirdParty:1030 - CMSIS Pack Vendor :ITTIA_DB I-CUBE-ITTIADB 8.9.0
2025-07-28 13:22:53,522 [INFO] ThirdParty:1030 - CMSIS Pack Vendor :portGmbH I-Cube-SoM-uGOAL 1.1.0
2025-07-28 13:22:53,522 [INFO] ThirdParty:1030 - CMSIS Pack Vendor :quantropi X-CUBE-qispace-sdk-base 2.0.0
2025-07-28 13:22:53,522 [INFO] ThirdParty:1030 - CMSIS Pack Vendor :STMicroelectronics X-CUBE-AI 10.0.0
2025-07-28 13:22:53,522 [INFO] ThirdParty:1030 - CMSIS Pack Vendor :STMicroelectronics X-CUBE-ST67W61 1.0.0
2025-07-28 13:22:53,522 [INFO] ThirdParty:1030 - CMSIS Pack Vendor :STMicroelectronics FP-SNS-STAIOTCFT 1.0.0
2025-07-28 13:22:53,522 [INFO] ThirdParty:1030 - CMSIS Pack Vendor :STMicroelectronics ThreadX 1.0.0
2025-07-28 13:22:53,522 [INFO] ThirdParty:1030 - CMSIS Pack Vendor :STMicroelectronics FP-SNS-SMARTAG2 1.2.0
2025-07-28 13:22:53,522 [INFO] ThirdParty:1030 - CMSIS Pack Vendor :STMicroelectronics FP-SNS-FLIGHT1 5.1.0
2025-07-28 13:22:53,522 [INFO] ThirdParty:1030 - CMSIS Pack Vendor :STMicroelectronics X-CUBE-AZRTOS-WL 2.0.0
2025-07-28 13:22:53,522 [INFO] ThirdParty:1030 - CMSIS Pack Vendor :SEGGER I-CUBE-embOS 1.3.1
2025-07-28 13:22:53,522 [INFO] ThirdParty:1030 - CMSIS Pack Vendor :STMicroelectronics X-CUBE-ALGOBUILD 1.4.0
2025-07-28 13:22:53,523 [INFO] ThirdParty:1030 - CMSIS Pack Vendor :STMicroelectronics X-CUBE-DPower 1.3.0
2025-07-28 13:22:53,523 [INFO] ThirdParty:1030 - CMSIS Pack Vendor :STMicroelectronics X-CUBE-MEMS1 11.3.0
2025-07-28 13:22:53,523 [INFO] ThirdParty:1030 - CMSIS Pack Vendor :STMicroelectronics FP-SNS-MOTENV1 5.0.0
2025-07-28 13:22:53,523 [INFO] ThirdParty:1030 - CMSIS Pack Vendor :STMicroelectronics USB_DEVICE 1.0.0
2025-07-28 13:22:53,524 [INFO] ThirdParty:1030 - CMSIS Pack Vendor :STMicroelectronics X-CUBE-AZRTOS-L4 2.0.0
2025-07-28 13:22:53,525 [INFO] ThirdParty:1030 - CMSIS Pack Vendor :STMicroelectronics ThreadX 0.0.2
2025-07-28 13:22:53,525 [INFO] ThirdParty:1030 - CMSIS Pack Vendor :WES I-CUBE-Cesium 1.3.0
2025-07-28 13:22:53,525 [INFO] ThirdParty:1030 - CMSIS Pack Vendor :STMicroelectronics lwIP 2.1.2
2025-07-28 13:22:53,525 [INFO] ThirdParty:1030 - CMSIS Pack Vendor :STMicroelectronics X-CUBE-SFXS2LP1 4.0.0
2025-07-28 13:22:53,525 [INFO] ThirdParty:1030 - CMSIS Pack Vendor :STMicroelectronics X-CUBE-BLE2 3.3.0
2025-07-28 13:22:53,525 [INFO] ThirdParty:1030 - CMSIS Pack Vendor :STMicroelectronics X-CUBE-TOF1 3.4.3
2025-07-28 13:22:53,525 [INFO] ThirdParty:1030 - CMSIS Pack Vendor :STMicroelectronics PDM2PCM 3.2.0
2025-07-28 13:22:53,525 [INFO] ThirdParty:841 - exiting critical section [change project]
2025-07-28 13:22:53,675 [INFO] PinOutPanel:1589 - setPackage(No Configuration,No Configuration)
2025-07-28 13:22:53,676 [INFO] PinOutPanel:1589 - setPackage(STM32G030K6Tx,LQFP32)
2025-07-28 13:22:53,960 [INFO] UtilMem:75 - Before build in PCC Used Memory: 652532048 Bytes (1073741824)
2025-07-28 13:22:54,441 [INFO] UtilMem:75 - After build in PCC Used Memory: 722260304 Bytes (1073741824)
2025-07-28 13:22:54,469 [INFO] IPUIPlugin:80 - create IPUIPlugin
2025-07-28 13:22:54,471 [INFO] IPUIPlugin:80 - create IPUIPlugin
2025-07-28 13:22:54,471 [INFO] IPUIPlugin:80 - create IPUIPlugin
2025-07-28 13:22:54,471 [INFO] IPUIPlugin:80 - create IPUIPlugin
2025-07-28 13:22:54,471 [INFO] IPUIPlugin:80 - create IPUIPlugin
2025-07-28 13:22:54,472 [INFO] IPUIPlugin:80 - create IPUIPlugin
2025-07-28 13:22:54,472 [INFO] IPUIPlugin:80 - create IPUIPlugin
2025-07-28 13:22:54,472 [INFO] IPUIPlugin:80 - create IPUIPlugin
2025-07-28 13:22:54,472 [INFO] IPUIPlugin:80 - create IPUIPlugin
2025-07-28 13:22:54,473 [INFO] IPUIPlugin:80 - create IPUIPlugin
2025-07-28 13:22:54,473 [INFO] IPUIPlugin:80 - create IPUIPlugin
2025-07-28 13:22:54,473 [INFO] IPUIPlugin:80 - create IPUIPlugin
2025-07-28 13:22:54,473 [INFO] IPUIPlugin:80 - create IPUIPlugin
2025-07-28 13:22:54,474 [INFO] IPUIPlugin:80 - create IPUIPlugin
2025-07-28 13:22:54,474 [INFO] IPUIPlugin:80 - create IPUIPlugin
2025-07-28 13:22:54,474 [INFO] IPUIPlugin:80 - create IPUIPlugin
2025-07-28 13:22:54,474 [INFO] IPUIPlugin:80 - create IPUIPlugin
2025-07-28 13:22:54,475 [INFO] IPUIPlugin:80 - create IPUIPlugin
2025-07-28 13:22:54,475 [INFO] IPUIPlugin:80 - create IPUIPlugin
2025-07-28 13:22:54,475 [INFO] IPUIPlugin:80 - create IPUIPlugin
2025-07-28 13:22:54,475 [INFO] IPUIPlugin:80 - create IPUIPlugin
2025-07-28 13:22:54,475 [INFO] IPUIPlugin:80 - create IPUIPlugin
2025-07-28 13:22:54,476 [INFO] IPUIPlugin:80 - create IPUIPlugin
2025-07-28 13:22:54,476 [INFO] IPUIPlugin:80 - create IPUIPlugin
2025-07-28 13:22:54,476 [INFO] IPUIPlugin:80 - create IPUIPlugin
2025-07-28 13:22:54,544 [INFO] CADModel:165 - CPN selected for project levelSTM32G030K6T6
2025-07-28 13:22:54,545 [INFO] CADModel:114 - Register for checkConnection events
2025-07-28 13:22:54,616 [INFO] OpenFileManager:385 - Restore cursor
2025-07-28 13:23:07,509 [INFO] Gpio:277 - dependency for GPIO [ADC1, SYS]
2025-07-28 13:25:06,578 [INFO] Gpio:277 - dependency for GPIO [ADC1, SYS]
2025-07-28 13:25:06,719 [INFO] Gpio:277 - dependency for GPIO [ADC1, SYS]
2025-07-28 13:25:06,995 [INFO] Gpio:277 - dependency for GPIO [ADC1, SYS]
2025-07-28 13:25:07,095 [INFO] Gpio:277 - dependency for GPIO [ADC1, SYS]
2025-07-28 13:25:07,275 [INFO] Gpio:277 - dependency for GPIO [ADC1, SYS]
2025-07-28 13:25:07,455 [INFO] Gpio:277 - dependency for GPIO [ADC1, SYS]
2025-07-28 13:25:07,702 [INFO] Gpio:277 - dependency for GPIO [ADC1, SYS]
2025-07-28 13:25:07,866 [INFO] Gpio:277 - dependency for GPIO [ADC1, SYS]
2025-07-28 13:25:07,946 [INFO] Gpio:277 - dependency for GPIO [ADC1, SYS]
2025-07-28 13:25:34,787 [INFO] UtilMem:75 - End SaveConfig() Used Memory: 847671160 Bytes (1073741824)
2025-07-28 13:25:34,911 [INFO] UtilMem:75 - End SaveConfig() Used Memory: 857634680 Bytes (1073741824)
2025-07-28 13:25:35,850 [INFO] UtilMem:75 - End SaveConfig() Used Memory: 918452088 Bytes (1073741824)
2025-07-28 13:25:36,602 [INFO] BlockDiagram:2775 - set Specific Code input for plugin: NVIC
2025-07-28 13:25:36,602 [INFO] BlockDiagram:2775 - set Specific Code input for plugin: TIM1_8G0
2025-07-28 13:25:36,602 [INFO] BlockDiagram:2775 - set Specific Code input for plugin: SYS
2025-07-28 13:25:36,602 [INFO] BlockDiagram:2775 - set Specific Code input for plugin: GPIO
2025-07-28 13:25:36,602 [INFO] BlockDiagram:2775 - set Specific Code input for plugin: ADC
2025-07-28 13:25:36,602 [INFO] BlockDiagram:2775 - set Specific Code input for plugin: RCC
2025-07-28 13:25:36,605 [INFO] CodeGenerator:882 - code generatio: config db path: C:\ST\STM32CubeIDE_1.18.1\STM32CubeIDE\plugins\com.st.stm32cube.common.mx_6.14.1.202504091515\\db\
2025-07-28 13:25:36,775 [INFO] CodeEngine:263 - oldGeneratedFile, C:\Users\singh\STM32CubeIDE\workspace_1.18.1\test1\MXTmpFiles\license.tmp_save
2025-07-28 13:25:37,022 [INFO] CodeEngine:287 - Generated code: C:\Users\singh\STM32CubeIDE\workspace_1.18.1\test1\MXTmpFiles\license.tmp
2025-07-28 13:25:37,192 [INFO] CodeEngine:263 - oldGeneratedFile, C:\Users\singh\STM32CubeIDE\workspace_1.18.1\test1\MXTmpFiles\gpio.tmp_save
2025-07-28 13:25:37,335 [INFO] CodeEngine:287 - Generated code: C:\Users\singh\STM32CubeIDE\workspace_1.18.1\test1\MXTmpFiles\gpio.tmp
2025-07-28 13:25:37,877 [INFO] CodeEngine:263 - oldGeneratedFile, C:\Users\singh\STM32CubeIDE\workspace_1.18.1\test1\Core\Src\stm32g0xx_it.c_save
2025-07-28 13:25:38,169 [INFO] CodeEngine:287 - Generated code: C:\Users\singh\STM32CubeIDE\workspace_1.18.1\test1\Core\Src\stm32g0xx_it.c
2025-07-28 13:25:38,178 [INFO] CodeEngine:263 - oldGeneratedFile, C:\Users\singh\STM32CubeIDE\workspace_1.18.1\test1\Core\Inc\stm32g0xx_it.h_save
2025-07-28 13:25:38,263 [INFO] CodeEngine:287 - Generated code: C:\Users\singh\STM32CubeIDE\workspace_1.18.1\test1\Core\Inc\stm32g0xx_it.h
2025-07-28 13:25:38,279 [INFO] CodeEngine:263 - oldGeneratedFile, C:\Users\singh\STM32CubeIDE\workspace_1.18.1\test1\Core\Src\stm32g0xx_hal_msp.c_save
2025-07-28 13:25:38,462 [INFO] CodeEngine:287 - Generated code: C:\Users\singh\STM32CubeIDE\workspace_1.18.1\test1\Core\Src\stm32g0xx_hal_msp.c
2025-07-28 13:25:38,472 [INFO] CodeEngine:263 - oldGeneratedFile, C:\Users\singh\STM32CubeIDE\workspace_1.18.1\test1\MXTmpFiles\system.tmp_save
2025-07-28 13:25:38,577 [INFO] CodeEngine:287 - Generated code: C:\Users\singh\STM32CubeIDE\workspace_1.18.1\test1\MXTmpFiles\system.tmp
2025-07-28 13:25:38,594 [INFO] CodeEngine:319 - oldGeneratedFile, C:\Users\singh\STM32CubeIDE\workspace_1.18.1\test1\Core\Inc\stm32g0xx_hal_conf.h_save
2025-07-28 13:25:38,728 [INFO] CodeEngine:343 - Generated code: C:\Users\singh\STM32CubeIDE\workspace_1.18.1\test1\Core\Inc\stm32g0xx_hal_conf.h
2025-07-28 13:25:38,768 [INFO] ApiDbMcu:508 - Load IP Config File for ADC1
2025-07-28 13:25:38,804 [INFO] ApiDbMcu:508 - Load IP Config File for TIM3
2025-07-28 13:25:38,809 [INFO] ApiDbMcu:508 - Load IP Config File for RCC
2025-07-28 13:25:38,810 [WARN] IPConfigManager:3790 - IP not found : TIM
2025-07-28 13:25:38,811 [WARN] CodeGenerator:4198 - IP not found : null
2025-07-28 13:25:38,824 [INFO] CodeEngine:263 - oldGeneratedFile, C:\Users\singh\STM32CubeIDE\workspace_1.18.1\test1\Core\Inc\main.h_save
2025-07-28 13:25:38,970 [INFO] CodeEngine:287 - Generated code: C:\Users\singh\STM32CubeIDE\workspace_1.18.1\test1\Core\Inc\main.h
2025-07-28 13:25:38,978 [INFO] CodeEngine:263 - oldGeneratedFile, C:\Users\singh\STM32CubeIDE\workspace_1.18.1\test1\Core\Src\main.c_save
2025-07-28 13:25:39,177 [INFO] CodeEngine:287 - Generated code: C:\Users\singh\STM32CubeIDE\workspace_1.18.1\test1\Core\Src\main.c
2025-07-28 13:25:39,717 [INFO] ProjectBuilder:3324 - Time for Copy HAL[1] : 227mS.
2025-07-28 13:25:39,721 [INFO] ProjectBuilder:4912 - Project Generator version: 4.6.0.1-B1
2025-07-28 13:25:39,816 [INFO] ConfigFileManager:1590 - The Die is : DIE466
2025-07-28 13:25:39,834 [INFO] ApiDbMcu:508 - Load IP Config File for FATFS
2025-07-28 13:25:39,839 [INFO] ApiDbMcu:508 - Load IP Config File for FREERTOS
2025-07-28 13:25:42,004 [INFO] ProjectBuilder:5191 - Time for Generating toolchain IDE Files: 2283mS.
2025-07-28 13:25:42,005 [INFO] ProjectBuilder:3181 - Time for Copy CMSIS : 1mS.
2025-07-28 13:25:42,011 [INFO] ProjectBuilder:3181 - Time for Copy CMSIS : 0mS.
2025-07-28 13:33:45,422 [INFO] Gpio:277 - dependency for GPIO [ADC1, SYS]
2025-07-28 13:33:45,722 [INFO] Gpio:277 - dependency for GPIO [ADC1, SYS]
2025-07-28 13:33:45,820 [INFO] Gpio:277 - dependency for GPIO [ADC1, SYS]
2025-07-28 13:33:45,993 [INFO] Gpio:277 - dependency for GPIO [ADC1, SYS]
2025-07-28 13:33:46,080 [INFO] Gpio:277 - dependency for GPIO [ADC1, SYS]
2025-07-28 13:33:46,229 [INFO] Gpio:277 - dependency for GPIO [ADC1, SYS]
2025-07-28 13:33:46,321 [INFO] Gpio:277 - dependency for GPIO [ADC1, SYS]
2025-07-28 13:33:46,370 [INFO] Gpio:277 - dependency for GPIO [ADC1, SYS]
2025-07-28 13:33:48,289 [INFO] UtilMem:75 - End SaveConfig() Used Memory: 666210448 Bytes (1073741824)
2025-07-28 13:33:48,396 [INFO] UtilMem:75 - End SaveConfig() Used Memory: 675469584 Bytes (1073741824)
2025-07-28 13:33:49,090 [INFO] UtilMem:75 - End SaveConfig() Used Memory: 703959184 Bytes (1073741824)
2025-07-28 13:33:49,607 [INFO] BlockDiagram:2775 - set Specific Code input for plugin: NVIC
2025-07-28 13:33:49,607 [INFO] BlockDiagram:2775 - set Specific Code input for plugin: TIM1_8G0
2025-07-28 13:33:49,607 [INFO] BlockDiagram:2775 - set Specific Code input for plugin: SYS
2025-07-28 13:33:49,608 [INFO] BlockDiagram:2775 - set Specific Code input for plugin: GPIO
2025-07-28 13:33:49,608 [INFO] BlockDiagram:2775 - set Specific Code input for plugin: ADC
2025-07-28 13:33:49,608 [INFO] BlockDiagram:2775 - set Specific Code input for plugin: RCC
2025-07-28 13:33:49,610 [INFO] CodeGenerator:882 - code generatio: config db path: C:\ST\STM32CubeIDE_1.18.1\STM32CubeIDE\plugins\com.st.stm32cube.common.mx_6.14.1.202504091515\\db\
2025-07-28 13:33:49,771 [INFO] CodeEngine:263 - oldGeneratedFile, C:\Users\singh\STM32CubeIDE\workspace_1.18.1\test1\MXTmpFiles\license.tmp_save
2025-07-28 13:33:50,185 [INFO] CodeEngine:287 - Generated code: C:\Users\singh\STM32CubeIDE\workspace_1.18.1\test1\MXTmpFiles\license.tmp
2025-07-28 13:33:50,440 [INFO] CodeEngine:263 - oldGeneratedFile, C:\Users\singh\STM32CubeIDE\workspace_1.18.1\test1\MXTmpFiles\gpio.tmp_save
2025-07-28 13:33:50,640 [INFO] CodeEngine:287 - Generated code: C:\Users\singh\STM32CubeIDE\workspace_1.18.1\test1\MXTmpFiles\gpio.tmp
2025-07-28 13:33:51,208 [INFO] CodeEngine:263 - oldGeneratedFile, C:\Users\singh\STM32CubeIDE\workspace_1.18.1\test1\Core\Src\stm32g0xx_it.c_save
2025-07-28 13:33:51,581 [INFO] CodeEngine:287 - Generated code: C:\Users\singh\STM32CubeIDE\workspace_1.18.1\test1\Core\Src\stm32g0xx_it.c
2025-07-28 13:33:51,589 [INFO] CodeEngine:263 - oldGeneratedFile, C:\Users\singh\STM32CubeIDE\workspace_1.18.1\test1\Core\Inc\stm32g0xx_it.h_save
2025-07-28 13:33:51,690 [INFO] CodeEngine:287 - Generated code: C:\Users\singh\STM32CubeIDE\workspace_1.18.1\test1\Core\Inc\stm32g0xx_it.h
2025-07-28 13:33:51,706 [INFO] CodeEngine:263 - oldGeneratedFile, C:\Users\singh\STM32CubeIDE\workspace_1.18.1\test1\Core\Src\stm32g0xx_hal_msp.c_save
2025-07-28 13:33:51,887 [INFO] CodeEngine:287 - Generated code: C:\Users\singh\STM32CubeIDE\workspace_1.18.1\test1\Core\Src\stm32g0xx_hal_msp.c
2025-07-28 13:33:51,892 [INFO] CodeEngine:263 - oldGeneratedFile, C:\Users\singh\STM32CubeIDE\workspace_1.18.1\test1\MXTmpFiles\system.tmp_save
2025-07-28 13:33:51,986 [INFO] CodeEngine:287 - Generated code: C:\Users\singh\STM32CubeIDE\workspace_1.18.1\test1\MXTmpFiles\system.tmp
2025-07-28 13:33:51,999 [INFO] CodeEngine:319 - oldGeneratedFile, C:\Users\singh\STM32CubeIDE\workspace_1.18.1\test1\Core\Inc\stm32g0xx_hal_conf.h_save
2025-07-28 13:33:52,091 [INFO] CodeEngine:343 - Generated code: C:\Users\singh\STM32CubeIDE\workspace_1.18.1\test1\Core\Inc\stm32g0xx_hal_conf.h
2025-07-28 13:33:52,113 [WARN] IPConfigManager:3790 - IP not found : TIM
2025-07-28 13:33:52,114 [WARN] CodeGenerator:4198 - IP not found : null
2025-07-28 13:33:52,125 [INFO] CodeEngine:263 - oldGeneratedFile, C:\Users\singh\STM32CubeIDE\workspace_1.18.1\test1\Core\Inc\main.h_save
2025-07-28 13:33:52,252 [INFO] CodeEngine:287 - Generated code: C:\Users\singh\STM32CubeIDE\workspace_1.18.1\test1\Core\Inc\main.h
2025-07-28 13:33:52,260 [INFO] CodeEngine:263 - oldGeneratedFile, C:\Users\singh\STM32CubeIDE\workspace_1.18.1\test1\Core\Src\main.c_save
2025-07-28 13:33:52,412 [INFO] CodeEngine:287 - Generated code: C:\Users\singh\STM32CubeIDE\workspace_1.18.1\test1\Core\Src\main.c
2025-07-28 13:33:52,807 [INFO] ProjectBuilder:3324 - Time for Copy HAL[1] : 170mS.
2025-07-28 13:33:52,811 [INFO] ProjectBuilder:4912 - Project Generator version: 4.6.0.1-B1
2025-07-28 13:33:52,908 [INFO] ConfigFileManager:1590 - The Die is : DIE466
2025-07-28 13:33:54,811 [INFO] ProjectBuilder:5191 - Time for Generating toolchain IDE Files: 1999mS.
2025-07-28 13:33:54,812 [INFO] ProjectBuilder:3181 - Time for Copy CMSIS : 1mS.
2025-07-28 13:33:54,831 [INFO] ProjectBuilder:3181 - Time for Copy CMSIS : 0mS.
2025-07-28 13:48:24,606 [INFO] NvicIntPanel:101 - NVIC parent = com.st.microxplorer.plugins.ip.nvic.MultiNvicIntPanel[,0,0,0x0,invalid,layout=javax.swing.BoxLayout,alignmentX=0.0,alignmentY=0.0,border=,flags=9,maximumSize=,minimumSize=,preferredSize=]
2025-07-28 13:48:24,820 [INFO] NvicIntPanel:101 - NVIC parent = com.st.microxplorer.plugins.ip.nvic.MultiNvicIntPanel[,0,0,0x0,invalid,layout=javax.swing.BoxLayout,alignmentX=0.0,alignmentY=0.0,border=,flags=9,maximumSize=,minimumSize=,preferredSize=]
2025-07-28 13:48:25,162 [INFO] NvicIntPanel:101 - NVIC parent = com.st.microxplorer.plugins.ip.nvic.MultiNvicIntPanel[,0,0,0x0,invalid,layout=javax.swing.BoxLayout,alignmentX=0.0,alignmentY=0.0,border=,flags=9,maximumSize=,minimumSize=,preferredSize=]
2025-07-28 13:48:25,458 [INFO] NvicIntPanel:101 - NVIC parent = com.st.microxplorer.plugins.ip.nvic.MultiNvicIntPanel[,0,0,0x0,invalid,layout=javax.swing.BoxLayout,alignmentX=0.0,alignmentY=0.0,border=,flags=9,maximumSize=,minimumSize=,preferredSize=]
2025-07-28 13:48:25,822 [INFO] NvicIntPanel:101 - NVIC parent = com.st.microxplorer.plugins.ip.nvic.MultiNvicIntPanel[,0,0,0x0,invalid,layout=javax.swing.BoxLayout,alignmentX=0.0,alignmentY=0.0,border=,flags=9,maximumSize=,minimumSize=,preferredSize=]
2025-07-28 13:48:26,060 [INFO] NvicIntPanel:101 - NVIC parent = com.st.microxplorer.plugins.ip.nvic.MultiNvicIntPanel[,0,0,0x0,invalid,layout=javax.swing.BoxLayout,alignmentX=0.0,alignmentY=0.0,border=,flags=9,maximumSize=,minimumSize=,preferredSize=]
2025-07-28 13:48:27,793 [INFO] Gpio:277 - dependency for GPIO [ADC1, SYS]
2025-07-28 13:48:50,704 [INFO] UtilMem:75 - End SaveConfig() Used Memory: 657254248 Bytes (1073741824)
2025-07-28 13:48:50,816 [INFO] UtilMem:75 - End SaveConfig() Used Memory: 666258848 Bytes (1073741824)
2025-07-28 13:48:51,510 [INFO] UtilMem:75 - End SaveConfig() Used Memory: 713639456 Bytes (1073741824)
2025-07-28 13:48:51,855 [INFO] BlockDiagram:2775 - set Specific Code input for plugin: NVIC
2025-07-28 13:48:51,856 [INFO] BlockDiagram:2775 - set Specific Code input for plugin: TIM1_8G0
2025-07-28 13:48:51,856 [INFO] BlockDiagram:2775 - set Specific Code input for plugin: SYS
2025-07-28 13:48:51,857 [INFO] BlockDiagram:2775 - set Specific Code input for plugin: GPIO
2025-07-28 13:48:51,857 [INFO] BlockDiagram:2775 - set Specific Code input for plugin: ADC
2025-07-28 13:48:51,858 [INFO] BlockDiagram:2775 - set Specific Code input for plugin: RCC
2025-07-28 13:48:51,858 [INFO] CodeGenerator:882 - code generatio: config db path: C:\ST\STM32CubeIDE_1.18.1\STM32CubeIDE\plugins\com.st.stm32cube.common.mx_6.14.1.202504091515\\db\
2025-07-28 13:48:52,071 [INFO] CodeEngine:263 - oldGeneratedFile, C:\Users\singh\STM32CubeIDE\workspace_1.18.1\test1\MXTmpFiles\license.tmp_save
2025-07-28 13:48:52,539 [INFO] CodeEngine:287 - Generated code: C:\Users\singh\STM32CubeIDE\workspace_1.18.1\test1\MXTmpFiles\license.tmp
2025-07-28 13:48:52,788 [INFO] CodeEngine:263 - oldGeneratedFile, C:\Users\singh\STM32CubeIDE\workspace_1.18.1\test1\MXTmpFiles\gpio.tmp_save
2025-07-28 13:48:52,985 [INFO] CodeEngine:287 - Generated code: C:\Users\singh\STM32CubeIDE\workspace_1.18.1\test1\MXTmpFiles\gpio.tmp
2025-07-28 13:48:53,603 [INFO] CodeEngine:263 - oldGeneratedFile, C:\Users\singh\STM32CubeIDE\workspace_1.18.1\test1\Core\Src\stm32g0xx_it.c_save
2025-07-28 13:48:54,034 [INFO] CodeEngine:287 - Generated code: C:\Users\singh\STM32CubeIDE\workspace_1.18.1\test1\Core\Src\stm32g0xx_it.c
2025-07-28 13:48:54,045 [INFO] CodeEngine:263 - oldGeneratedFile, C:\Users\singh\STM32CubeIDE\workspace_1.18.1\test1\Core\Inc\stm32g0xx_it.h_save
2025-07-28 13:48:54,155 [INFO] CodeEngine:287 - Generated code: C:\Users\singh\STM32CubeIDE\workspace_1.18.1\test1\Core\Inc\stm32g0xx_it.h
2025-07-28 13:48:54,168 [INFO] CodeEngine:263 - oldGeneratedFile, C:\Users\singh\STM32CubeIDE\workspace_1.18.1\test1\Core\Src\stm32g0xx_hal_msp.c_save
2025-07-28 13:48:54,374 [INFO] CodeEngine:287 - Generated code: C:\Users\singh\STM32CubeIDE\workspace_1.18.1\test1\Core\Src\stm32g0xx_hal_msp.c
2025-07-28 13:48:54,378 [INFO] CodeEngine:263 - oldGeneratedFile, C:\Users\singh\STM32CubeIDE\workspace_1.18.1\test1\MXTmpFiles\system.tmp_save
2025-07-28 13:48:54,494 [INFO] CodeEngine:287 - Generated code: C:\Users\singh\STM32CubeIDE\workspace_1.18.1\test1\MXTmpFiles\system.tmp
2025-07-28 13:48:54,514 [INFO] CodeEngine:319 - oldGeneratedFile, C:\Users\singh\STM32CubeIDE\workspace_1.18.1\test1\Core\Inc\stm32g0xx_hal_conf.h_save
2025-07-28 13:48:54,691 [INFO] CodeEngine:343 - Generated code: C:\Users\singh\STM32CubeIDE\workspace_1.18.1\test1\Core\Inc\stm32g0xx_hal_conf.h
2025-07-28 13:48:54,723 [WARN] IPConfigManager:3790 - IP not found : TIM
2025-07-28 13:48:54,725 [WARN] CodeGenerator:4198 - IP not found : null
2025-07-28 13:48:54,741 [INFO] CodeEngine:263 - oldGeneratedFile, C:\Users\singh\STM32CubeIDE\workspace_1.18.1\test1\Core\Inc\main.h_save
2025-07-28 13:48:54,964 [INFO] CodeEngine:287 - Generated code: C:\Users\singh\STM32CubeIDE\workspace_1.18.1\test1\Core\Inc\main.h
2025-07-28 13:48:54,979 [INFO] CodeEngine:263 - oldGeneratedFile, C:\Users\singh\STM32CubeIDE\workspace_1.18.1\test1\Core\Src\main.c_save
2025-07-28 13:48:55,214 [INFO] CodeEngine:287 - Generated code: C:\Users\singh\STM32CubeIDE\workspace_1.18.1\test1\Core\Src\main.c
2025-07-28 13:48:55,894 [INFO] ProjectBuilder:3324 - Time for Copy HAL[1] : 350mS.
2025-07-28 13:48:55,902 [INFO] ProjectBuilder:4912 - Project Generator version: 4.6.0.1-B1
2025-07-28 13:48:56,091 [INFO] ConfigFileManager:1590 - The Die is : DIE466
2025-07-28 13:48:58,312 [INFO] ProjectBuilder:5191 - Time for Generating toolchain IDE Files: 2409mS.
2025-07-28 13:48:58,313 [INFO] ProjectBuilder:3181 - Time for Copy CMSIS : 1mS.
2025-07-28 13:48:58,318 [INFO] ProjectBuilder:3181 - Time for Copy CMSIS : 0mS.
2025-07-28 13:56:12,832 [INFO] ADCParametersView:116 -                Rank 1 : false
2025-07-28 13:56:12,834 [INFO] ADCParametersView:116 -                Rank 1 : false
2025-07-28 13:56:12,834 [INFO] ADCParametersView:116 -                Rank 2 : false
2025-07-28 13:56:13,083 [INFO] ADCParametersView:116 -                Rank 1 : false
2025-07-28 13:56:13,083 [INFO] ADCParametersView:116 -                Rank 2 : false
2025-07-28 13:56:13,084 [INFO] ADCParametersView:116 -                Rank 1 : false
2025-07-28 13:56:13,084 [INFO] ADCParametersView:116 -                Rank 2 : false
2025-07-28 13:56:13,084 [INFO] ADCParametersView:116 -                Rank 1 : false
2025-07-28 13:56:13,084 [INFO] ADCParametersView:116 -                Rank 2 : false
2025-07-28 13:56:13,085 [INFO] ADCParametersView:116 -                Rank 1 : false
2025-07-28 13:56:13,085 [INFO] ADCParametersView:116 -                Rank 2 : false
2025-07-28 13:56:13,086 [INFO] ADCParametersView:116 -                Rank 1 : false
2025-07-28 13:56:13,086 [INFO] ADCParametersView:116 -                Rank 2 : false
2025-07-28 13:56:13,086 [INFO] ADCParametersView:116 -                Rank 1 : false
2025-07-28 13:56:13,087 [INFO] ADCParametersView:116 -                Rank 2 : false
2025-07-28 13:56:13,087 [INFO] ADCParametersView:116 -                Rank 1 : false
2025-07-28 13:56:13,087 [INFO] ADCParametersView:116 -                Rank 2 : false
2025-07-28 13:56:13,088 [INFO] ADCParametersView:116 -                Rank 1 : false
2025-07-28 13:56:13,088 [INFO] ADCParametersView:116 -                Rank 2 : false
2025-07-28 13:56:13,088 [INFO] ADCParametersView:116 -                Rank 1 : false
2025-07-28 13:56:13,088 [INFO] ADCParametersView:116 -                Rank 2 : false
2025-07-28 13:56:13,090 [INFO] ADCParametersView:116 -                Rank 1 : false
2025-07-28 13:56:13,090 [INFO] ADCParametersView:116 -                Rank 2 : false
2025-07-28 13:56:13,090 [INFO] ADCParametersView:116 -                Rank 1 : false
2025-07-28 13:56:13,091 [INFO] ADCParametersView:116 -                Rank 2 : false
2025-07-28 13:56:13,092 [INFO] ADCParametersView:116 -                Rank 1 : false
2025-07-28 13:56:13,092 [INFO] ADCParametersView:116 -                Rank 2 : false
2025-07-28 13:56:13,092 [INFO] ADCParametersView:116 -                Rank 1 : false
2025-07-28 13:56:13,093 [INFO] ADCParametersView:116 -                Rank 2 : false
2025-07-28 13:56:13,093 [INFO] ADCParametersView:116 -                Rank 1 : false
2025-07-28 13:56:13,093 [INFO] ADCParametersView:116 -                Rank 2 : false
2025-07-28 13:56:13,094 [INFO] ADCParametersView:116 -                Rank 1 : false
2025-07-28 13:56:13,094 [INFO] ADCParametersView:116 -                Rank 2 : false
2025-07-28 13:56:13,094 [INFO] ADCParametersView:116 -                Rank 1 : false
2025-07-28 13:56:13,094 [INFO] ADCParametersView:116 -                Rank 2 : false
2025-07-28 13:56:13,095 [INFO] ADCParametersView:116 -                Rank 1 : false
2025-07-28 13:56:13,095 [INFO] ADCParametersView:116 -                Rank 2 : false
2025-07-28 13:56:13,095 [INFO] ADCParametersView:116 -                Rank 1 : false
2025-07-28 13:56:13,096 [INFO] ADCParametersView:116 -                Rank 2 : false
2025-07-28 13:56:13,096 [INFO] ADCParametersView:116 -                Rank 1 : false
2025-07-28 13:56:13,097 [INFO] ADCParametersView:116 -                Rank 2 : false
2025-07-28 13:56:13,097 [INFO] ADCParametersView:116 -                Rank 1 : false
2025-07-28 13:56:13,097 [INFO] ADCParametersView:116 -                Rank 2 : false
2025-07-28 13:56:13,097 [INFO] ADCParametersView:116 -                Rank 1 : false
2025-07-28 13:56:13,097 [INFO] ADCParametersView:116 -                Rank 2 : false
2025-07-28 13:56:13,098 [INFO] ADCParametersView:116 -                Rank 1 : false
2025-07-28 13:56:13,098 [INFO] ADCParametersView:116 -                Rank 2 : false
2025-07-28 13:56:13,098 [INFO] ADCParametersView:116 -                Rank 2 : false
2025-07-28 13:56:13,150 [INFO] ADCParametersView:116 -                Rank 1 : false
2025-07-28 13:56:13,150 [INFO] ADCParametersView:116 -                Rank 1 : false
2025-07-28 13:56:13,150 [INFO] ADCParametersView:116 -                Rank 2 : false
2025-07-28 13:56:13,234 [INFO] ADCParametersView:116 -                Rank 1 : false
2025-07-28 13:56:13,235 [INFO] ADCParametersView:116 -                Rank 2 : false
2025-07-28 13:56:13,235 [INFO] ADCParametersView:116 -                Rank 1 : false
2025-07-28 13:56:13,235 [INFO] ADCParametersView:116 -                Rank 2 : false
2025-07-28 13:56:13,235 [INFO] ADCParametersView:116 -                Rank 1 : false
2025-07-28 13:56:13,235 [INFO] ADCParametersView:116 -                Rank 2 : false
2025-07-28 13:56:13,235 [INFO] ADCParametersView:116 -                Rank 1 : false
2025-07-28 13:56:13,235 [INFO] ADCParametersView:116 -                Rank 2 : false
2025-07-28 13:56:13,236 [INFO] ADCParametersView:116 -                Rank 1 : false
2025-07-28 13:56:13,236 [INFO] ADCParametersView:116 -                Rank 2 : false
2025-07-28 13:56:13,236 [INFO] ADCParametersView:116 -                Rank 1 : false
2025-07-28 13:56:13,236 [INFO] ADCParametersView:116 -                Rank 2 : false
2025-07-28 13:56:13,236 [INFO] ADCParametersView:116 -                Rank 1 : false
2025-07-28 13:56:13,236 [INFO] ADCParametersView:116 -                Rank 2 : false
2025-07-28 13:56:13,236 [INFO] ADCParametersView:116 -                Rank 1 : false
2025-07-28 13:56:13,236 [INFO] ADCParametersView:116 -                Rank 2 : false
2025-07-28 13:56:13,237 [INFO] ADCParametersView:116 -                Rank 1 : false
2025-07-28 13:56:13,237 [INFO] ADCParametersView:116 -                Rank 2 : false
2025-07-28 13:56:13,238 [INFO] ADCParametersView:116 -                Rank 1 : false
2025-07-28 13:56:13,238 [INFO] ADCParametersView:116 -                Rank 2 : false
2025-07-28 13:56:13,238 [INFO] ADCParametersView:116 -                Rank 1 : false
2025-07-28 13:56:13,238 [INFO] ADCParametersView:116 -                Rank 2 : false
2025-07-28 13:56:13,238 [INFO] ADCParametersView:116 -                Rank 1 : false
2025-07-28 13:56:13,240 [INFO] ADCParametersView:116 -                Rank 2 : false
2025-07-28 13:56:13,240 [INFO] ADCParametersView:116 -                Rank 1 : false
2025-07-28 13:56:13,240 [INFO] ADCParametersView:116 -                Rank 2 : false
2025-07-28 13:56:13,240 [INFO] ADCParametersView:116 -                Rank 1 : false
2025-07-28 13:56:13,240 [INFO] ADCParametersView:116 -                Rank 2 : false
2025-07-28 13:56:13,240 [INFO] ADCParametersView:116 -                Rank 1 : false
2025-07-28 13:56:13,240 [INFO] ADCParametersView:116 -                Rank 2 : false
2025-07-28 13:56:13,240 [INFO] ADCParametersView:116 -                Rank 1 : false
2025-07-28 13:56:13,240 [INFO] ADCParametersView:116 -                Rank 2 : false
2025-07-28 13:56:13,240 [INFO] ADCParametersView:116 -                Rank 1 : false
2025-07-28 13:56:13,241 [INFO] ADCParametersView:116 -                Rank 2 : false
2025-07-28 13:56:13,242 [INFO] ADCParametersView:116 -                Rank 1 : false
2025-07-28 13:56:13,242 [INFO] ADCParametersView:116 -                Rank 2 : false
2025-07-28 13:56:13,242 [INFO] ADCParametersView:116 -                Rank 1 : false
2025-07-28 13:56:13,242 [INFO] ADCParametersView:116 -                Rank 2 : false
2025-07-28 13:56:13,242 [INFO] ADCParametersView:116 -                Rank 1 : false
2025-07-28 13:56:13,242 [INFO] ADCParametersView:116 -                Rank 2 : false
2025-07-28 13:56:13,242 [INFO] ADCParametersView:116 -                Rank 1 : false
2025-07-28 13:56:13,242 [INFO] ADCParametersView:116 -                Rank 2 : false
2025-07-28 13:56:13,244 [INFO] ADCParametersView:116 -                Rank 1 : false
2025-07-28 13:56:13,244 [INFO] ADCParametersView:116 -                Rank 2 : false
2025-07-28 13:56:13,244 [INFO] ADCParametersView:116 -                Rank 2 : false
2025-07-28 13:56:13,276 [INFO] ADCParametersView:116 -                Rank 1 : false
2025-07-28 13:56:13,278 [INFO] ADCParametersView:116 -                Rank 1 : false
2025-07-28 13:56:13,278 [INFO] ADCParametersView:116 -                Rank 2 : false
2025-07-28 13:56:13,463 [INFO] NvicIntPanel:101 - NVIC parent = com.st.microxplorer.plugins.ip.nvic.MultiNvicIntPanel[,0,0,0x0,invalid,layout=javax.swing.BoxLayout,alignmentX=0.0,alignmentY=0.0,border=,flags=9,maximumSize=,minimumSize=,preferredSize=]
2025-07-28 13:56:13,529 [INFO] ADCParametersView:116 -                Rank 1 : false
2025-07-28 13:56:13,529 [INFO] ADCParametersView:116 -                Rank 2 : false
2025-07-28 13:56:13,530 [INFO] ADCParametersView:116 -                Rank 1 : false
2025-07-28 13:56:13,530 [INFO] ADCParametersView:116 -                Rank 2 : false
2025-07-28 13:56:13,530 [INFO] ADCParametersView:116 -                Rank 1 : false
2025-07-28 13:56:13,530 [INFO] ADCParametersView:116 -                Rank 2 : false
2025-07-28 13:56:13,530 [INFO] ADCParametersView:116 -                Rank 1 : false
2025-07-28 13:56:13,530 [INFO] ADCParametersView:116 -                Rank 2 : false
2025-07-28 13:56:13,530 [INFO] ADCParametersView:116 -                Rank 1 : false
2025-07-28 13:56:13,530 [INFO] ADCParametersView:116 -                Rank 2 : false
2025-07-28 13:56:13,530 [INFO] ADCParametersView:116 -                Rank 1 : false
2025-07-28 13:56:13,531 [INFO] ADCParametersView:116 -                Rank 2 : false
2025-07-28 13:56:13,531 [INFO] ADCParametersView:116 -                Rank 1 : false
2025-07-28 13:56:13,531 [INFO] ADCParametersView:116 -                Rank 2 : false
2025-07-28 13:56:13,531 [INFO] ADCParametersView:116 -                Rank 1 : false
2025-07-28 13:56:13,531 [INFO] ADCParametersView:116 -                Rank 2 : false
2025-07-28 13:56:13,531 [INFO] ADCParametersView:116 -                Rank 1 : false
2025-07-28 13:56:13,531 [INFO] ADCParametersView:116 -                Rank 2 : false
2025-07-28 13:56:13,531 [INFO] ADCParametersView:116 -                Rank 1 : false
2025-07-28 13:56:13,531 [INFO] ADCParametersView:116 -                Rank 2 : false
2025-07-28 13:56:13,531 [INFO] ADCParametersView:116 -                Rank 1 : false
2025-07-28 13:56:13,531 [INFO] ADCParametersView:116 -                Rank 2 : false
2025-07-28 13:56:13,532 [INFO] ADCParametersView:116 -                Rank 1 : false
2025-07-28 13:56:13,532 [INFO] ADCParametersView:116 -                Rank 2 : false
2025-07-28 13:56:13,532 [INFO] ADCParametersView:116 -                Rank 1 : false
2025-07-28 13:56:13,532 [INFO] ADCParametersView:116 -                Rank 2 : false
2025-07-28 13:56:13,532 [INFO] ADCParametersView:116 -                Rank 1 : false
2025-07-28 13:56:13,532 [INFO] ADCParametersView:116 -                Rank 2 : false
2025-07-28 13:56:13,533 [INFO] ADCParametersView:116 -                Rank 1 : false
2025-07-28 13:56:13,533 [INFO] ADCParametersView:116 -                Rank 2 : false
2025-07-28 13:56:13,533 [INFO] ADCParametersView:116 -                Rank 1 : false
2025-07-28 13:56:13,533 [INFO] ADCParametersView:116 -                Rank 2 : false
2025-07-28 13:56:13,533 [INFO] ADCParametersView:116 -                Rank 1 : false
2025-07-28 13:56:13,533 [INFO] ADCParametersView:116 -                Rank 2 : false
2025-07-28 13:56:13,533 [INFO] ADCParametersView:116 -                Rank 1 : false
2025-07-28 13:56:13,533 [INFO] ADCParametersView:116 -                Rank 2 : false
2025-07-28 13:56:13,533 [INFO] ADCParametersView:116 -                Rank 1 : false
2025-07-28 13:56:13,533 [INFO] ADCParametersView:116 -                Rank 2 : false
2025-07-28 13:56:13,533 [INFO] ADCParametersView:116 -                Rank 1 : false
2025-07-28 13:56:13,533 [INFO] ADCParametersView:116 -                Rank 2 : false
2025-07-28 13:56:13,534 [INFO] ADCParametersView:116 -                Rank 1 : false
2025-07-28 13:56:13,534 [INFO] ADCParametersView:116 -                Rank 2 : false
2025-07-28 13:56:13,534 [INFO] ADCParametersView:116 -                Rank 1 : false
2025-07-28 13:56:13,534 [INFO] ADCParametersView:116 -                Rank 2 : false
2025-07-28 13:56:13,534 [INFO] ADCParametersView:116 -                Rank 2 : false
2025-07-28 13:56:13,668 [INFO] NvicIntPanel:101 - NVIC parent = com.st.microxplorer.plugins.ip.nvic.MultiNvicIntPanel[,0,0,0x0,invalid,layout=javax.swing.BoxLayout,alignmentX=0.0,alignmentY=0.0,border=,flags=9,maximumSize=,minimumSize=,preferredSize=]
2025-07-28 13:56:13,906 [INFO] NvicIntPanel:101 - NVIC parent = com.st.microxplorer.plugins.ip.nvic.MultiNvicIntPanel[,0,0,0x0,invalid,layout=javax.swing.BoxLayout,alignmentX=0.0,alignmentY=0.0,border=,flags=9,maximumSize=,minimumSize=,preferredSize=]
2025-07-28 13:56:13,971 [INFO] ADCParametersView:116 -                Rank 1 : false
2025-07-28 13:56:13,973 [INFO] ADCParametersView:116 -                Rank 1 : false
2025-07-28 13:56:13,973 [INFO] ADCParametersView:116 -                Rank 2 : false
2025-07-28 13:56:22,066 [INFO] NvicIntPanel:101 - NVIC parent = com.st.microxplorer.plugins.ip.nvic.MultiNvicIntPanel[,0,0,0x0,invalid,layout=javax.swing.BoxLayout,alignmentX=0.0,alignmentY=0.0,border=,flags=9,maximumSize=,minimumSize=,preferredSize=]
2025-07-28 13:56:22,142 [INFO] ADCParametersView:116 -                Rank 1 : false
2025-07-28 13:56:22,142 [INFO] ADCParametersView:116 -                Rank 2 : false
2025-07-28 13:56:22,147 [INFO] ADCParametersView:116 -                Rank 1 : false
2025-07-28 13:56:22,147 [INFO] ADCParametersView:116 -                Rank 2 : false
2025-07-28 13:56:22,148 [INFO] ADCParametersView:116 -                Rank 1 : false
2025-07-28 13:56:22,148 [INFO] ADCParametersView:116 -                Rank 2 : false
2025-07-28 13:56:22,148 [INFO] ADCParametersView:116 -                Rank 1 : false
2025-07-28 13:56:22,148 [INFO] ADCParametersView:116 -                Rank 2 : false
2025-07-28 13:56:22,148 [INFO] ADCParametersView:116 -                Rank 1 : false
2025-07-28 13:56:22,148 [INFO] ADCParametersView:116 -                Rank 2 : false
2025-07-28 13:56:22,148 [INFO] ADCParametersView:116 -                Rank 1 : false
2025-07-28 13:56:22,148 [INFO] ADCParametersView:116 -                Rank 2 : false
2025-07-28 13:56:22,148 [INFO] ADCParametersView:116 -                Rank 1 : false
2025-07-28 13:56:22,148 [INFO] ADCParametersView:116 -                Rank 2 : false
2025-07-28 13:56:22,148 [INFO] ADCParametersView:116 -                Rank 1 : false
2025-07-28 13:56:22,148 [INFO] ADCParametersView:116 -                Rank 2 : false
2025-07-28 13:56:22,148 [INFO] ADCParametersView:116 -                Rank 1 : false
2025-07-28 13:56:22,148 [INFO] ADCParametersView:116 -                Rank 2 : false
2025-07-28 13:56:22,148 [INFO] ADCParametersView:116 -                Rank 1 : false
2025-07-28 13:56:22,148 [INFO] ADCParametersView:116 -                Rank 2 : false
2025-07-28 13:56:22,148 [INFO] ADCParametersView:116 -                Rank 1 : false
2025-07-28 13:56:22,148 [INFO] ADCParametersView:116 -                Rank 2 : false
2025-07-28 13:56:22,149 [INFO] ADCParametersView:116 -                Rank 1 : false
2025-07-28 13:56:22,149 [INFO] ADCParametersView:116 -                Rank 2 : false
2025-07-28 13:56:22,149 [INFO] ADCParametersView:116 -                Rank 1 : false
2025-07-28 13:56:22,149 [INFO] ADCParametersView:116 -                Rank 2 : false
2025-07-28 13:56:22,149 [INFO] ADCParametersView:116 -                Rank 1 : false
2025-07-28 13:56:22,149 [INFO] ADCParametersView:116 -                Rank 2 : false
2025-07-28 13:56:22,149 [INFO] ADCParametersView:116 -                Rank 1 : false
2025-07-28 13:56:22,149 [INFO] ADCParametersView:116 -                Rank 2 : false
2025-07-28 13:56:22,149 [INFO] ADCParametersView:116 -                Rank 1 : false
2025-07-28 13:56:22,149 [INFO] ADCParametersView:116 -                Rank 2 : false
2025-07-28 13:56:22,149 [INFO] ADCParametersView:116 -                Rank 1 : false
2025-07-28 13:56:22,149 [INFO] ADCParametersView:116 -                Rank 2 : false
2025-07-28 13:56:22,149 [INFO] ADCParametersView:116 -                Rank 1 : false
2025-07-28 13:56:22,149 [INFO] ADCParametersView:116 -                Rank 2 : false
2025-07-28 13:56:22,149 [INFO] ADCParametersView:116 -                Rank 1 : false
2025-07-28 13:56:22,149 [INFO] ADCParametersView:116 -                Rank 2 : false
2025-07-28 13:56:22,149 [INFO] ADCParametersView:116 -                Rank 1 : false
2025-07-28 13:56:22,150 [INFO] ADCParametersView:116 -                Rank 2 : false
2025-07-28 13:56:22,150 [INFO] ADCParametersView:116 -                Rank 1 : false
2025-07-28 13:56:22,150 [INFO] ADCParametersView:116 -                Rank 2 : false
2025-07-28 13:56:22,150 [INFO] ADCParametersView:116 -                Rank 1 : false
2025-07-28 13:56:22,150 [INFO] ADCParametersView:116 -                Rank 2 : false
2025-07-28 13:56:22,150 [INFO] ADCParametersView:116 -                Rank 2 : false
2025-07-28 13:56:22,245 [INFO] NvicIntPanel:101 - NVIC parent = com.st.microxplorer.plugins.ip.nvic.MultiNvicIntPanel[,0,0,0x0,invalid,layout=javax.swing.BoxLayout,alignmentX=0.0,alignmentY=0.0,border=,flags=9,maximumSize=,minimumSize=,preferredSize=]
2025-07-28 13:56:22,347 [INFO] NvicIntPanel:101 - NVIC parent = com.st.microxplorer.plugins.ip.nvic.MultiNvicIntPanel[,0,0,0x0,invalid,layout=javax.swing.BoxLayout,alignmentX=0.0,alignmentY=0.0,border=,flags=9,maximumSize=,minimumSize=,preferredSize=]
2025-07-28 13:56:22,404 [INFO] ADCParametersView:116 -                Rank 1 : false
2025-07-28 13:56:22,404 [INFO] ADCParametersView:116 -                Rank 1 : false
2025-07-28 13:56:22,404 [INFO] ADCParametersView:116 -                Rank 2 : false
2025-07-28 13:56:28,266 [INFO] ADCParametersView:116 -                Rank 1 : true
2025-07-28 13:56:28,266 [INFO] ADCParametersView:116 -                Rank 2 : false
2025-07-28 13:56:29,435 [INFO] ADCParametersView:116 -                Rank 1 : true
2025-07-28 13:56:29,435 [INFO] ADCParametersView:116 -                Rank 2 : true
2025-07-28 13:56:33,024 [INFO] NvicIntPanel:101 - NVIC parent = com.st.microxplorer.plugins.ip.nvic.MultiNvicIntPanel[,0,0,0x0,invalid,layout=javax.swing.BoxLayout,alignmentX=0.0,alignmentY=0.0,border=,flags=9,maximumSize=,minimumSize=,preferredSize=]
2025-07-28 13:56:33,082 [INFO] ADCParametersView:116 -                Rank 1 : true
2025-07-28 13:56:33,082 [INFO] ADCParametersView:116 -                Rank 2 : true
2025-07-28 13:56:33,085 [INFO] ADCParametersView:116 -                Rank 1 : true
2025-07-28 13:56:33,085 [INFO] ADCParametersView:116 -                Rank 2 : true
2025-07-28 13:56:33,085 [INFO] ADCParametersView:116 -                Rank 1 : true
2025-07-28 13:56:33,085 [INFO] ADCParametersView:116 -                Rank 2 : true
2025-07-28 13:56:33,085 [INFO] ADCParametersView:116 -                Rank 1 : true
2025-07-28 13:56:33,085 [INFO] ADCParametersView:116 -                Rank 2 : true
2025-07-28 13:56:33,085 [INFO] ADCParametersView:116 -                Rank 1 : true
2025-07-28 13:56:33,085 [INFO] ADCParametersView:116 -                Rank 2 : true
2025-07-28 13:56:33,085 [INFO] ADCParametersView:116 -                Rank 1 : true
2025-07-28 13:56:33,085 [INFO] ADCParametersView:116 -                Rank 2 : true
2025-07-28 13:56:33,085 [INFO] ADCParametersView:116 -                Rank 1 : true
2025-07-28 13:56:33,085 [INFO] ADCParametersView:116 -                Rank 2 : true
2025-07-28 13:56:33,085 [INFO] ADCParametersView:116 -                Rank 1 : true
2025-07-28 13:56:33,086 [INFO] ADCParametersView:116 -                Rank 2 : true
2025-07-28 13:56:33,086 [INFO] ADCParametersView:116 -                Rank 1 : true
2025-07-28 13:56:33,086 [INFO] ADCParametersView:116 -                Rank 2 : true
2025-07-28 13:56:33,086 [INFO] ADCParametersView:116 -                Rank 1 : true
2025-07-28 13:56:33,086 [INFO] ADCParametersView:116 -                Rank 2 : true
2025-07-28 13:56:33,086 [INFO] ADCParametersView:116 -                Rank 1 : true
2025-07-28 13:56:33,086 [INFO] ADCParametersView:116 -                Rank 2 : true
2025-07-28 13:56:33,086 [INFO] ADCParametersView:116 -                Rank 1 : true
2025-07-28 13:56:33,086 [INFO] ADCParametersView:116 -                Rank 2 : true
2025-07-28 13:56:33,086 [INFO] ADCParametersView:116 -                Rank 1 : true
2025-07-28 13:56:33,086 [INFO] ADCParametersView:116 -                Rank 2 : true
2025-07-28 13:56:33,086 [INFO] ADCParametersView:116 -                Rank 1 : true
2025-07-28 13:56:33,086 [INFO] ADCParametersView:116 -                Rank 2 : true
2025-07-28 13:56:33,086 [INFO] ADCParametersView:116 -                Rank 1 : true
2025-07-28 13:56:33,086 [INFO] ADCParametersView:116 -                Rank 2 : true
2025-07-28 13:56:33,086 [INFO] ADCParametersView:116 -                Rank 1 : true
2025-07-28 13:56:33,086 [INFO] ADCParametersView:116 -                Rank 2 : true
2025-07-28 13:56:33,086 [INFO] ADCParametersView:116 -                Rank 1 : true
2025-07-28 13:56:33,086 [INFO] ADCParametersView:116 -                Rank 2 : true
2025-07-28 13:56:33,087 [INFO] ADCParametersView:116 -                Rank 1 : true
2025-07-28 13:56:33,087 [INFO] ADCParametersView:116 -                Rank 2 : true
2025-07-28 13:56:33,087 [INFO] ADCParametersView:116 -                Rank 1 : true
2025-07-28 13:56:33,087 [INFO] ADCParametersView:116 -                Rank 2 : true
2025-07-28 13:56:33,087 [INFO] ADCParametersView:116 -                Rank 1 : true
2025-07-28 13:56:33,087 [INFO] ADCParametersView:116 -                Rank 2 : true
2025-07-28 13:56:33,087 [INFO] ADCParametersView:116 -                Rank 1 : true
2025-07-28 13:56:33,087 [INFO] ADCParametersView:116 -                Rank 2 : true
2025-07-28 13:56:33,087 [INFO] ADCParametersView:116 -                Rank 1 : true
2025-07-28 13:56:33,087 [INFO] ADCParametersView:116 -                Rank 2 : true
2025-07-28 13:56:33,087 [INFO] ADCParametersView:116 -                Rank 2 : true
2025-07-28 13:56:33,166 [INFO] NvicIntPanel:101 - NVIC parent = com.st.microxplorer.plugins.ip.nvic.MultiNvicIntPanel[,0,0,0x0,invalid,layout=javax.swing.BoxLayout,alignmentX=0.0,alignmentY=0.0,border=,flags=9,maximumSize=,minimumSize=,preferredSize=]
2025-07-28 13:56:33,280 [INFO] NvicIntPanel:101 - NVIC parent = com.st.microxplorer.plugins.ip.nvic.MultiNvicIntPanel[,0,0,0x0,invalid,layout=javax.swing.BoxLayout,alignmentX=0.0,alignmentY=0.0,border=,flags=9,maximumSize=,minimumSize=,preferredSize=]
2025-07-28 13:56:33,321 [INFO] ADCParametersView:116 -                Rank 1 : true
2025-07-28 13:56:33,323 [INFO] ADCParametersView:116 -                Rank 1 : true
2025-07-28 13:56:33,323 [INFO] ADCParametersView:116 -                Rank 2 : true
2025-07-28 13:56:34,416 [INFO] NvicIntPanel:101 - NVIC parent = com.st.microxplorer.plugins.ip.nvic.MultiNvicIntPanel[,0,0,0x0,invalid,layout=javax.swing.BoxLayout,alignmentX=0.0,alignmentY=0.0,border=,flags=9,maximumSize=,minimumSize=,preferredSize=]
2025-07-28 13:56:34,466 [INFO] ADCParametersView:116 -                Rank 1 : true
2025-07-28 13:56:34,466 [INFO] ADCParametersView:116 -                Rank 2 : true
2025-07-28 13:56:34,470 [INFO] ADCParametersView:116 -                Rank 1 : true
2025-07-28 13:56:34,470 [INFO] ADCParametersView:116 -                Rank 2 : true
2025-07-28 13:56:34,470 [INFO] ADCParametersView:116 -                Rank 1 : true
2025-07-28 13:56:34,470 [INFO] ADCParametersView:116 -                Rank 2 : true
2025-07-28 13:56:34,470 [INFO] ADCParametersView:116 -                Rank 1 : true
2025-07-28 13:56:34,470 [INFO] ADCParametersView:116 -                Rank 2 : true
2025-07-28 13:56:34,470 [INFO] ADCParametersView:116 -                Rank 1 : true
2025-07-28 13:56:34,470 [INFO] ADCParametersView:116 -                Rank 2 : true
2025-07-28 13:56:34,470 [INFO] ADCParametersView:116 -                Rank 1 : true
2025-07-28 13:56:34,470 [INFO] ADCParametersView:116 -                Rank 2 : true
2025-07-28 13:56:34,471 [INFO] ADCParametersView:116 -                Rank 1 : true
2025-07-28 13:56:34,471 [INFO] ADCParametersView:116 -                Rank 2 : true
2025-07-28 13:56:34,471 [INFO] ADCParametersView:116 -                Rank 1 : true
2025-07-28 13:56:34,471 [INFO] ADCParametersView:116 -                Rank 2 : true
2025-07-28 13:56:34,471 [INFO] ADCParametersView:116 -                Rank 1 : true
2025-07-28 13:56:34,471 [INFO] ADCParametersView:116 -                Rank 2 : true
2025-07-28 13:56:34,471 [INFO] ADCParametersView:116 -                Rank 1 : true
2025-07-28 13:56:34,471 [INFO] ADCParametersView:116 -                Rank 2 : true
2025-07-28 13:56:34,471 [INFO] ADCParametersView:116 -                Rank 1 : true
2025-07-28 13:56:34,472 [INFO] ADCParametersView:116 -                Rank 2 : true
2025-07-28 13:56:34,472 [INFO] ADCParametersView:116 -                Rank 1 : true
2025-07-28 13:56:34,472 [INFO] ADCParametersView:116 -                Rank 2 : true
2025-07-28 13:56:34,472 [INFO] ADCParametersView:116 -                Rank 1 : true
2025-07-28 13:56:34,472 [INFO] ADCParametersView:116 -                Rank 2 : true
2025-07-28 13:56:34,472 [INFO] ADCParametersView:116 -                Rank 1 : true
2025-07-28 13:56:34,472 [INFO] ADCParametersView:116 -                Rank 2 : true
2025-07-28 13:56:34,472 [INFO] ADCParametersView:116 -                Rank 1 : true
2025-07-28 13:56:34,472 [INFO] ADCParametersView:116 -                Rank 2 : true
2025-07-28 13:56:34,472 [INFO] ADCParametersView:116 -                Rank 1 : true
2025-07-28 13:56:34,473 [INFO] ADCParametersView:116 -                Rank 2 : true
2025-07-28 13:56:34,473 [INFO] ADCParametersView:116 -                Rank 1 : true
2025-07-28 13:56:34,473 [INFO] ADCParametersView:116 -                Rank 2 : true
2025-07-28 13:56:34,473 [INFO] ADCParametersView:116 -                Rank 1 : true
2025-07-28 13:56:34,473 [INFO] ADCParametersView:116 -                Rank 2 : true
2025-07-28 13:56:34,473 [INFO] ADCParametersView:116 -                Rank 1 : true
2025-07-28 13:56:34,473 [INFO] ADCParametersView:116 -                Rank 2 : true
2025-07-28 13:56:34,473 [INFO] ADCParametersView:116 -                Rank 1 : true
2025-07-28 13:56:34,473 [INFO] ADCParametersView:116 -                Rank 2 : true
2025-07-28 13:56:34,473 [INFO] ADCParametersView:116 -                Rank 1 : true
2025-07-28 13:56:34,473 [INFO] ADCParametersView:116 -                Rank 2 : true
2025-07-28 13:56:34,473 [INFO] ADCParametersView:116 -                Rank 1 : true
2025-07-28 13:56:34,473 [INFO] ADCParametersView:116 -                Rank 2 : true
2025-07-28 13:56:34,474 [INFO] ADCParametersView:116 -                Rank 2 : true
2025-07-28 13:56:34,552 [INFO] NvicIntPanel:101 - NVIC parent = com.st.microxplorer.plugins.ip.nvic.MultiNvicIntPanel[,0,0,0x0,invalid,layout=javax.swing.BoxLayout,alignmentX=0.0,alignmentY=0.0,border=,flags=9,maximumSize=,minimumSize=,preferredSize=]
2025-07-28 13:56:34,657 [INFO] NvicIntPanel:101 - NVIC parent = com.st.microxplorer.plugins.ip.nvic.MultiNvicIntPanel[,0,0,0x0,invalid,layout=javax.swing.BoxLayout,alignmentX=0.0,alignmentY=0.0,border=,flags=9,maximumSize=,minimumSize=,preferredSize=]
2025-07-28 13:56:34,705 [INFO] ADCParametersView:116 -                Rank 1 : true
2025-07-28 13:56:34,706 [INFO] ADCParametersView:116 -                Rank 1 : true
2025-07-28 13:56:34,706 [INFO] ADCParametersView:116 -                Rank 2 : true
2025-07-28 13:56:37,870 [INFO] UtilMem:75 - End SaveConfig() Used Memory: 804548608 Bytes (1073741824)
2025-07-28 13:56:37,988 [INFO] UtilMem:75 - End SaveConfig() Used Memory: 814559216 Bytes (1073741824)
2025-07-28 13:56:42,945 [INFO] UtilMem:75 - End SaveConfig() Used Memory: 871059528 Bytes (1073741824)
2025-07-28 13:56:43,157 [INFO] BlockDiagram:2775 - set Specific Code input for plugin: NVIC
2025-07-28 13:56:43,157 [INFO] BlockDiagram:2775 - set Specific Code input for plugin: TIM1_8G0
2025-07-28 13:56:43,158 [INFO] BlockDiagram:2775 - set Specific Code input for plugin: SYS
2025-07-28 13:56:43,158 [INFO] BlockDiagram:2775 - set Specific Code input for plugin: GPIO
2025-07-28 13:56:43,158 [INFO] BlockDiagram:2775 - set Specific Code input for plugin: ADC
2025-07-28 13:56:43,158 [INFO] BlockDiagram:2775 - set Specific Code input for plugin: RCC
2025-07-28 13:56:43,159 [INFO] CodeGenerator:882 - code generatio: config db path: C:\ST\STM32CubeIDE_1.18.1\STM32CubeIDE\plugins\com.st.stm32cube.common.mx_6.14.1.202504091515\\db\
2025-07-28 13:56:43,332 [INFO] CodeEngine:263 - oldGeneratedFile, C:\Users\singh\STM32CubeIDE\workspace_1.18.1\test1\MXTmpFiles\license.tmp_save
2025-07-28 13:56:43,482 [INFO] CodeEngine:287 - Generated code: C:\Users\singh\STM32CubeIDE\workspace_1.18.1\test1\MXTmpFiles\license.tmp
2025-07-28 13:56:43,613 [INFO] CodeEngine:263 - oldGeneratedFile, C:\Users\singh\STM32CubeIDE\workspace_1.18.1\test1\MXTmpFiles\gpio.tmp_save
2025-07-28 13:56:43,713 [INFO] CodeEngine:287 - Generated code: C:\Users\singh\STM32CubeIDE\workspace_1.18.1\test1\MXTmpFiles\gpio.tmp
2025-07-28 13:56:44,118 [INFO] CodeEngine:263 - oldGeneratedFile, C:\Users\singh\STM32CubeIDE\workspace_1.18.1\test1\Core\Src\stm32g0xx_it.c_save
2025-07-28 13:56:44,306 [INFO] CodeEngine:287 - Generated code: C:\Users\singh\STM32CubeIDE\workspace_1.18.1\test1\Core\Src\stm32g0xx_it.c
2025-07-28 13:56:44,313 [INFO] CodeEngine:263 - oldGeneratedFile, C:\Users\singh\STM32CubeIDE\workspace_1.18.1\test1\Core\Inc\stm32g0xx_it.h_save
2025-07-28 13:56:44,381 [INFO] CodeEngine:287 - Generated code: C:\Users\singh\STM32CubeIDE\workspace_1.18.1\test1\Core\Inc\stm32g0xx_it.h
2025-07-28 13:56:44,393 [INFO] CodeEngine:263 - oldGeneratedFile, C:\Users\singh\STM32CubeIDE\workspace_1.18.1\test1\Core\Src\stm32g0xx_hal_msp.c_save
2025-07-28 13:56:44,501 [INFO] CodeEngine:287 - Generated code: C:\Users\singh\STM32CubeIDE\workspace_1.18.1\test1\Core\Src\stm32g0xx_hal_msp.c
2025-07-28 13:56:44,507 [INFO] CodeEngine:263 - oldGeneratedFile, C:\Users\singh\STM32CubeIDE\workspace_1.18.1\test1\MXTmpFiles\system.tmp_save
2025-07-28 13:56:44,603 [INFO] CodeEngine:287 - Generated code: C:\Users\singh\STM32CubeIDE\workspace_1.18.1\test1\MXTmpFiles\system.tmp
2025-07-28 13:56:44,614 [INFO] CodeEngine:319 - oldGeneratedFile, C:\Users\singh\STM32CubeIDE\workspace_1.18.1\test1\Core\Inc\stm32g0xx_hal_conf.h_save
2025-07-28 13:56:44,678 [INFO] CodeEngine:343 - Generated code: C:\Users\singh\STM32CubeIDE\workspace_1.18.1\test1\Core\Inc\stm32g0xx_hal_conf.h
2025-07-28 13:56:44,698 [WARN] IPConfigManager:3790 - IP not found : TIM
2025-07-28 13:56:44,700 [WARN] CodeGenerator:4198 - IP not found : null
2025-07-28 13:56:44,710 [INFO] CodeEngine:263 - oldGeneratedFile, C:\Users\singh\STM32CubeIDE\workspace_1.18.1\test1\Core\Inc\main.h_save
2025-07-28 13:56:44,804 [INFO] CodeEngine:287 - Generated code: C:\Users\singh\STM32CubeIDE\workspace_1.18.1\test1\Core\Inc\main.h
2025-07-28 13:56:44,812 [INFO] CodeEngine:263 - oldGeneratedFile, C:\Users\singh\STM32CubeIDE\workspace_1.18.1\test1\Core\Src\main.c_save
2025-07-28 13:56:44,926 [INFO] CodeEngine:287 - Generated code: C:\Users\singh\STM32CubeIDE\workspace_1.18.1\test1\Core\Src\main.c
2025-07-28 13:56:45,265 [INFO] ProjectBuilder:3324 - Time for Copy HAL[1] : 154mS.
2025-07-28 13:56:45,269 [INFO] ProjectBuilder:4912 - Project Generator version: 4.6.0.1-B1
2025-07-28 13:56:45,353 [INFO] ConfigFileManager:1590 - The Die is : DIE466
2025-07-28 13:56:46,590 [INFO] ProjectBuilder:5191 - Time for Generating toolchain IDE Files: 1322mS.
2025-07-28 13:56:46,591 [INFO] ProjectBuilder:3181 - Time for Copy CMSIS : 0mS.
2025-07-28 13:56:46,594 [INFO] ProjectBuilder:3181 - Time for Copy CMSIS : 0mS.
2025-07-28 14:27:20,353 [INFO] WebApp:194 - Connection lost
2025-07-28 14:27:20,843 [INFO] WebApp:191 - Connection restablished
2025-07-28 14:27:22,862 [INFO] WebApp:194 - Connection lost
2025-07-28 14:27:26,531 [INFO] WebApp:191 - Connection restablished
2025-07-28 14:27:29,855 [INFO] WebApp:194 - Connection lost
2025-07-28 14:27:30,031 [INFO] WebApp:191 - Connection restablished
2025-07-28 14:27:34,357 [INFO] WebApp:194 - Connection lost
2025-07-28 14:27:48,075 [INFO] WebApp:191 - Connection restablished
2025-07-28 14:27:52,360 [INFO] WebApp:194 - Connection lost
2025-07-28 14:27:53,979 [INFO] WebApp:191 - Connection restablished
2025-07-28 14:27:57,854 [INFO] WebApp:194 - Connection lost
2025-07-28 14:27:58,855 [INFO] WebApp:191 - Connection restablished
2025-07-28 14:28:03,352 [INFO] WebApp:194 - Connection lost
2025-07-28 14:28:05,565 [INFO] WebApp:191 - Connection restablished
2025-07-28 14:28:09,846 [INFO] WebApp:194 - Connection lost
2025-07-28 14:28:10,349 [INFO] WebApp:191 - Connection restablished
2025-07-28 14:28:14,375 [INFO] WebApp:194 - Connection lost
2025-07-28 14:28:15,859 [INFO] WebApp:191 - Connection restablished
2025-07-28 14:28:19,860 [INFO] WebApp:194 - Connection lost
2025-07-28 14:28:21,576 [INFO] WebApp:191 - Connection restablished
2025-07-28 14:28:25,862 [INFO] WebApp:194 - Connection lost
2025-07-28 14:28:28,649 [INFO] WebApp:191 - Connection restablished
2025-07-28 14:28:31,396 [INFO] WebApp:194 - Connection lost
2025-07-28 14:28:32,696 [INFO] WebApp:191 - Connection restablished
2025-07-28 14:28:36,849 [INFO] WebApp:194 - Connection lost
2025-07-28 14:28:40,048 [INFO] WebApp:191 - Connection restablished
2025-07-28 14:28:43,838 [INFO] WebApp:194 - Connection lost
2025-07-28 14:28:44,018 [INFO] WebApp:191 - Connection restablished
2025-07-28 14:28:48,352 [INFO] WebApp:194 - Connection lost
2025-07-28 14:28:49,631 [INFO] WebApp:191 - Connection restablished
2025-07-28 14:28:53,877 [INFO] WebApp:194 - Connection lost
2025-07-28 14:28:55,515 [INFO] WebApp:191 - Connection restablished
2025-07-28 14:28:59,859 [INFO] WebApp:194 - Connection lost
2025-07-28 14:29:02,270 [INFO] WebApp:191 - Connection restablished
2025-07-28 14:29:05,337 [INFO] WebApp:194 - Connection lost
2025-07-28 14:29:13,770 [INFO] WebApp:191 - Connection restablished
2025-07-28 14:29:17,857 [INFO] WebApp:194 - Connection lost
2025-07-28 14:29:21,545 [INFO] WebApp:191 - Connection restablished
2025-07-28 14:29:25,353 [INFO] WebApp:194 - Connection lost
2025-07-28 14:29:27,016 [INFO] WebApp:191 - Connection restablished
2025-07-28 14:29:30,844 [INFO] WebApp:194 - Connection lost
2025-07-28 14:29:32,171 [INFO] WebApp:191 - Connection restablished
2025-07-28 14:29:36,356 [INFO] WebApp:194 - Connection lost
2025-07-28 14:29:39,457 [INFO] WebApp:191 - Connection restablished
2025-07-28 14:29:42,858 [INFO] WebApp:194 - Connection lost
2025-07-28 14:29:43,493 [INFO] WebApp:191 - Connection restablished
2025-07-28 14:29:47,861 [INFO] WebApp:194 - Connection lost
2025-07-28 14:29:48,915 [INFO] WebApp:191 - Connection restablished
2025-07-28 14:29:53,364 [INFO] WebApp:194 - Connection lost
2025-07-28 14:29:54,561 [INFO] WebApp:191 - Connection restablished
2025-07-28 14:29:58,854 [INFO] WebApp:194 - Connection lost
2025-07-28 14:30:00,748 [INFO] WebApp:191 - Connection restablished
2025-07-28 14:30:04,356 [INFO] WebApp:194 - Connection lost
2025-07-28 14:30:06,348 [INFO] WebApp:191 - Connection restablished
2025-07-28 14:30:10,357 [INFO] WebApp:194 - Connection lost
2025-07-28 14:30:11,959 [INFO] WebApp:191 - Connection restablished
2025-07-28 14:30:15,860 [INFO] WebApp:194 - Connection lost
2025-07-28 14:30:17,701 [INFO] WebApp:191 - Connection restablished
2025-07-28 14:30:21,864 [INFO] WebApp:194 - Connection lost
2025-07-28 14:30:28,194 [INFO] WebApp:191 - Connection restablished
2025-07-28 14:30:29,851 [INFO] WebApp:194 - Connection lost
2025-07-28 14:30:30,359 [INFO] WebApp:191 - Connection restablished
2025-07-28 14:30:34,368 [INFO] WebApp:194 - Connection lost
2025-07-28 14:30:36,879 [INFO] WebApp:191 - Connection restablished
2025-07-28 14:30:40,357 [INFO] WebApp:194 - Connection lost
2025-07-28 14:30:41,824 [INFO] WebApp:191 - Connection restablished
2025-07-28 14:30:45,852 [INFO] WebApp:194 - Connection lost
2025-07-28 14:30:55,509 [INFO] WebApp:191 - Connection restablished
2025-07-28 14:30:59,848 [INFO] WebApp:194 - Connection lost
2025-07-28 14:31:01,375 [INFO] WebApp:191 - Connection restablished
2025-07-28 14:31:04,847 [INFO] WebApp:194 - Connection lost
2025-07-28 14:31:07,010 [INFO] WebApp:191 - Connection restablished
2025-07-28 14:31:11,343 [INFO] WebApp:194 - Connection lost
2025-07-28 14:31:13,918 [INFO] WebApp:191 - Connection restablished
2025-07-28 14:31:17,355 [INFO] WebApp:194 - Connection lost
2025-07-28 14:31:17,981 [INFO] WebApp:191 - Connection restablished
2025-07-28 14:31:21,868 [INFO] WebApp:194 - Connection lost
2025-07-28 14:31:23,544 [INFO] WebApp:191 - Connection restablished
2025-07-28 14:31:27,355 [INFO] WebApp:194 - Connection lost
2025-07-28 14:31:29,859 [INFO] WebApp:191 - Connection restablished
2025-07-28 14:31:33,850 [INFO] WebApp:194 - Connection lost
2025-07-28 14:31:34,798 [INFO] WebApp:191 - Connection restablished
2025-07-28 14:31:38,351 [INFO] WebApp:194 - Connection lost
2025-07-28 14:31:41,617 [INFO] WebApp:191 - Connection restablished
2025-07-28 14:31:44,840 [INFO] WebApp:194 - Connection lost
2025-07-28 14:31:49,515 [INFO] WebApp:191 - Connection restablished
2025-07-28 14:31:54,838 [INFO] WebApp:194 - Connection lost
2025-07-28 14:31:59,526 [INFO] WebApp:191 - Connection restablished
2025-07-28 14:32:01,903 [INFO] WebApp:194 - Connection lost
2025-07-28 14:32:02,408 [INFO] WebApp:191 - Connection restablished
2025-07-28 14:32:06,368 [INFO] WebApp:194 - Connection lost
2025-07-28 14:32:08,245 [INFO] WebApp:191 - Connection restablished
2025-07-28 14:32:11,858 [INFO] WebApp:194 - Connection lost
2025-07-28 14:32:13,419 [INFO] WebApp:191 - Connection restablished
2025-07-28 14:32:17,865 [INFO] WebApp:194 - Connection lost
2025-07-28 14:32:20,710 [INFO] WebApp:191 - Connection restablished
2025-07-28 14:32:22,865 [INFO] WebApp:194 - Connection lost
2025-07-28 14:32:25,335 [INFO] WebApp:191 - Connection restablished
2025-07-28 14:32:28,856 [INFO] WebApp:194 - Connection lost
2025-07-28 14:32:31,952 [INFO] WebApp:191 - Connection restablished
2025-07-28 14:32:34,860 [INFO] WebApp:194 - Connection lost
2025-07-28 14:32:38,116 [INFO] WebApp:191 - Connection restablished
2025-07-28 14:32:41,346 [INFO] WebApp:194 - Connection lost
2025-07-28 14:32:52,043 [INFO] WebApp:191 - Connection restablished
2025-07-28 14:32:56,425 [INFO] WebApp:194 - Connection lost
2025-07-28 14:32:58,420 [INFO] WebApp:191 - Connection restablished
2025-07-28 14:33:02,869 [INFO] WebApp:194 - Connection lost
2025-07-28 14:33:05,587 [INFO] WebApp:191 - Connection restablished
2025-07-28 14:33:09,860 [INFO] WebApp:194 - Connection lost
2025-07-28 14:33:10,358 [INFO] WebApp:191 - Connection restablished
2025-07-28 15:17:03,172 [INFO] WebApp:194 - Connection lost
2025-07-28 15:17:04,972 [INFO] WebApp:191 - Connection restablished
2025-07-28 18:47:50,013 [INFO] WebApp:403 - JxBrowser engine has been closed 
2025-07-28 18:48:01,809 [ERROR] LogOutputStream:75 - [STDERR_REDIRECT] 
