2025-08-23 11:36:18,074 [INFO] Activator:176 - 


2025-08-23 11:36:18,102 [INFO] Activator:177 - !SESSION log4j initialized
2025-08-23 11:36:34,487 [INFO] LogOutputStream:77 - [STDOUT_REDIRECT] 
2025-08-23 11:36:42,000 [INFO] ApplicationProperties:184 - Using Application install path: C:\ST\STM32CubeIDE_1.18.1\STM32CubeIDE\plugins\com.st.stm32cube.common.mx_6.15.0.202507011659
2025-08-23 11:36:42,016 [INFO] DbMcusXml:78 - Set database path to: C:\ST\STM32CubeIDE_1.18.1\STM32CubeIDE\plugins\com.st.stm32cube.common.mx_6.15.0.202507011659\\db\/mcu/
2025-08-23 11:36:42,016 [INFO] ApiDb:274 - Set plugin database path to: C:\ST\STM32CubeIDE_1.18.1\STM32CubeIDE\plugins\com.st.stm32cube.common.mx_6.15.0.202507011659\\db\/plugins/boardmanager/
2025-08-23 11:36:42,016 [WARN] ApiDb:259 - Overriding images path with different value:  => C:\ST\STM32CubeIDE_1.18.1\STM32CubeIDE\plugins\com.st.stm32cube.common.mx_6.15.0.202507011659\\db\/plugins/mcufinder/images/
2025-08-23 11:36:42,031 [INFO] ApiDb:250 - Set database path to: C:\Users\singh\.stmcufinder\plugins\mcufinder//mcu/
2025-08-23 11:36:42,031 [INFO] DbMcusAds:125 - Set database path to: C:\Users\singh\.stmcufinder\plugins\mcufinder//mcu/
2025-08-23 11:36:42,047 [INFO] CrossReferenceDbSqlite:203 - Set database path to: C:\Users\singh\.stmcufinder\plugins\mcufinder//mcu/cs/
2025-08-23 11:36:42,222 [INFO] RulesReader:64 - Compatibility file has been processed (317 Rules)
2025-08-23 11:36:42,363 [INFO] DbMcusXml:78 - Set database path to: C:\ST\STM32CubeIDE_1.18.1\STM32CubeIDE\plugins\com.st.stm32cube.common.mx_6.15.0.202507011659\\db\/mcu/
2025-08-23 11:36:42,363 [INFO] ApiDb:274 - Set plugin database path to: C:\ST\STM32CubeIDE_1.18.1\STM32CubeIDE\plugins\com.st.stm32cube.common.mx_6.15.0.202507011659\\db\/plugins/boardmanager/
2025-08-23 11:36:42,363 [INFO] ApiDb:261 - Set plugin images path to: C:\ST\STM32CubeIDE_1.18.1\STM32CubeIDE\plugins\com.st.stm32cube.common.mx_6.15.0.202507011659\\db\/plugins/mcufinder/images/
2025-08-23 11:36:42,363 [WARN] DbFile:41 - Overriding database path with different value: C:\Users\singh\.stmcufinder\plugins\mcufinder/ => C:\Users\singh\.stmcufinder\plugins\mcufinder
2025-08-23 11:36:42,363 [INFO] ApiDb:250 - Set database path to: C:\Users\singh\.stmcufinder\plugins\mcufinder//mcu/
2025-08-23 11:36:42,363 [WARN] DbFile:41 - Overriding database path with different value: C:\Users\singh\.stmcufinder\plugins\mcufinder/ => C:\Users\singh\.stmcufinder\plugins\mcufinder
2025-08-23 11:36:42,363 [INFO] DbMcusAds:125 - Set database path to: C:\Users\singh\.stmcufinder\plugins\mcufinder//mcu/
2025-08-23 11:36:42,363 [WARN] DbFile:41 - Overriding database path with different value: C:\Users\singh\.stmcufinder\plugins\mcufinder/ => C:\Users\singh\.stmcufinder\plugins\mcufinder
2025-08-23 11:36:42,363 [WARN] DbFile:41 - Overriding database path with different value: C:\Users\singh\.stmcufinder\plugins\mcufinder/ => C:\Users\singh\.stmcufinder\plugins\mcufinder
2025-08-23 11:36:42,363 [INFO] CrossReferenceDbSqlite:203 - Set database path to: C:\Users\singh\.stmcufinder\plugins\mcufinder//mcu/cs/
2025-08-23 11:36:42,476 [INFO] MainPanel:274 - HeapMemory: 268435456
2025-08-23 11:36:42,622 [INFO] DbMcusXml:78 - Set database path to: C:\ST\STM32CubeIDE_1.18.1\STM32CubeIDE\plugins\com.st.stm32cube.common.mx_6.15.0.202507011659\\db\/mcu/
2025-08-23 11:36:42,622 [INFO] ApiDb:274 - Set plugin database path to: C:\ST\STM32CubeIDE_1.18.1\STM32CubeIDE\plugins\com.st.stm32cube.common.mx_6.15.0.202507011659\\db\/plugins/boardmanager/
2025-08-23 11:36:42,622 [INFO] ApiDb:261 - Set plugin images path to: C:\ST\STM32CubeIDE_1.18.1\STM32CubeIDE\plugins\com.st.stm32cube.common.mx_6.15.0.202507011659\\db\/plugins/mcufinder/images/
2025-08-23 11:36:42,622 [WARN] DbFile:41 - Overriding database path with different value: C:\Users\singh\.stmcufinder\plugins\mcufinder/ => C:\Users\singh\.stmcufinder\plugins\mcufinder
2025-08-23 11:36:42,622 [INFO] ApiDb:250 - Set database path to: C:\Users\singh\.stmcufinder\plugins\mcufinder//mcu/
2025-08-23 11:36:42,622 [WARN] DbFile:41 - Overriding database path with different value: C:\Users\singh\.stmcufinder\plugins\mcufinder/ => C:\Users\singh\.stmcufinder\plugins\mcufinder
2025-08-23 11:36:42,622 [INFO] DbMcusAds:125 - Set database path to: C:\Users\singh\.stmcufinder\plugins\mcufinder//mcu/
2025-08-23 11:36:42,622 [WARN] DbFile:41 - Overriding database path with different value: C:\Users\singh\.stmcufinder\plugins\mcufinder/ => C:\Users\singh\.stmcufinder\plugins\mcufinder
2025-08-23 11:36:42,622 [WARN] DbFile:41 - Overriding database path with different value: C:\Users\singh\.stmcufinder\plugins\mcufinder/ => C:\Users\singh\.stmcufinder\plugins\mcufinder
2025-08-23 11:36:42,622 [INFO] CrossReferenceDbSqlite:203 - Set database path to: C:\Users\singh\.stmcufinder\plugins\mcufinder//mcu/cs/
2025-08-23 11:36:42,655 [INFO] ApplicationProperties:184 - Using Application install path: C:\ST\STM32CubeIDE_1.18.1\STM32CubeIDE\plugins\com.st.stm32cube.common.mx_6.15.0.202507011659
2025-08-23 11:36:42,657 [INFO] PluginManage:196 - Search for loadable plugins [exclusion list=, ]
2025-08-23 11:36:42,658 [INFO] PluginManage:310 - Check plugin analytics
2025-08-23 11:36:42,954 [INFO] AnalyticsPlugin:253 - Accepted Software Licenses: 
2025-08-23 11:36:42,954 [INFO] AnalyticsPlugin:255 - Accepted CMSIS Pack Licenses: 
2025-08-23 11:36:42,954 [INFO] AnalyticsPlugin:257 - Accepted Firmware Licenses: 
2025-08-23 11:36:42,954 [INFO] PluginManage:359 - Loaded plugin analytics (category:tool,tabindex:-1)
2025-08-23 11:36:42,954 [INFO] PluginManage:310 - Check plugin cadmodel
2025-08-23 11:36:42,963 [INFO] CADModel:105 - Init CAD model plugin
2025-08-23 11:36:42,963 [INFO] PluginManage:359 - Loaded plugin cadmodel (category:power,tabindex:5)
2025-08-23 11:36:42,963 [INFO] PluginManage:310 - Check plugin clock
2025-08-23 11:36:42,978 [INFO] PluginManage:359 - Loaded plugin clock (category:base,tabindex:2)
2025-08-23 11:36:42,978 [INFO] PluginManage:310 - Check plugin ddr
2025-08-23 11:36:42,978 [INFO] PluginManage:359 - Loaded plugin ddr (category:tool,tabindex:6)
2025-08-23 11:36:42,978 [INFO] PluginManage:310 - Check plugin filemanager
2025-08-23 11:36:43,164 [INFO] PluginManage:359 - Loaded plugin filemanager (category:base,tabindex:10)
2025-08-23 11:36:43,164 [INFO] PluginManage:310 - Check plugin ipmanager
2025-08-23 11:36:43,172 [INFO] PluginManage:359 - Loaded plugin ipmanager (category:base,tabindex:5)
2025-08-23 11:36:43,172 [INFO] PluginManage:310 - Check plugin lpbam
2025-08-23 11:36:43,185 [INFO] PluginManage:359 - Loaded plugin lpbam (category:base,tabindex:0)
2025-08-23 11:36:43,185 [INFO] PluginManage:310 - Check plugin memorymap
2025-08-23 11:36:43,200 [INFO] PluginManage:359 - Loaded plugin memorymap (category:base,tabindex:4)
2025-08-23 11:36:43,200 [INFO] PluginManage:310 - Check plugin pinoutandconfiguration
2025-08-23 11:36:43,215 [INFO] PluginManage:359 - Loaded plugin pinoutandconfiguration (category:base,tabindex:1)
2025-08-23 11:36:43,215 [INFO] PluginManage:310 - Check plugin pinoutconfig
2025-08-23 11:36:43,358 [WARN] SupportedApi:132 - Cannot load RTOS API schema: s4s-elt-must-match.1: The content of 'definitions' must match (annotation?, (simpleType | complexType)?, (unique | key | keyref)*)). A problem was found starting at: attribute.
2025-08-23 11:36:43,547 [INFO] PluginManage:359 - Loaded plugin pinoutconfig (category:base,tabindex:0)
2025-08-23 11:36:43,547 [INFO] PluginManage:310 - Check plugin power
2025-08-23 11:36:43,563 [INFO] PluginManage:359 - Loaded plugin power (category:power,tabindex:4)
2025-08-23 11:36:43,563 [INFO] PluginManage:310 - Check plugin projectmanager
2025-08-23 11:36:43,582 [INFO] PluginManage:359 - Loaded plugin projectmanager (category:projectmanager,tabindex:4)
2025-08-23 11:36:43,582 [INFO] PluginManage:310 - Check plugin rif
2025-08-23 11:36:43,602 [INFO] PluginManage:359 - Loaded plugin rif (category:base,tabindex:3)
2025-08-23 11:36:43,602 [INFO] PluginManage:310 - Check plugin thirdparty
2025-08-23 11:36:43,802 [INFO] PluginManage:359 - Loaded plugin thirdparty (category:base,tabindex:-1)
2025-08-23 11:36:43,802 [WARN] IntegrityCheckThread:84 - waiting for thirdparty lock release [integrity check]
2025-08-23 11:36:43,802 [INFO] PluginManage:310 - Check plugin tools
2025-08-23 11:36:43,802 [INFO] IntegrityCheckThread:86 - entering critical section [integrity check]
2025-08-23 11:36:43,813 [INFO] ThirdPartyUpdaterWithRetryManager:70 - Updater plugin not ready yet. [1/15]
2025-08-23 11:36:43,816 [INFO] PluginManage:359 - Loaded plugin tools (category:base,tabindex:7)
2025-08-23 11:36:43,816 [INFO] PluginManage:310 - Check plugin tutovideos
2025-08-23 11:36:44,070 [INFO] PluginManage:359 - Loaded plugin tutovideos (category:base,tabindex:-1)
2025-08-23 11:36:44,070 [INFO] PluginManage:310 - Check plugin updater
2025-08-23 11:36:44,117 [INFO] PluginManage:359 - Loaded plugin updater (category:base,tabindex:12)
2025-08-23 11:36:44,117 [INFO] PluginManage:310 - Check plugin userauth
2025-08-23 11:36:44,124 [INFO] UserAuth:118 - Init User Auth plugin
2025-08-23 11:36:44,124 [INFO] PluginManage:359 - Loaded plugin userauth (category:base,tabindex:14)
2025-08-23 11:36:44,132 [INFO] PluginManage:283 - PluginManage : Loaded plugins [18]
2025-08-23 11:36:44,433 [INFO] PinOutPanel:1589 - setPackage(No Configuration,No Configuration)
2025-08-23 11:36:44,547 [INFO] CADModel:165 - CPN selected for project level
2025-08-23 11:36:44,547 [INFO] CADModel:114 - Register for checkConnection events
2025-08-23 11:36:44,577 [INFO] IPUIPlugin:80 - create IPUIPlugin
2025-08-23 11:36:44,577 [INFO] PluginManager:220 - loadIPPluginJar : add adc
2025-08-23 11:36:44,577 [INFO] IPUIPlugin:80 - create IPUIPlugin
2025-08-23 11:36:44,577 [INFO] PluginManager:220 - loadIPPluginJar : add aes
2025-08-23 11:36:44,577 [INFO] IPUIPlugin:80 - create IPUIPlugin
2025-08-23 11:36:44,577 [INFO] PluginManager:220 - loadIPPluginJar : add can
2025-08-23 11:36:44,592 [INFO] IPUIPlugin:80 - create IPUIPlugin
2025-08-23 11:36:44,592 [INFO] PluginManager:220 - loadIPPluginJar : add comp
2025-08-23 11:36:44,593 [INFO] IPUIPlugin:80 - create IPUIPlugin
2025-08-23 11:36:44,593 [INFO] PluginManager:220 - loadIPPluginJar : add cryp
2025-08-23 11:36:44,593 [INFO] IPUIPlugin:80 - create IPUIPlugin
2025-08-23 11:36:44,593 [INFO] PluginManager:220 - loadIPPluginJar : add ddr_ctrl_phy
2025-08-23 11:36:44,601 [INFO] IPUIPlugin:80 - create IPUIPlugin
2025-08-23 11:36:44,601 [INFO] PluginManager:220 - loadIPPluginJar : add dfsdm
2025-08-23 11:36:44,608 [INFO] IPUIPlugin:80 - create IPUIPlugin
2025-08-23 11:36:44,608 [INFO] PluginManager:220 - loadIPPluginJar : add dma
2025-08-23 11:36:44,608 [INFO] IPUIPlugin:80 - create IPUIPlugin
2025-08-23 11:36:44,608 [INFO] PluginManager:220 - loadIPPluginJar : add dma3
2025-08-23 11:36:44,608 [INFO] IPUIPlugin:80 - create IPUIPlugin
2025-08-23 11:36:44,608 [INFO] PluginManager:220 - loadIPPluginJar : add extmemmanager
2025-08-23 11:36:44,608 [INFO] IPUIPlugin:80 - create IPUIPlugin
2025-08-23 11:36:44,608 [INFO] PluginManager:220 - loadIPPluginJar : add fatfs
2025-08-23 11:36:44,624 [INFO] IPUIPlugin:80 - create IPUIPlugin
2025-08-23 11:36:44,624 [INFO] PluginManager:220 - loadIPPluginJar : add fmc
2025-08-23 11:36:44,632 [INFO] IPUIPlugin:80 - create IPUIPlugin
2025-08-23 11:36:44,632 [INFO] PluginManager:220 - loadIPPluginJar : add freertos
2025-08-23 11:36:44,632 [INFO] IPUIPlugin:80 - create IPUIPlugin
2025-08-23 11:36:44,632 [INFO] PluginManager:220 - loadIPPluginJar : add genericplugin
2025-08-23 11:36:44,640 [INFO] IPUIPlugin:80 - create IPUIPlugin
2025-08-23 11:36:44,640 [INFO] PluginManager:220 - loadIPPluginJar : add gfxmmu
2025-08-23 11:36:44,648 [INFO] IPUIPlugin:80 - create IPUIPlugin
2025-08-23 11:36:44,648 [INFO] PluginManager:220 - loadIPPluginJar : add gic
2025-08-23 11:36:44,653 [INFO] IPUIPlugin:80 - create IPUIPlugin
2025-08-23 11:36:44,653 [INFO] PluginManager:220 - loadIPPluginJar : add gpio
2025-08-23 11:36:44,658 [INFO] IPUIPlugin:80 - create IPUIPlugin
2025-08-23 11:36:44,658 [INFO] PluginManager:220 - loadIPPluginJar : add gtzc
2025-08-23 11:36:44,658 [INFO] IPUIPlugin:80 - create IPUIPlugin
2025-08-23 11:36:44,658 [INFO] PluginManager:220 - loadIPPluginJar : add hash
2025-08-23 11:36:44,666 [INFO] IPUIPlugin:80 - create IPUIPlugin
2025-08-23 11:36:44,666 [INFO] PluginManager:220 - loadIPPluginJar : add i2c
2025-08-23 11:36:44,670 [INFO] IPUIPlugin:80 - create IPUIPlugin
2025-08-23 11:36:44,670 [INFO] PluginManager:220 - loadIPPluginJar : add i2s
2025-08-23 11:36:44,675 [INFO] IPUIPlugin:80 - create IPUIPlugin
2025-08-23 11:36:44,675 [INFO] PluginManager:220 - loadIPPluginJar : add i3c
2025-08-23 11:36:44,677 [INFO] IPUIPlugin:80 - create IPUIPlugin
2025-08-23 11:36:44,677 [INFO] PluginManager:220 - loadIPPluginJar : add ipddr
2025-08-23 11:36:44,688 [INFO] IPUIPlugin:80 - create IPUIPlugin
2025-08-23 11:36:44,688 [INFO] PluginManager:220 - loadIPPluginJar : add linkedlist
2025-08-23 11:36:44,688 [INFO] IPUIPlugin:80 - create IPUIPlugin
2025-08-23 11:36:44,688 [INFO] PluginManager:220 - loadIPPluginJar : add lorawan
2025-08-23 11:36:44,688 [INFO] IPUIPlugin:80 - create IPUIPlugin
2025-08-23 11:36:44,688 [INFO] PluginManager:220 - loadIPPluginJar : add ltdc
2025-08-23 11:36:44,704 [INFO] IPUIPlugin:80 - create IPUIPlugin
2025-08-23 11:36:44,704 [INFO] PluginManager:220 - loadIPPluginJar : add mdma
2025-08-23 11:36:44,707 [INFO] IPUIPlugin:80 - create IPUIPlugin
2025-08-23 11:36:44,707 [INFO] PluginManager:220 - loadIPPluginJar : add nvic
2025-08-23 11:36:44,715 [INFO] IPUIPlugin:80 - create IPUIPlugin
2025-08-23 11:36:44,715 [INFO] PluginManager:220 - loadIPPluginJar : add opamp
2025-08-23 11:36:44,720 [INFO] IPUIPlugin:80 - create IPUIPlugin
2025-08-23 11:36:44,720 [INFO] PluginManager:220 - loadIPPluginJar : add openamp
2025-08-23 11:36:44,724 [INFO] IPUIPlugin:80 - create IPUIPlugin
2025-08-23 11:36:44,724 [INFO] PluginManager:220 - loadIPPluginJar : add pdm2pcm
2025-08-23 11:36:44,732 [INFO] IPUIPlugin:80 - create IPUIPlugin
2025-08-23 11:36:44,735 [INFO] PluginManager:220 - loadIPPluginJar : add plateformsettings
2025-08-23 11:36:44,740 [INFO] IPUIPlugin:80 - create IPUIPlugin
2025-08-23 11:36:44,740 [INFO] PluginManager:220 - loadIPPluginJar : add quadspi
2025-08-23 11:36:44,742 [INFO] IPUIPlugin:80 - create IPUIPlugin
2025-08-23 11:36:44,742 [INFO] PluginManager:220 - loadIPPluginJar : add radio
2025-08-23 11:36:44,746 [INFO] IPUIPlugin:80 - create IPUIPlugin
2025-08-23 11:36:44,746 [INFO] PluginManager:220 - loadIPPluginJar : add resmgrutility
2025-08-23 11:36:44,751 [INFO] IPUIPlugin:80 - create IPUIPlugin
2025-08-23 11:36:44,751 [INFO] PluginManager:220 - loadIPPluginJar : add sai
2025-08-23 11:36:44,751 [INFO] IPUIPlugin:80 - create IPUIPlugin
2025-08-23 11:36:44,751 [INFO] PluginManager:220 - loadIPPluginJar : add spi
2025-08-23 11:36:44,764 [INFO] IPUIPlugin:80 - create IPUIPlugin
2025-08-23 11:36:44,764 [INFO] PluginManager:220 - loadIPPluginJar : add stm32_wpan
2025-08-23 11:36:44,766 [INFO] IPUIPlugin:80 - create IPUIPlugin
2025-08-23 11:36:44,766 [INFO] PluginManager:220 - loadIPPluginJar : add tim
2025-08-23 11:36:44,773 [INFO] IPUIPlugin:80 - create IPUIPlugin
2025-08-23 11:36:44,773 [INFO] PluginManager:220 - loadIPPluginJar : add touchsensing
2025-08-23 11:36:44,773 [INFO] IPUIPlugin:80 - create IPUIPlugin
2025-08-23 11:36:44,773 [INFO] PluginManager:220 - loadIPPluginJar : add tracer_emb
2025-08-23 11:36:44,778 [INFO] IPUIPlugin:80 - create IPUIPlugin
2025-08-23 11:36:44,778 [INFO] PluginManager:220 - loadIPPluginJar : add ts
2025-08-23 11:36:44,782 [INFO] IPUIPlugin:80 - create IPUIPlugin
2025-08-23 11:36:44,782 [INFO] PluginManager:220 - loadIPPluginJar : add tsc
2025-08-23 11:36:44,782 [INFO] IPUIPlugin:80 - create IPUIPlugin
2025-08-23 11:36:44,782 [INFO] PluginManager:220 - loadIPPluginJar : add ucpd
2025-08-23 11:36:44,786 [INFO] IPUIPlugin:80 - create IPUIPlugin
2025-08-23 11:36:44,786 [INFO] PluginManager:220 - loadIPPluginJar : add usart
2025-08-23 11:36:44,786 [INFO] IPUIPlugin:80 - create IPUIPlugin
2025-08-23 11:36:44,786 [INFO] PluginManager:220 - loadIPPluginJar : add usbx
2025-08-23 11:36:44,956 [FATAL] Updater:351 - Updater called before beeing initialized
2025-08-23 11:36:44,994 [INFO] RulesReader:64 - Compatibility file has been processed (317 Rules)
2025-08-23 11:36:45,009 [INFO] RulesReader:64 - Compatibility file has been processed (317 Rules)
2025-08-23 11:36:45,019 [INFO] CADModel:165 - CPN selected for project level
2025-08-23 11:36:45,019 [INFO] CADModel:114 - Register for checkConnection events
2025-08-23 11:36:45,019 [FATAL] Updater:351 - Updater called before beeing initialized
2025-08-23 11:36:45,019 [ERROR] CADModel:125 - Updater not yet initialized, retry later 
2025-08-23 11:36:45,210 [FATAL] Updater:351 - Updater called before beeing initialized
2025-08-23 11:36:45,210 [INFO] CADModel:165 - CPN selected for project level
2025-08-23 11:36:45,210 [INFO] CADModel:114 - Register for checkConnection events
2025-08-23 11:36:45,210 [FATAL] Updater:351 - Updater called before beeing initialized
2025-08-23 11:36:45,210 [ERROR] CADModel:125 - Updater not yet initialized, retry later 
2025-08-23 11:36:45,222 [FATAL] Updater:351 - Updater called before beeing initialized
2025-08-23 11:36:45,370 [FATAL] Updater:351 - Updater called before beeing initialized
2025-08-23 11:36:45,370 [INFO] DbMcusAds:53 - JSON generation date=Thu Sep 30 12:25:09 IST 2021 (1632984909247)
2025-08-23 11:36:45,370 [FATAL] Updater:351 - Updater called before beeing initialized
2025-08-23 11:36:45,415 [WARN] DetailPanel:346 - Failed to get advertising image, set to default
2025-08-23 11:36:45,511 [FATAL] Updater:351 - Updater called before beeing initialized
2025-08-23 11:36:45,511 [FATAL] Updater:351 - Updater called before beeing initialized
2025-08-23 11:36:45,511 [FATAL] Updater:351 - Updater called before beeing initialized
2025-08-23 11:36:45,511 [WARN] DetailPanel:346 - Failed to get advertising image, set to default
2025-08-23 11:36:45,523 [FATAL] Updater:351 - Updater called before beeing initialized
2025-08-23 11:36:45,575 [ERROR] Updater:1198 - MainUpdater not yet initialized. External WinMGr cannot be set.
2025-08-23 11:36:45,576 [INFO] Updater:1134 - Updater Version found : 6.15.0
2025-08-23 11:36:45,590 [INFO] ApplicationProperties:184 - Using Application install path: C:\ST\STM32CubeIDE_1.18.1\STM32CubeIDE\plugins\com.st.stm32cube.common.mx_6.15.0.202507011659
2025-08-23 11:36:46,018 [INFO] MainUpdater:2872 - connection check result : 10
2025-08-23 11:36:46,018 [INFO] MainUpdater:3604 - Updater definition file requires update
2025-08-23 11:36:46,018 [INFO] MainUpdater:289 - Updater Check For Update Now.
2025-08-23 11:36:46,018 [INFO] MicroXplorer:498 - Change Database Version : DB.6.0.150
2025-08-23 11:36:46,018 [INFO] McuFinderGlobals:63 - Set McuFinder mode to 2 (CubeIDE integrated)
2025-08-23 11:36:46,018 [INFO] UserAuth:487 - Internet connection configuration mode: 1
2025-08-23 11:36:46,049 [INFO] JxBrowserEngine:152 - Initiate JxBrowser Engine with user profile folder
2025-08-23 11:36:46,497 [INFO] ServerAccessManage:452 - Complete download http(s) 200
2025-08-23 11:36:46,499 [INFO] ServerAccessManage:509 - Download File updaters.zip
2025-08-23 11:36:46,743 [INFO] FileExtend:248 - Unzip File : updaters.zip
2025-08-23 11:36:46,745 [INFO] FileExtend:263 - Standard Zip Deflate
2025-08-23 11:36:47,263 [WARN] MainUpdater:1193 - Updater busy. Cannot search thirdparties
2025-08-23 11:36:47,263 [INFO] ThirdPartyUpdaterWithRetryManager:96 - Updater plugin is busy. [1/15]
2025-08-23 11:36:48,077 [INFO] WebApp:169 - Instantiating new browser for Auth
2025-08-23 11:36:48,186 [INFO] ServerAccessManage:452 - Complete download http(s) 200
2025-08-23 11:36:48,186 [INFO] ServerAccessManage:509 - Download File PacksControlFlags.xml
2025-08-23 11:36:48,511 [INFO] ServerAccessManage:452 - Complete download http(s) 200
2025-08-23 11:36:48,511 [INFO] ServerAccessManage:509 - Download File cubemx.pidx
2025-08-23 11:36:49,035 [INFO] LoadServerUpdatesThread:375 - End of LoadServerUpdate Thread
2025-08-23 11:36:49,397 [INFO] CheckServerUpdateThread:120 - End of CheckServer Thread
2025-08-23 11:36:50,201 [INFO] WebApp:463 - Apply proxy settings
2025-08-23 11:36:50,203 [INFO] WebApp:548 - Chromium requires no authentication
2025-08-23 11:36:50,223 [INFO] WebApp:491 - Direct internet connection detected
2025-08-23 11:36:50,279 [INFO] WebApp:900 - Register for checkConnection events
2025-08-23 11:36:50,281 [INFO] WebApp:463 - Apply proxy settings
2025-08-23 11:36:50,281 [INFO] WebApp:548 - Chromium requires no authentication
2025-08-23 11:36:50,286 [INFO] WebApp:491 - Direct internet connection detected
2025-08-23 11:36:50,775 [INFO] WebApp:225 - Starting web application
2025-08-23 11:36:50,777 [INFO] WebApp:593 - Web application path used C:\ST\STM32CubeIDE_1.18.1\STM32CubeIDE\plugins\com.st.stm32cube.common.mx_6.15.0.202507011659\db\plugins\mcufinder\reactClient1\index.html
2025-08-23 11:36:50,981 [WARN] PackLoader:240 - Cannot read IP mode file for STMicroelectronics.FP-SNS-MOTENVWB1.1.4.0
2025-08-23 11:36:51,041 [WARN] PackLoader:240 - Cannot read IP mode file for STMicroelectronics.FP-ATR-ASTRA1.2.0.2
2025-08-23 11:36:51,074 [WARN] PackLoader:240 - Cannot read IP mode file for STMicroelectronics.X-CUBE-SMBUS.2.1.0
2025-08-23 11:36:51,103 [WARN] PackLoader:240 - Cannot read IP mode file for STMicroelectronics.X-CUBE-ST60.1.0.0
2025-08-23 11:36:51,122 [INFO] WebApp:191 - Connection restablished
2025-08-23 11:36:51,222 [INFO] UserAuth:487 - Internet connection configuration mode: 1
2025-08-23 11:36:51,257 [WARN] PackLoader:240 - Cannot read IP mode file for STMicroelectronics.X-CUBE-AZRTOS-F7.1.1.0
2025-08-23 11:36:51,500 [WARN] PackLoader:240 - Cannot read IP mode file for Infineon.AIROC-Wi-Fi-Bluetooth-STM32.1.7.0
2025-08-23 11:36:51,596 [WARN] PackLoader:240 - Cannot read IP mode file for STMicroelectronics.X-CUBE-AZRTOS-H7.3.4.0
2025-08-23 11:36:51,622 [WARN] PackLoader:240 - Cannot read IP mode file for STMicroelectronics.X-CUBE-DISPLAY.3.0.0
2025-08-23 11:36:51,667 [WARN] PackLoader:240 - Cannot read IP mode file for STMicroelectronics.X-CUBE-NFC10.1.0.0
2025-08-23 11:36:51,706 [WARN] PackLoader:240 - Cannot read IP mode file for STMicroelectronics.X-CUBE-BLEMGR.4.0.0
2025-08-23 11:36:51,731 [WARN] PackLoader:240 - Cannot read IP mode file for emotas.I-CUBE-CANOPEN.1.3.0
2025-08-23 11:36:51,739 [WARN] ConditionMgr:438 - getConditionDescription Invalid condition id : Cortex-A Device cause : null
2025-08-23 11:36:51,758 [WARN] ConditionMgr:1044 - genDependencies : Invalid condition id : Cortex-A Device cause : null
2025-08-23 11:36:51,758 [WARN] ConditionMgr:1044 - genDependencies : Invalid condition id : Cortex-A Device cause : null
2025-08-23 11:36:51,758 [WARN] ConditionMgr:1044 - genDependencies : Invalid condition id : Cortex-A Device cause : null
2025-08-23 11:36:51,764 [WARN] PackLoader:240 - Cannot read IP mode file for STMicroelectronics.X-CUBE-AI.10.0.0
2025-08-23 11:36:51,775 [WARN] PackLoader:240 - Cannot read IP mode file for STMicroelectronics.FP-SNS-STBOX1.2.1.0
2025-08-23 11:36:51,784 [WARN] PackLoader:240 - Cannot read IP mode file for STMicroelectronics.FP-SNS-SMARTAG2.1.2.0
2025-08-23 11:36:51,788 [WARN] PackLoader:240 - Cannot read IP mode file for STMicroelectronics.FP-SNS-FLIGHT1.5.1.0
2025-08-23 11:36:51,815 [INFO] LogOutputStream:77 - [STDOUT_REDIRECT] 1 : Invalid condition id : UX_CORESTACK_Condition cause : null
2025-08-23 11:36:51,815 [INFO] LogOutputStream:77 - [STDOUT_REDIRECT] 1 : Invalid condition id : UX_CORESTACK_Condition cause : null
2025-08-23 11:36:51,820 [INFO] LogOutputStream:77 - [STDOUT_REDIRECT] 1 : Invalid condition id : UX_CORESTACK_Condition cause : null
2025-08-23 11:36:51,822 [INFO] LogOutputStream:77 - [STDOUT_REDIRECT] 1 : Invalid condition id : UX_CORESTACK_Condition cause : null
2025-08-23 11:36:51,824 [INFO] LogOutputStream:77 - [STDOUT_REDIRECT] 1 : Invalid condition id : UX_CORESTACK_Condition cause : null
2025-08-23 11:36:51,844 [WARN] PackLoader:240 - Cannot read IP mode file for STMicroelectronics.X-CUBE-AZRTOS-WL.2.0.0
2025-08-23 11:36:51,856 [WARN] PackLoader:240 - Cannot read IP mode file for STMicroelectronics.FP-SNS-MOTENV1.5.0.0
2025-08-23 11:36:51,875 [WARN] PackLoader:240 - Cannot read IP mode file for WES.I-CUBE-Cesium.1.3.0
2025-08-23 11:36:51,886 [WARN] PackLoader:240 - Cannot read IP mode file for STMicroelectronics.X-CUBE-BLE2.3.3.0
2025-08-23 11:36:51,898 [WARN] PackLoader:240 - Cannot read IP mode file for STMicroelectronics.X-CUBE-NFC9.1.0.0
2025-08-23 11:36:51,914 [WARN] PackLoader:240 - Cannot read IP mode file for STMicroelectronics.X-CUBE-BLE1.7.1.0
2025-08-23 11:36:51,924 [WARN] PackLoader:240 - Cannot read IP mode file for wolfSSL.I-CUBE-wolfMQTT.1.19.2
2025-08-23 11:36:51,935 [WARN] PackLoader:240 - Cannot read IP mode file for STMicroelectronics.X-CUBE-EEPRMA1.5.2.0
2025-08-23 11:36:51,945 [WARN] PackLoader:240 - Cannot read IP mode file for STMicroelectronics.X-CUBE-AI.10.1.0
2025-08-23 11:36:52,047 [WARN] PackLoader:240 - Cannot read IP mode file for STMicroelectronics.X-CUBE-MEMS1.11.2.0
2025-08-23 11:36:52,454 [WARN] PackLoader:240 - Cannot read IP mode file for STMicroelectronics.X-CUBE-AZRTOS-G0.1.1.0
2025-08-23 11:36:52,497 [WARN] PackLoader:240 - Cannot read IP mode file for STMicroelectronics.X-CUBE-SAFEA1.1.2.2
2025-08-23 11:36:52,566 [WARN] PackLoader:240 - Cannot read IP mode file for STMicroelectronics.X-CUBE-NFC4.3.0.0
2025-08-23 11:36:52,630 [WARN] PackLoader:240 - Cannot read IP mode file for EmbeddedOffice.I-CUBE-FS-RTOS.1.0.1
2025-08-23 11:36:52,689 [WARN] PackLoader:240 - Cannot read IP mode file for STMicroelectronics.X-CUBE-WB05N.2.0.0
2025-08-23 11:36:52,716 [WARN] PackLoader:240 - Cannot read IP mode file for wolfSSL.I-CUBE-wolfTPM.3.8.0
2025-08-23 11:36:52,738 [WARN] PackLoader:240 - Cannot read IP mode file for STMicroelectronics.X-CUBE-TCPP.4.2.0
2025-08-23 11:36:52,767 [WARN] PackLoader:240 - Cannot read IP mode file for RealThread.X-CUBE-RT-Thread_Nano.4.1.1
2025-08-23 11:36:52,778 [WARN] PackLoader:240 - Cannot read IP mode file for STMicroelectronics.FP-ATR-SIGFOX1.3.2.0
2025-08-23 11:36:52,808 [WARN] PackLoader:240 - Cannot read IP mode file for STMicroelectronics.X-CUBE-EEPRMA1.5.1.0
2025-08-23 11:36:52,821 [WARN] PackLoader:240 - Cannot read IP mode file for wolfSSL.I-CUBE-wolfSSL.5.7.6
2025-08-23 11:36:52,834 [WARN] PackLoader:240 - Cannot read IP mode file for ITTIA_DB.I-CUBE-ITTIADB.8.9.0
2025-08-23 11:36:52,847 [WARN] PackLoader:240 - Cannot read IP mode file for STMicroelectronics.X-CUBE-ST67W61.1.0.0
2025-08-23 11:36:52,888 [WARN] PackLoader:240 - Cannot read IP mode file for STMicroelectronics.X-CUBE-AI.10.2.0
2025-08-23 11:36:52,953 [WARN] PackLoader:240 - Cannot read IP mode file for SEGGER.I-CUBE-embOS.1.3.1
2025-08-23 11:36:53,063 [WARN] PackLoader:240 - Cannot read IP mode file for STMicroelectronics.X-CUBE-ALGOBUILD.1.4.0
2025-08-23 11:36:53,167 [WARN] PackLoader:240 - Cannot read IP mode file for STMicroelectronics.X-CUBE-MEMS1.11.3.0
2025-08-23 11:36:53,507 [WARN] PackLoader:240 - Cannot read IP mode file for STMicroelectronics.X-CUBE-PM33A1.1.0.0
2025-08-23 11:36:53,536 [WARN] PackLoader:240 - Cannot read IP mode file for STMicroelectronics.X-CUBE-AZRTOS-F4.1.1.0
2025-08-23 11:36:53,556 [WARN] PackLoader:240 - Cannot read IP mode file for Avnet-IotConnect.X-CUBE-IoTC-DA16k-PMOD.1.0.0
2025-08-23 11:36:53,556 [WARN] PackLoader:240 - Cannot read IP mode file for STMicroelectronics.X-CUBE-ISPU.2.1.0
2025-08-23 11:36:53,575 [WARN] PackLoader:240 - Cannot read IP mode file for STMicroelectronics.X-CUBE-NFC12.1.0.0
2025-08-23 11:36:53,604 [WARN] PackLoader:240 - Cannot read IP mode file for STMicroelectronics.X-CUBE-AZRTOS-L5.2.0.0
2025-08-23 11:36:53,623 [WARN] PackLoader:240 - Cannot read IP mode file for STMicroelectronics.X-CUBE-NFC6.3.1.0
2025-08-23 11:36:53,639 [WARN] PackLoader:240 - Cannot read IP mode file for STMicroelectronics.X-CUBE-FREERTOS.1.3.1
2025-08-23 11:36:53,655 [WARN] PackLoader:240 - Cannot read IP mode file for STMicroelectronics.X-CUBE-FREERTOS.1.3.0
2025-08-23 11:36:53,673 [WARN] PackLoader:240 - Cannot read IP mode file for STMicroelectronics.X-CUBE-NFC7.1.0.1
2025-08-23 11:36:53,690 [WARN] PackLoader:240 - Cannot read IP mode file for STMicroelectronics.FP-SNS-STAIOTCFT.1.0.0
2025-08-23 11:36:53,700 [WARN] PackLoader:240 - Cannot read IP mode file for STMicroelectronics.X-CUBE-DPower.1.3.0
2025-08-23 11:36:53,740 [WARN] ConditionMgr:438 - getConditionDescription Invalid condition id : LAN8742 Phy interface Condition cause : null
2025-08-23 11:36:53,740 [WARN] PackLoader:240 - Cannot read IP mode file for STMicroelectronics.X-CUBE-AZRTOS-L4.2.0.0
2025-08-23 11:36:53,742 [WARN] ConditionMgr:1044 - genDependencies : Invalid condition id : LAN8742 Phy interface Condition cause : null
2025-08-23 11:36:53,744 [WARN] ConditionMgr:1044 - genDependencies : Invalid condition id : LAN8742 Phy interface Condition cause : null
2025-08-23 11:36:53,744 [WARN] ConditionMgr:1044 - genDependencies : Invalid condition id : LAN8742 Phy interface Condition cause : null
2025-08-23 11:36:53,758 [WARN] PackLoader:240 - Cannot read IP mode file for STMicroelectronics.X-CUBE-SFXS2LP1.4.0.0
2025-08-23 11:36:53,787 [WARN] PackLoader:240 - Cannot read IP mode file for STMicroelectronics.X-CUBE-AZRTOS-H7.3.3.0
2025-08-23 11:36:53,821 [WARN] PackLoader:240 - Cannot read IP mode file for STMicroelectronics.X-CUBE-BLEMGR.4.1.0
2025-08-23 11:36:53,843 [WARN] ConditionMgr:438 - getConditionDescription Invalid condition id : UX DEVICE CLASS RTOS Condition cause : null
2025-08-23 11:36:53,846 [WARN] ConditionMgr:438 - getConditionDescription Invalid condition id : UX DEVICE CLASS RTOS Condition cause : null
2025-08-23 11:36:53,848 [WARN] PackLoader:240 - Cannot read IP mode file for STMicroelectronics.X-CUBE-AZRTOS-WB.2.0.0
2025-08-23 11:36:53,850 [WARN] ConditionMgr:1044 - genDependencies : Invalid condition id : UX DEVICE CLASS RTOS Condition cause : null
2025-08-23 11:36:53,850 [WARN] ConditionMgr:1044 - genDependencies : Invalid condition id : UX DEVICE CLASS RTOS Condition cause : null
2025-08-23 11:36:53,852 [WARN] ConditionMgr:1044 - genDependencies : Invalid condition id : UX DEVICE CLASS RTOS Condition cause : null
2025-08-23 11:36:53,852 [WARN] ConditionMgr:1044 - genDependencies : Invalid condition id : UX DEVICE CLASS RTOS Condition cause : null
2025-08-23 11:36:53,852 [WARN] ConditionMgr:1044 - genDependencies : Invalid condition id : UX DEVICE CLASS RTOS Condition cause : null
2025-08-23 11:36:53,861 [WARN] PackLoader:240 - Cannot read IP mode file for STMicroelectronics.X-CUBE-GNSS1.7.0.1
2025-08-23 11:36:53,872 [WARN] PackLoader:240 - Cannot read IP mode file for STMicroelectronics.X-CUBE-TOUCHGFX.4.25.0
2025-08-23 11:36:53,889 [WARN] PackLoader:240 - Cannot read IP mode file for STMicroelectronics.FP-SNS-STBOX1.2.0.0
2025-08-23 11:36:53,916 [WARN] PackLoader:240 - Cannot read IP mode file for STMicroelectronics.X-CUBE-SUBG2.5.0.0
2025-08-23 11:36:53,966 [WARN] PackLoader:240 - Cannot read IP mode file for STMicroelectronics.X-CUBE-AZRTOS-H7RS.1.1.0
2025-08-23 11:36:53,983 [WARN] PackLoader:240 - Cannot read IP mode file for Cesanta.I-CUBE-Mongoose.7.13.0
2025-08-23 11:36:54,013 [WARN] PackLoader:240 - Cannot read IP mode file for STMicroelectronics.X-CUBE-AZRTOS-G4.2.0.0
2025-08-23 11:36:54,019 [WARN] PackLoader:240 - Cannot read IP mode file for wolfSSL.I-CUBE-wolfSSH.1.4.20
2025-08-23 11:36:54,034 [WARN] PackLoader:240 - Cannot read IP mode file for STMicroelectronics.X-CUBE-NFC7.2.0.0
2025-08-23 11:36:54,063 [WARN] PackLoader:240 - Cannot read IP mode file for STMicroelectronics.X-CUBE-IPS.3.1.0
2025-08-23 11:36:54,092 [WARN] PackLoader:240 - Cannot read IP mode file for STMicroelectronics.X-CUBE-ALS.1.0.2
2025-08-23 11:36:54,105 [WARN] PackLoader:240 - Cannot read IP mode file for portGmbH.I-Cube-SoM-uGOAL.1.1.0
2025-08-23 11:36:54,132 [WARN] PackLoader:240 - Cannot read IP mode file for STMicroelectronics.X-CUBE-TOF1.3.4.3
2025-08-23 11:36:54,171 [INFO] ThirdParty:978 - Integrity check success = true
2025-08-23 11:36:54,171 [INFO] IntegrityCheckThread:100 - exiting critical section [integrity check]
2025-08-23 11:36:54,171 [INFO] IntegrityCheckThread:103 - End integrity checks thread
2025-08-23 11:46:31,992 [INFO] McuFinderGlobals:63 - Set McuFinder mode to 2 (CubeIDE integrated)
2025-08-23 11:46:31,997 [INFO] MainUpdater:2872 - connection check result : 10
2025-08-23 11:46:32,000 [INFO] McuFinderGlobals:76 - Set McuFinderConnectedMode to true
2025-08-23 11:46:33,054 [INFO] ServerAccessManage:452 - Complete download http(s) 200
2025-08-23 11:46:33,055 [INFO] ServerAccessManage:509 - Download File mcusAds.json._tmp_
2025-08-23 11:46:33,168 [INFO] LoadUrlFilesThread:156 - End of LoadUrlFiles Thread
2025-08-23 11:46:35,035 [INFO] ServerAccessManage:452 - Complete download http(s) 200
2025-08-23 11:46:35,036 [INFO] ServerAccessManage:509 - Download File cube-finder-db.zip
2025-08-23 11:46:46,324 [INFO] FileExtend:248 - Unzip File : cube-finder-db.zip
2025-08-23 11:46:46,324 [INFO] FileExtend:263 - Standard Zip Deflate
2025-08-23 11:46:47,061 [INFO] LoadUrlFilesThread:156 - End of LoadUrlFiles Thread
2025-08-23 11:46:54,643 [INFO] ServerAccessManage:452 - Complete download http(s) 200
2025-08-23 11:46:54,643 [INFO] ServerAccessManage:509 - Download File crdb.zip
2025-08-23 11:46:56,433 [INFO] FileExtend:248 - Unzip File : crdb.zip
2025-08-23 11:46:56,435 [INFO] FileExtend:263 - Standard Zip Deflate
2025-08-23 11:46:56,554 [INFO] LoadUrlFilesThread:156 - End of LoadUrlFiles Thread
2025-08-23 11:46:56,916 [INFO] ServerAccessManage:452 - Complete download http(s) 200
2025-08-23 11:46:56,916 [INFO] ServerAccessManage:509 - Download File tutoVideoDB.zip
2025-08-23 11:46:57,061 [INFO] FileExtend:248 - Unzip File : tutoVideoDB.zip
2025-08-23 11:46:57,061 [INFO] FileExtend:263 - Standard Zip Deflate
2025-08-23 11:46:57,168 [INFO] LoadUrlFilesThread:156 - End of LoadUrlFiles Thread
2025-08-23 11:46:57,169 [WARN] DbFile:41 - Overriding database path with different value: C:\Users\singh\.stmcufinder\plugins\mcufinder/ => C:\Users\singh\.stmcufinder\plugins\mcufinder
2025-08-23 11:46:58,177 [INFO] ServerAccessManage:452 - Complete download http(s) 200
2025-08-23 11:46:58,177 [INFO] ServerAccessManage:509 - Download File api_config.json
2025-08-23 11:46:58,283 [INFO] LoadUrlFilesThread:156 - End of LoadUrlFiles Thread
2025-08-23 11:46:58,284 [INFO] DbMcusAds:53 - JSON generation date=Tue Jul 08 13:44:23 IST 2025 (1751962463582)
2025-08-23 11:46:58,517 [INFO] ServerAccessManage:452 - Complete download http(s) 200
2025-08-23 11:46:58,517 [INFO] ServerAccessManage:509 - Download File 
2025-08-23 11:46:59,358 [INFO] LoadUrlFilesThread:185 - End of LoadServerUrlFiles without Thread
2025-08-23 11:46:59,358 [INFO] TargetSelectorAdapter:259 - Refresh data is successful
2025-08-23 11:46:59,517 [INFO] ApiDb:581 - Connected to CubeFinder SQLite database (C:\Users\singh\.stmcufinder\plugins\mcufinder\mcu\cube-finder-db.db)
2025-08-23 11:46:59,612 [INFO] ApiDb:668 - CubeFinder database Data Model version=2.1
2025-08-23 11:46:59,612 [INFO] ApiDb:669 - CubeFinder database Configuration version=3.0.39
2025-08-23 11:46:59,612 [INFO] ApiDb:670 - CubeFinder database generation date=2025-07-24 (1753349077)
2025-08-23 11:46:59,613 [INFO] ApiDb:671 - CubeFinder database FW Pack versions=[FP-ATR-ASTRA1_V2.0.0, FP-SNS-FLIGHT1_V5.1.0, FP-SNS-MOTENV1_V5.0.0, FP-SNS-MOTENVWB1_V1.4.0, FP-SNS-SMARTAG2_V1.2.0, FP-SNS-STBOX1_V2.0.0, STM32Cube_FW_C0_V1.4.0, STM32Cube_FW_F4_V1.28.2, STM32Cube_FW_F7_V1.17.3, STM32Cube_FW_G0_V1.6.2, STM32Cube_FW_G4_V1.6.1, STM32Cube_FW_H5_V1.5.0, STM32Cube_FW_H7RS_V1.2.0, STM32Cube_FW_H7_V1.12.1, STM32Cube_FW_L0_V1.12.2, STM32Cube_FW_L4_V1.18.1, STM32Cube_FW_L5_V1.5.1, STM32Cube_FW_N6_V1.2.0, STM32Cube_FW_U0_V1.3.0, STM32Cube_FW_U3_V1.2.0, STM32Cube_FW_U5_V1.8.0, STM32Cube_FW_WB0_V1.3.0, STM32Cube_FW_WBA_V1.7.0, STM32Cube_FW_WB_V1.23.0, STM32Cube_FW_WL3_V1.2.0, STM32Cube_FW_WL_V1.3.1, X-CUBE-ALGOBUILD_V1.4.0, X-CUBE-ALS_V1.0.2, X-CUBE-AZRTOS-F4_V1.1.0, X-CUBE-AZRTOS-F7_V1.1.0, X-CUBE-AZRTOS-G0_V1.1.0, X-CUBE-AZRTOS-G4_V2.0.0, X-CUBE-AZRTOS-H7RS_V1.1.0, X-CUBE-AZRTOS-H7_V3.4.0, X-CUBE-AZRTOS-L4_V2.0.0, X-CUBE-AZRTOS-L5_V2.0.0, X-CUBE-AZRTOS-WB_V2.0.0, X-CUBE-AZRTOS-WL_V2.0.0, X-CUBE-BLE1_V7.1.0, X-CUBE-BLE2_V3.3.0, X-CUBE-BLEMGR_V4.1.0, X-CUBE-EEPRMA1_V5.2.0, X-CUBE-FREERTOS_V1.3.1, X-CUBE-GNSS1_V6.0.0, X-CUBE-MEMS1_V11.3.0, X-CUBE-NFC4_V3.0.0, X-CUBE-NFC7_V2.0.0, X-CUBE-SFXS2LP1_V4.0.0, X-CUBE-ST67W61_V1.0.0, X-CUBE-SUBG2_V5.0.0, X-CUBE-TOF1_V3.4.3]
2025-08-23 11:47:02,037 [INFO] ApiDb:240 - Found 880 in-development CPN: [B-G473E-ZEST1S, B-WB1M-WPAN1, B-WBA5M-WPAN, B-WL5M-SUBG1, NUCLEO-C031C6, NUCLEO-C051C8, NUCLEO-C071RB, NUCLEO-C092RC, NUCLEO-H503RB, NUCLEO-H533RE, NUCLEO-H563ZI, NUCLEO-H7S3L8, NUCLEO-N657X0-Q, NUCLEO-U031R8, NUCLEO-U083RC, NUCLEO-U385RG-Q, NUCLEO-U545RE-Q, NUCLEO-U5A5ZJ-Q, NUCLEO-WB05KZ, NUCLEO-WB07CC, NUCLEO-WB09KE, NUCLEO-WBA52CG, NUCLEO-WBA55CG, NUCLEO-WL33CC1, NUCLEO-WL33CC2, STEVAL-PROTEUS1, STEVAL-SMARTAG2, STEVAL-STWINBX1, STM320518-EVAL, STM32C0116-DK, STM32C011D6Y3TR, STM32C011D6Y6TR, STM32C011F4P3, STM32C011F4P6, STM32C011F4U3, STM32C011F4U6TR, STM32C011F6P3, STM32C011F6P6, STM32C011F6U3, STM32C011F6U6TR, STM32C011J4M3, STM32C011J4M6, STM32C011J6M3, STM32C011J6M6, STM32C0316-DK, STM32C031C4T3, STM32C031C4T6, STM32C031C4U3, STM32C031C4U6, STM32C031C6T3, STM32C031C6T6, STM32C031C6U3, STM32C031C6U6, STM32C031F4P3, STM32C031F4P6, STM32C031F6P3, STM32C031F6P6, STM32C031G4U3, STM32C031G4U6, STM32C031G6U3, STM32C031G6U6, STM32C031K4T3, STM32C031K4T6, STM32C031K4U3, STM32C031K4U6, STM32C031K6T3, STM32C031K6T6, STM32C031K6U3, STM32C031K6U6, STM32C051C6T6, STM32C051C6U6, STM32C051C8T6, STM32C051C8U6, STM32C051D8Y6TR, STM32C051F6P6, STM32C051F8P6, STM32C051G6U6, STM32C051G8U6, STM32C051K6T6, STM32C051K6U6, STM32C051K8T6, STM32C071C8T6, STM32C071C8T6N, STM32C071C8U6, STM32C071C8U6N, STM32C071CBT6, STM32C071CBT6N, STM32C071CBU6, STM32C071CBU6N, STM32C071F8P6, STM32C071F8P6N, STM32C071FBP6, STM32C071FBP6N, STM32C071FBY6TR, STM32C071G8U6, STM32C071G8U6N, STM32C071GBU6, STM32C071GBU6N, STM32C071K8T6, STM32C071K8T6N, STM32C071K8U6, STM32C071K8U6N, STM32C071KBT6, STM32C071KBT6N, STM32C071KBU6, STM32C071KBU6N, STM32C071R8T6, STM32C071R8T6N, STM32C071RBI6N, STM32C071RBT6, STM32C071RBT6N, STM32C091CBT6, STM32C091CBU6, STM32C091CCT6, STM32C091CCU6, STM32C091ECY6TR, STM32C091FBP6, STM32C091FCP6, STM32C091GBU6, STM32C091GCU6, STM32C091KBT6, STM32C091KBU6, STM32C091KCT6, STM32C091KCU6, STM32C091RBT6, STM32C091RCI6, STM32C091RCT6, STM32C092CBT6, STM32C092CBU6, STM32C092CCT6, STM32C092CCU6, STM32C092ECY6TR, STM32C092FBP6, STM32C092FCP6, STM32C092GBU6, STM32C092GCU6, STM32C092KBT6, STM32C092KBU6, STM32C092KCT6, STM32C092KCU6, STM32C092RBT6, STM32C092RCI6, STM32C092RCT6, STM32G071K8TXN, STM32G071K8UXN, STM32G081GBU6N, STM32G081KBT6N, STM32G081KBUXN, STM32G0B1CCT6N, STM32G0B1KCT6, STM32G0B1NEY6TR, STM32G0B1RCT6N, STM32G0C1CCT6, STM32G0C1CCT6N, STM32G0C1CCU6N, STM32G0C1CET6N, STM32G0C1CEU6N, STM32G0C1KCT6, STM32G0C1NEY6TR, STM32G0C1RCI6N, STM32G0C1RCT6N, STM32G0C1REI6N, STM32G0C1RET6N, STM32G0C1VCI6, STM32G0C1VEI6, STM32G411C6T3, STM32G411C6T6, STM32G411C6U3, STM32G411C6U6, STM32G411C8T3, STM32G411C8T6, STM32G411C8U3, STM32G411C8U6, STM32G411CBT3, STM32G411CBT6, STM32G411CBU3, STM32G411CBU6, STM32G411K6T3, STM32G411K6T6, STM32G411K6U3, STM32G411K6U6, STM32G411K8T3, STM32G411K8T6, STM32G411K8U3, STM32G411K8U6, STM32G411KBT3, STM32G411KBT6, STM32G411KBU3, STM32G411KBU6, STM32G411M6T3, STM32G411M6T6, STM32G411M8T3, STM32G411M8T6, STM32G411MBT3, STM32G411MBT6, STM32G411R6T3, STM32G411R6T6, STM32G411R8T3, STM32G411R8T6, STM32G411RBT3, STM32G411RBT6, STM32G414CBT3, STM32G414CBT6, STM32G414CBU3, STM32G414CBU6, STM32G414CCT3, STM32G414CCT6, STM32G414CCU3, STM32G414CCU6, STM32G414MBT3, STM32G414MBT6, STM32G414MCT3, STM32G414MCT6, STM32G414RBT3, STM32G414RBT6, STM32G414RCT3, STM32G414RCT6, STM32G414VBT3, STM32G414VBT6, STM32G414VCT3, STM32G414VCT6, STM32G431CBT3Z, STM32G431RBT3Z, STM32G471CCT6, STM32G471CCU6, STM32G471CET3, STM32G471CET6, STM32G471CEU3, STM32G471CEU6, STM32G471MCT6, STM32G471MET3, STM32G471MET6, STM32G471MEY6TR, STM32G471QCT6, STM32G471QET3, STM32G471RCT6, STM32G471RET3, STM32G471RET6, STM32G471VCH6, STM32G471VCI6, STM32G471VCT6, STM32G471VEH3, STM32G471VEH6, STM32G471VEI3, STM32G471VEI6, STM32G471VET3, STM32G471VET6, STM32G473QET3Z, STM32G473RET3Z, STM32G474CCT6, STM32G491RET3Z, STM32H503CBT6, STM32H503CBU6, STM32H503EBY6TR, STM32H503KBU6, STM32H503RBT6, STM32H523CCT6, STM32H523CCU6, STM32H523CET6, STM32H523CEU6, STM32H523HEY6TR, STM32H523RCT6, STM32H523RET6, STM32H523VCI6, STM32H523VCT6, STM32H523VEI6, STM32H523VET6, STM32H523ZCJ6, STM32H523ZCT6, STM32H523ZEJ6, STM32H523ZET6, STM32H533CET6, STM32H533CEU6, STM32H533HEY6TR, STM32H533RET6, STM32H533VEI6, STM32H533VET6, STM32H533ZEJ6, STM32H533ZET6, STM32H562AGI6, STM32H562AII6, STM32H562IGK6, STM32H562IGT6, STM32H562IIK6, STM32H562IIT6, STM32H562RGT6, STM32H562RGV6, STM32H562RIT6, STM32H562RIV6, STM32H562VGT6, STM32H562VIT6, STM32H562ZGT6, STM32H562ZIT6, STM32H563AGI6, STM32H563AII3Q, STM32H563AII6, STM32H563IGK6, STM32H563IGT6, STM32H563IIK3Q, STM32H563IIK6, STM32H563IIT3Q, STM32H563IIT6, STM32H563MIY3QTR, STM32H563RGT6, STM32H563RGV6, STM32H563RIT6, STM32H563RIV6, STM32H563VGT6, STM32H563VIT3Q, STM32H563VIT6, STM32H563ZGT6, STM32H563ZIT3Q, STM32H563ZIT6, STM32H573AII3Q, STM32H573AII6, STM32H573I-DK, STM32H573IIK3Q, STM32H573IIK6, STM32H573IIT3Q, STM32H573IIT6, STM32H573MIY3QTR, STM32H573RIT6, STM32H573RIV6, STM32H573VIT3Q, STM32H573VIT6, STM32H573ZIT3Q, STM32H573ZIT6, STM32H7R3A8I6, STM32H7R3I8K6, STM32H7R3I8T6, STM32H7R3L8H6, STM32H7R3L8H6H, STM32H7R3R8V6, STM32H7R3V8H6, STM32H7R3V8T6, STM32H7R3V8Y6TR, STM32H7R3Z8J6, STM32H7R3Z8T6, STM32H7R7A8I6, STM32H7R7I8K6, STM32H7R7I8T6, STM32H7R7L8H6, STM32H7R7L8H6H, STM32H7R7Z8J6, STM32H7S3A8I6, STM32H7S3I8K6, STM32H7S3I8T6, STM32H7S3L8H6, STM32H7S3L8H6H, STM32H7S3R8V6, STM32H7S3V8H6, STM32H7S3V8T6, STM32H7S3V8Y6TR, STM32H7S3Z8J6, STM32H7S3Z8T6, STM32H7S78-DK, STM32H7S7A8I6, STM32H7S7I8K6, STM32H7S7I8T6, STM32H7S7L8H6, STM32H7S7L8H6H, STM32H7S7Z8J6, STM32L4R5QGI6STR, STM32MP131AAE3, STM32MP131AAF3, STM32MP131AAG3, STM32MP131CAE3, STM32MP131CAF3, STM32MP131CAG3, STM32MP131DAE7, STM32MP131DAF7, STM32MP131DAG7, STM32MP131FAE7, STM32MP131FAF7, STM32MP131FAG7, STM32MP133AAE3, STM32MP133AAF3, STM32MP133AAG3, STM32MP133CAE3, STM32MP133CAF3, STM32MP133CAG3, STM32MP133DAE7, STM32MP133DAF7, STM32MP133DAG7, STM32MP133FAE7, STM32MP133FAF7, STM32MP133FAG7, STM32MP135AAE3, STM32MP135AAF3, STM32MP135AAG3, STM32MP135CAE3, STM32MP135CAF3, STM32MP135CAG3, STM32MP135DAE7, STM32MP135DAF7, STM32MP135DAG7, STM32MP135F-DK, STM32MP135FAE7, STM32MP135FAF7, STM32MP135FAF7T, STM32MP135FAF7U, STM32MP135FAG7, STM32MP211AAL3, STM32MP211AAM3, STM32MP211AAN3, STM32MP211AAO3, STM32MP211CAL3, STM32MP211CAM3, STM32MP211CAN3, STM32MP211CAO3, STM32MP211DAL3, STM32MP211DAM3, STM32MP211DAN3, STM32MP211DAO3, STM32MP211FAL3, STM32MP211FAM3, STM32MP211FAN3, STM32MP211FAO3, STM32MP213AAL3, STM32MP213AAM3, STM32MP213AAN3, STM32MP213AAO3, STM32MP213CAL3, STM32MP213CAM3, STM32MP213CAN3, STM32MP213CAO3, STM32MP213DAL3, STM32MP213DAM3, STM32MP213DAN3, STM32MP213DAO3, STM32MP213FAL3, STM32MP213FAM3, STM32MP213FAN3, STM32MP213FAO3, STM32MP215AAL3, STM32MP215AAM3, STM32MP215AAN3, STM32MP215AAO3, STM32MP215CAL3, STM32MP215CAM3, STM32MP215CAN3, STM32MP215CAO3, STM32MP215DAL3, STM32MP215DAM3, STM32MP215DAN3, STM32MP215DAO3, STM32MP215F-DK, STM32MP215FAL3, STM32MP215FAM3, STM32MP215FAN3, STM32MP215FAO3, STM32MP231AAJ3, STM32MP231AAK3, STM32MP231AAL3, STM32MP231CAJ3, STM32MP231CAK3, STM32MP231CAL3, STM32MP231DAJ3, STM32MP231DAK3, STM32MP231DAL3, STM32MP231FAJ3, STM32MP231FAK3, STM32MP231FAL3, STM32MP233AAJ3, STM32MP233AAK3, STM32MP233AAL3, STM32MP233CAJ3, STM32MP233CAK3, STM32MP233CAL3, STM32MP233DAJ3, STM32MP233DAK3, STM32MP233DAL3, STM32MP233FAJ3, STM32MP233FAK3, STM32MP233FAL3, STM32MP235AAJ3, STM32MP235AAK3, STM32MP235AAL3, STM32MP235CAJ3, STM32MP235CAK3, STM32MP235CAL3, STM32MP235DAJ3, STM32MP235DAK3, STM32MP235DAL3, STM32MP235FAJ3, STM32MP235FAK3, STM32MP235FAL3, STM32MP251AAI3, STM32MP251AAK3, STM32MP251AAL3, STM32MP251CAI3, STM32MP251CAK3, STM32MP251CAL3, STM32MP251DAI3, STM32MP251DAK3, STM32MP251DAL3, STM32MP251FAI3, STM32MP251FAK3, STM32MP251FAL3, STM32MP253AAI3, STM32MP253AAK3, STM32MP253AAL3, STM32MP253CAI3, STM32MP253CAK3, STM32MP253CAL3, STM32MP253DAI3, STM32MP253DAK3, STM32MP253DAL3, STM32MP253FAI3, STM32MP253FAK3, STM32MP253FAL3, STM32MP255AAI3, STM32MP255AAK3, STM32MP255AAL3, STM32MP255CAI3, STM32MP255CAK3, STM32MP255CAL3, STM32MP255DAI3, STM32MP255DAK3, STM32MP255DAL3, STM32MP255FAI3, STM32MP255FAK3, STM32MP255FAL3, STM32MP257AAI3, STM32MP257AAK3, STM32MP257AAL3, STM32MP257CAI3, STM32MP257CAK3, STM32MP257CAL3, STM32MP257DAI3, STM32MP257DAK3, STM32MP257DAL3, STM32MP257F-DK, STM32MP257F-EV1, STM32MP257FAI3, STM32MP257FAK3, STM32MP257FAL3, STM32N645A0H3Q, STM32N645B0H3Q, STM32N645I0H3Q, STM32N645L0H3Q, STM32N645X0H3Q, STM32N645Z0H3Q, STM32N647A0H3Q, STM32N647B0H3Q, STM32N647I0H3Q, STM32N647L0H3Q, STM32N647X0H3Q, STM32N647Z0H3Q, STM32N655A0H3Q, STM32N655B0H3Q, STM32N655I0H3Q, STM32N655L0H3Q, STM32N655X0H3Q, STM32N655Z0H3Q, STM32N6570-DK, STM32N657A0H3Q, STM32N657B0H3Q, STM32N657I0H3Q, STM32N657L0H3Q, STM32N657X0H3Q, STM32N657Z0H3Q, STM32U031C6T6, STM32U031C6U6, STM32U031C8T6, STM32U031C8U6, STM32U031F4P6, STM32U031F6P6, STM32U031F8P6, STM32U031G6Y6TR, STM32U031G8Y6TR, STM32U031K4U6, STM32U031K6U6, STM32U031K8U6, STM32U031R6I6, STM32U031R6T6, STM32U031R8I6, STM32U031R8T6, STM32U073C8T6, STM32U073C8U6, STM32U073CBT6, STM32U073CBU6, STM32U073CCT6, STM32U073CCU6, STM32U073H8Y6TR, STM32U073HBY6TR, STM32U073HCY6TR, STM32U073K8U6, STM32U073KBU6, STM32U073KCU6, STM32U073M8I6, STM32U073M8T6, STM32U073MBI6, STM32U073MBT6, STM32U073MCI6, STM32U073MCT6, STM32U073R8I6, STM32U073R8T6, STM32U073RBI6, STM32U073RBT6, STM32U073RCI6, STM32U073RCT6, STM32U083C-DK, STM32U083CCT6, STM32U083CCU6, STM32U083HCY6TR, STM32U083KCU6, STM32U083MCI6, STM32U083MCT6, STM32U083RCI6, STM32U083RCT6, STM32U375CET6, STM32U375CET6Q, STM32U375CEU6, STM32U375CEU6Q, STM32U375CEY6QTR, STM32U375CGT6, STM32U375CGT6Q, STM32U375CGU6, STM32U375CGU6Q, STM32U375CGY6QTR, STM32U375KEU6, STM32U375KGU6, STM32U375REI6, STM32U375REI6Q, STM32U375RET6, STM32U375RET6Q, STM32U375REY6GTR, STM32U375REY6QTR, STM32U375RGI6, STM32U375RGI6Q, STM32U375RGT6, STM32U375RGT6Q, STM32U375RGY6GTR, STM32U375RGY6QTR, STM32U375VEI6, STM32U375VEI6Q, STM32U375VET6, STM32U375VET6Q, STM32U375VGI6, STM32U375VGI6Q, STM32U375VGT6, STM32U375VGT6Q, STM32U385CGT6, STM32U385CGT6Q, STM32U385CGU6, STM32U385CGU6Q, STM32U385CGY6QTR, STM32U385KGU6, STM32U385RGI6, STM32U385RGI6Q, STM32U385RGT6, STM32U385RGT6Q, STM32U385RGY6GTR, STM32U385RGY6QTR, STM32U385VGI6, STM32U385VGI6Q, STM32U385VGT6, STM32U385VGT6Q, STM32U535CBT6, STM32U535CBT6Q, STM32U535CBU6, STM32U535CBU6Q, STM32U535CCT6, STM32U535CCT6Q, STM32U535CCU6, STM32U535CCU6Q, STM32U535CET6, STM32U535CET6Q, STM32U535CEU6, STM32U535CEU6Q, STM32U535JEY6QTR, STM32U535NCY6QTR, STM32U535NEY6QTR, STM32U535RBI6, STM32U535RBI6Q, STM32U535RBT6, STM32U535RBT6Q, STM32U535RCI6, STM32U535RCI6Q, STM32U535RCT6, STM32U535RCT6Q, STM32U535REI6, STM32U535REI6Q, STM32U535RET6, STM32U535RET6Q, STM32U535VCI6, STM32U535VCI6Q, STM32U535VCT6, STM32U535VCT6Q, STM32U535VEI6, STM32U535VEI6Q, STM32U535VET6, STM32U535VET6Q, STM32U545CET6, STM32U545CET6Q, STM32U545CEU6, STM32U545CEU6Q, STM32U545JEY6QTR, STM32U545NEY6QTR, STM32U545REI6, STM32U545REI6Q, STM32U545RET6, STM32U545RET6Q, STM32U545VEI6, STM32U545VEI6Q, STM32U545VET6, STM32U545VET6Q, STM32U595AIH6, STM32U595AIH6Q, STM32U595AJH6, STM32U595AJH6Q, STM32U595QII6, STM32U595QII6Q, STM32U595QJI6, STM32U595QJI6Q, STM32U595RIT6, STM32U595RIT6Q, STM32U595RJT6, STM32U595RJT6Q, STM32U595VIT6, STM32U595VIT6Q, STM32U595VJT6, STM32U595VJT6Q, STM32U595ZIT6, STM32U595ZIT6Q, STM32U595ZIY6QTR, STM32U595ZJT6, STM32U595ZJT6Q, STM32U595ZJY6QTR, STM32U599BJY6QTR, STM32U599NIH6Q, STM32U599NJH6Q, STM32U599VIT6Q, STM32U599VJT6, STM32U599VJT6Q, STM32U599ZIT6Q, STM32U599ZIY6QTR, STM32U599ZJT6Q, STM32U599ZJY6QTR, STM32U5A5AJH6, STM32U5A5AJH6Q, STM32U5A5QII3Q , STM32U5A5QJI6, STM32U5A5QJI6Q, STM32U5A5RJT6, STM32U5A5RJT6Q, STM32U5A5VJT6, STM32U5A5VJT6Q, STM32U5A5ZJT6, STM32U5A5ZJT6Q, STM32U5A5ZJY6QTR, STM32U5A9BJY6QTR, STM32U5A9J-DK, STM32U5A9NJH6Q, STM32U5A9VJT6Q, STM32U5A9ZJT6Q, STM32U5A9ZJY6QTR, STM32U5F7VIT6, STM32U5F7VIT6Q, STM32U5F7VJT6, STM32U5F7VJT6Q, STM32U5F9BJY6QTR, STM32U5F9NJH6Q, STM32U5F9VIT6Q, STM32U5F9VJT6Q, STM32U5F9ZIJ6QTR, STM32U5F9ZIT6Q, STM32U5F9ZJJ6QTR, STM32U5F9ZJT6Q, STM32U5G7VJT6, STM32U5G7VJT6Q, STM32U5G9BJY6QTR, STM32U5G9J-DK1, STM32U5G9J-DK2, STM32U5G9NJH6Q, STM32U5G9VJT6Q, STM32U5G9ZJJ6QTR, STM32U5G9ZJT6Q, STM32WB05KZV6TR, STM32WB05KZV7TR, STM32WB05TZF6TR, STM32WB05TZF7TR, STM32WB06CCF6TR, STM32WB06CCF7TR, STM32WB06CCV6TR, STM32WB06CCV7TR, STM32WB06KCV6TR, STM32WB06KCV7TR, STM32WB07CCF6TR, STM32WB07CCF7TR, STM32WB07CCV6TR, STM32WB07CCV7TR, STM32WB07KCV6TR, STM32WB07KCV7TR, STM32WB09KEV6TR, STM32WB09KEV7TR, STM32WB09TEF6TR, STM32WB09TEF7TR, STM32WB1MMCH6, STM32WBA50KGU6, STM32WBA50KGU6TR, STM32WBA52CEU6, STM32WBA52CEU6TR, STM32WBA52CEU7, STM32WBA52CEU7TR, STM32WBA52CGU6, STM32WBA52CGU6TR, STM32WBA52CGU6U, STM32WBA52CGU7, STM32WBA52CGU7TR, STM32WBA52KEU6, STM32WBA52KEU6TR, STM32WBA52KGU6, STM32WBA52KGU6TR, STM32WBA54CEU6, STM32WBA54CEU6TR, STM32WBA54CEU7, STM32WBA54CEU7TR, STM32WBA54CGU6, STM32WBA54CGU6TR, STM32WBA54CGU7, STM32WBA54CGU7TR, STM32WBA54KEU6, STM32WBA54KEU6TR, STM32WBA54KEU7, STM32WBA54KEU7TR, STM32WBA54KGU6, STM32WBA54KGU6TR, STM32WBA54KGU7, STM32WBA54KGU7TR, STM32WBA55CEU6, STM32WBA55CEU6TR, STM32WBA55CEU7, STM32WBA55CEU7TR, STM32WBA55CGU6, STM32WBA55CGU6TR, STM32WBA55CGU6U, STM32WBA55CGU7, STM32WBA55CGU7TR, STM32WBA55G-DK1, STM32WBA55HEF6, STM32WBA55HEF7, STM32WBA55HGF6, STM32WBA55HGF7, STM32WBA55UEI6, STM32WBA55UEI6TR, STM32WBA55UEI7, STM32WBA55UEI7TR, STM32WBA55UGI6, STM32WBA55UGI6TR, STM32WBA55UGI7, STM32WBA55UGI7TR, STM32WBA5MMGH6TR, STM32WBA62MGF6, STM32WBA62MIF6, STM32WBA65MGF7, STM32WBA65MIF6, STM32WBA65MIF7, STM32WL30K8V6, STM32WL30KBV6, STM32WL31C8V6, STM32WL31CBV6, STM32WL31K8V6, STM32WL31KBV6, STM32WL33C8V6, STM32WL33C8V6X, STM32WL33CBV6, STM32WL33CBV6X, STM32WL33CCV6, STM32WL33CCV6A, STM32WL33CCV6X, STM32WL33K8V7, STM32WL33K8V7X, STM32WL33KBV7 , STM32WL33KBV7X, STM32WL33KCV7, STM32WL33KCV7X, STM32WL5MOCH6, STM32WL5MOCH6TR]
2025-08-23 11:47:02,043 [INFO] DbMcus:218 - Found 4801 MCUs, 4801 are supported
2025-08-23 11:47:02,044 [INFO] ApiDb:423 - Load user favorites file C:\Users\singh/.stm32cubeide/favorites.mcus.txt: 0 item(s)
2025-08-23 11:47:02,044 [INFO] ApiDb:427 - User favorites MCUs=[]
2025-08-23 11:47:02,044 [INFO] DbMcus:224 - Set 0 / 0 favorites MCUs
2025-08-23 11:47:02,660 [INFO] ApiDb:668 - CubeFinder database Data Model version=2.1
2025-08-23 11:47:02,660 [INFO] ApiDb:669 - CubeFinder database Configuration version=3.0.39
2025-08-23 11:47:02,660 [INFO] ApiDb:670 - CubeFinder database generation date=2025-07-24 (1753349077)
2025-08-23 11:47:02,660 [INFO] ApiDb:671 - CubeFinder database FW Pack versions=[FP-ATR-ASTRA1_V2.0.0, FP-SNS-FLIGHT1_V5.1.0, FP-SNS-MOTENV1_V5.0.0, FP-SNS-MOTENVWB1_V1.4.0, FP-SNS-SMARTAG2_V1.2.0, FP-SNS-STBOX1_V2.0.0, STM32Cube_FW_C0_V1.4.0, STM32Cube_FW_F4_V1.28.2, STM32Cube_FW_F7_V1.17.3, STM32Cube_FW_G0_V1.6.2, STM32Cube_FW_G4_V1.6.1, STM32Cube_FW_H5_V1.5.0, STM32Cube_FW_H7RS_V1.2.0, STM32Cube_FW_H7_V1.12.1, STM32Cube_FW_L0_V1.12.2, STM32Cube_FW_L4_V1.18.1, STM32Cube_FW_L5_V1.5.1, STM32Cube_FW_N6_V1.2.0, STM32Cube_FW_U0_V1.3.0, STM32Cube_FW_U3_V1.2.0, STM32Cube_FW_U5_V1.8.0, STM32Cube_FW_WB0_V1.3.0, STM32Cube_FW_WBA_V1.7.0, STM32Cube_FW_WB_V1.23.0, STM32Cube_FW_WL3_V1.2.0, STM32Cube_FW_WL_V1.3.1, X-CUBE-ALGOBUILD_V1.4.0, X-CUBE-ALS_V1.0.2, X-CUBE-AZRTOS-F4_V1.1.0, X-CUBE-AZRTOS-F7_V1.1.0, X-CUBE-AZRTOS-G0_V1.1.0, X-CUBE-AZRTOS-G4_V2.0.0, X-CUBE-AZRTOS-H7RS_V1.1.0, X-CUBE-AZRTOS-H7_V3.4.0, X-CUBE-AZRTOS-L4_V2.0.0, X-CUBE-AZRTOS-L5_V2.0.0, X-CUBE-AZRTOS-WB_V2.0.0, X-CUBE-AZRTOS-WL_V2.0.0, X-CUBE-BLE1_V7.1.0, X-CUBE-BLE2_V3.3.0, X-CUBE-BLEMGR_V4.1.0, X-CUBE-EEPRMA1_V5.2.0, X-CUBE-FREERTOS_V1.3.1, X-CUBE-GNSS1_V6.0.0, X-CUBE-MEMS1_V11.3.0, X-CUBE-NFC4_V3.0.0, X-CUBE-NFC7_V2.0.0, X-CUBE-SFXS2LP1_V4.0.0, X-CUBE-ST67W61_V1.0.0, X-CUBE-SUBG2_V5.0.0, X-CUBE-TOF1_V3.4.3]
2025-08-23 11:47:02,716 [INFO] DbBoardsSqlite:226 - include board P-NUCLEO-WB55-NUCLEO as a kit item of type 'Nucleo-64'
2025-08-23 11:47:02,717 [INFO] DbBoardsSqlite:226 - include board P-NUCLEO-WB55-USBDONGLE as a kit item of type 'Nucleo USB Dongle'
2025-08-23 11:47:02,717 [INFO] DbBoardsSqlite:226 - include board STEVAL-IDP005V1 as a kit item of type 'Evaluation Board'
2025-08-23 11:47:02,717 [INFO] DbBoardsSqlite:226 - include board STEVAL-IDP005V2 as a kit item of type 'Evaluation Board'
2025-08-23 11:47:02,794 [INFO] ApiDb:240 - Found 880 in-development CPN: [B-G473E-ZEST1S, B-WB1M-WPAN1, B-WBA5M-WPAN, B-WL5M-SUBG1, NUCLEO-C031C6, NUCLEO-C051C8, NUCLEO-C071RB, NUCLEO-C092RC, NUCLEO-H503RB, NUCLEO-H533RE, NUCLEO-H563ZI, NUCLEO-H7S3L8, NUCLEO-N657X0-Q, NUCLEO-U031R8, NUCLEO-U083RC, NUCLEO-U385RG-Q, NUCLEO-U545RE-Q, NUCLEO-U5A5ZJ-Q, NUCLEO-WB05KZ, NUCLEO-WB07CC, NUCLEO-WB09KE, NUCLEO-WBA52CG, NUCLEO-WBA55CG, NUCLEO-WL33CC1, NUCLEO-WL33CC2, STEVAL-PROTEUS1, STEVAL-SMARTAG2, STEVAL-STWINBX1, STM320518-EVAL, STM32C0116-DK, STM32C011D6Y3TR, STM32C011D6Y6TR, STM32C011F4P3, STM32C011F4P6, STM32C011F4U3, STM32C011F4U6TR, STM32C011F6P3, STM32C011F6P6, STM32C011F6U3, STM32C011F6U6TR, STM32C011J4M3, STM32C011J4M6, STM32C011J6M3, STM32C011J6M6, STM32C0316-DK, STM32C031C4T3, STM32C031C4T6, STM32C031C4U3, STM32C031C4U6, STM32C031C6T3, STM32C031C6T6, STM32C031C6U3, STM32C031C6U6, STM32C031F4P3, STM32C031F4P6, STM32C031F6P3, STM32C031F6P6, STM32C031G4U3, STM32C031G4U6, STM32C031G6U3, STM32C031G6U6, STM32C031K4T3, STM32C031K4T6, STM32C031K4U3, STM32C031K4U6, STM32C031K6T3, STM32C031K6T6, STM32C031K6U3, STM32C031K6U6, STM32C051C6T6, STM32C051C6U6, STM32C051C8T6, STM32C051C8U6, STM32C051D8Y6TR, STM32C051F6P6, STM32C051F8P6, STM32C051G6U6, STM32C051G8U6, STM32C051K6T6, STM32C051K6U6, STM32C051K8T6, STM32C071C8T6, STM32C071C8T6N, STM32C071C8U6, STM32C071C8U6N, STM32C071CBT6, STM32C071CBT6N, STM32C071CBU6, STM32C071CBU6N, STM32C071F8P6, STM32C071F8P6N, STM32C071FBP6, STM32C071FBP6N, STM32C071FBY6TR, STM32C071G8U6, STM32C071G8U6N, STM32C071GBU6, STM32C071GBU6N, STM32C071K8T6, STM32C071K8T6N, STM32C071K8U6, STM32C071K8U6N, STM32C071KBT6, STM32C071KBT6N, STM32C071KBU6, STM32C071KBU6N, STM32C071R8T6, STM32C071R8T6N, STM32C071RBI6N, STM32C071RBT6, STM32C071RBT6N, STM32C091CBT6, STM32C091CBU6, STM32C091CCT6, STM32C091CCU6, STM32C091ECY6TR, STM32C091FBP6, STM32C091FCP6, STM32C091GBU6, STM32C091GCU6, STM32C091KBT6, STM32C091KBU6, STM32C091KCT6, STM32C091KCU6, STM32C091RBT6, STM32C091RCI6, STM32C091RCT6, STM32C092CBT6, STM32C092CBU6, STM32C092CCT6, STM32C092CCU6, STM32C092ECY6TR, STM32C092FBP6, STM32C092FCP6, STM32C092GBU6, STM32C092GCU6, STM32C092KBT6, STM32C092KBU6, STM32C092KCT6, STM32C092KCU6, STM32C092RBT6, STM32C092RCI6, STM32C092RCT6, STM32G071K8TXN, STM32G071K8UXN, STM32G081GBU6N, STM32G081KBT6N, STM32G081KBUXN, STM32G0B1CCT6N, STM32G0B1KCT6, STM32G0B1NEY6TR, STM32G0B1RCT6N, STM32G0C1CCT6, STM32G0C1CCT6N, STM32G0C1CCU6N, STM32G0C1CET6N, STM32G0C1CEU6N, STM32G0C1KCT6, STM32G0C1NEY6TR, STM32G0C1RCI6N, STM32G0C1RCT6N, STM32G0C1REI6N, STM32G0C1RET6N, STM32G0C1VCI6, STM32G0C1VEI6, STM32G411C6T3, STM32G411C6T6, STM32G411C6U3, STM32G411C6U6, STM32G411C8T3, STM32G411C8T6, STM32G411C8U3, STM32G411C8U6, STM32G411CBT3, STM32G411CBT6, STM32G411CBU3, STM32G411CBU6, STM32G411K6T3, STM32G411K6T6, STM32G411K6U3, STM32G411K6U6, STM32G411K8T3, STM32G411K8T6, STM32G411K8U3, STM32G411K8U6, STM32G411KBT3, STM32G411KBT6, STM32G411KBU3, STM32G411KBU6, STM32G411M6T3, STM32G411M6T6, STM32G411M8T3, STM32G411M8T6, STM32G411MBT3, STM32G411MBT6, STM32G411R6T3, STM32G411R6T6, STM32G411R8T3, STM32G411R8T6, STM32G411RBT3, STM32G411RBT6, STM32G414CBT3, STM32G414CBT6, STM32G414CBU3, STM32G414CBU6, STM32G414CCT3, STM32G414CCT6, STM32G414CCU3, STM32G414CCU6, STM32G414MBT3, STM32G414MBT6, STM32G414MCT3, STM32G414MCT6, STM32G414RBT3, STM32G414RBT6, STM32G414RCT3, STM32G414RCT6, STM32G414VBT3, STM32G414VBT6, STM32G414VCT3, STM32G414VCT6, STM32G431CBT3Z, STM32G431RBT3Z, STM32G471CCT6, STM32G471CCU6, STM32G471CET3, STM32G471CET6, STM32G471CEU3, STM32G471CEU6, STM32G471MCT6, STM32G471MET3, STM32G471MET6, STM32G471MEY6TR, STM32G471QCT6, STM32G471QET3, STM32G471RCT6, STM32G471RET3, STM32G471RET6, STM32G471VCH6, STM32G471VCI6, STM32G471VCT6, STM32G471VEH3, STM32G471VEH6, STM32G471VEI3, STM32G471VEI6, STM32G471VET3, STM32G471VET6, STM32G473QET3Z, STM32G473RET3Z, STM32G474CCT6, STM32G491RET3Z, STM32H503CBT6, STM32H503CBU6, STM32H503EBY6TR, STM32H503KBU6, STM32H503RBT6, STM32H523CCT6, STM32H523CCU6, STM32H523CET6, STM32H523CEU6, STM32H523HEY6TR, STM32H523RCT6, STM32H523RET6, STM32H523VCI6, STM32H523VCT6, STM32H523VEI6, STM32H523VET6, STM32H523ZCJ6, STM32H523ZCT6, STM32H523ZEJ6, STM32H523ZET6, STM32H533CET6, STM32H533CEU6, STM32H533HEY6TR, STM32H533RET6, STM32H533VEI6, STM32H533VET6, STM32H533ZEJ6, STM32H533ZET6, STM32H562AGI6, STM32H562AII6, STM32H562IGK6, STM32H562IGT6, STM32H562IIK6, STM32H562IIT6, STM32H562RGT6, STM32H562RGV6, STM32H562RIT6, STM32H562RIV6, STM32H562VGT6, STM32H562VIT6, STM32H562ZGT6, STM32H562ZIT6, STM32H563AGI6, STM32H563AII3Q, STM32H563AII6, STM32H563IGK6, STM32H563IGT6, STM32H563IIK3Q, STM32H563IIK6, STM32H563IIT3Q, STM32H563IIT6, STM32H563MIY3QTR, STM32H563RGT6, STM32H563RGV6, STM32H563RIT6, STM32H563RIV6, STM32H563VGT6, STM32H563VIT3Q, STM32H563VIT6, STM32H563ZGT6, STM32H563ZIT3Q, STM32H563ZIT6, STM32H573AII3Q, STM32H573AII6, STM32H573I-DK, STM32H573IIK3Q, STM32H573IIK6, STM32H573IIT3Q, STM32H573IIT6, STM32H573MIY3QTR, STM32H573RIT6, STM32H573RIV6, STM32H573VIT3Q, STM32H573VIT6, STM32H573ZIT3Q, STM32H573ZIT6, STM32H7R3A8I6, STM32H7R3I8K6, STM32H7R3I8T6, STM32H7R3L8H6, STM32H7R3L8H6H, STM32H7R3R8V6, STM32H7R3V8H6, STM32H7R3V8T6, STM32H7R3V8Y6TR, STM32H7R3Z8J6, STM32H7R3Z8T6, STM32H7R7A8I6, STM32H7R7I8K6, STM32H7R7I8T6, STM32H7R7L8H6, STM32H7R7L8H6H, STM32H7R7Z8J6, STM32H7S3A8I6, STM32H7S3I8K6, STM32H7S3I8T6, STM32H7S3L8H6, STM32H7S3L8H6H, STM32H7S3R8V6, STM32H7S3V8H6, STM32H7S3V8T6, STM32H7S3V8Y6TR, STM32H7S3Z8J6, STM32H7S3Z8T6, STM32H7S78-DK, STM32H7S7A8I6, STM32H7S7I8K6, STM32H7S7I8T6, STM32H7S7L8H6, STM32H7S7L8H6H, STM32H7S7Z8J6, STM32L4R5QGI6STR, STM32MP131AAE3, STM32MP131AAF3, STM32MP131AAG3, STM32MP131CAE3, STM32MP131CAF3, STM32MP131CAG3, STM32MP131DAE7, STM32MP131DAF7, STM32MP131DAG7, STM32MP131FAE7, STM32MP131FAF7, STM32MP131FAG7, STM32MP133AAE3, STM32MP133AAF3, STM32MP133AAG3, STM32MP133CAE3, STM32MP133CAF3, STM32MP133CAG3, STM32MP133DAE7, STM32MP133DAF7, STM32MP133DAG7, STM32MP133FAE7, STM32MP133FAF7, STM32MP133FAG7, STM32MP135AAE3, STM32MP135AAF3, STM32MP135AAG3, STM32MP135CAE3, STM32MP135CAF3, STM32MP135CAG3, STM32MP135DAE7, STM32MP135DAF7, STM32MP135DAG7, STM32MP135F-DK, STM32MP135FAE7, STM32MP135FAF7, STM32MP135FAF7T, STM32MP135FAF7U, STM32MP135FAG7, STM32MP211AAL3, STM32MP211AAM3, STM32MP211AAN3, STM32MP211AAO3, STM32MP211CAL3, STM32MP211CAM3, STM32MP211CAN3, STM32MP211CAO3, STM32MP211DAL3, STM32MP211DAM3, STM32MP211DAN3, STM32MP211DAO3, STM32MP211FAL3, STM32MP211FAM3, STM32MP211FAN3, STM32MP211FAO3, STM32MP213AAL3, STM32MP213AAM3, STM32MP213AAN3, STM32MP213AAO3, STM32MP213CAL3, STM32MP213CAM3, STM32MP213CAN3, STM32MP213CAO3, STM32MP213DAL3, STM32MP213DAM3, STM32MP213DAN3, STM32MP213DAO3, STM32MP213FAL3, STM32MP213FAM3, STM32MP213FAN3, STM32MP213FAO3, STM32MP215AAL3, STM32MP215AAM3, STM32MP215AAN3, STM32MP215AAO3, STM32MP215CAL3, STM32MP215CAM3, STM32MP215CAN3, STM32MP215CAO3, STM32MP215DAL3, STM32MP215DAM3, STM32MP215DAN3, STM32MP215DAO3, STM32MP215F-DK, STM32MP215FAL3, STM32MP215FAM3, STM32MP215FAN3, STM32MP215FAO3, STM32MP231AAJ3, STM32MP231AAK3, STM32MP231AAL3, STM32MP231CAJ3, STM32MP231CAK3, STM32MP231CAL3, STM32MP231DAJ3, STM32MP231DAK3, STM32MP231DAL3, STM32MP231FAJ3, STM32MP231FAK3, STM32MP231FAL3, STM32MP233AAJ3, STM32MP233AAK3, STM32MP233AAL3, STM32MP233CAJ3, STM32MP233CAK3, STM32MP233CAL3, STM32MP233DAJ3, STM32MP233DAK3, STM32MP233DAL3, STM32MP233FAJ3, STM32MP233FAK3, STM32MP233FAL3, STM32MP235AAJ3, STM32MP235AAK3, STM32MP235AAL3, STM32MP235CAJ3, STM32MP235CAK3, STM32MP235CAL3, STM32MP235DAJ3, STM32MP235DAK3, STM32MP235DAL3, STM32MP235FAJ3, STM32MP235FAK3, STM32MP235FAL3, STM32MP251AAI3, STM32MP251AAK3, STM32MP251AAL3, STM32MP251CAI3, STM32MP251CAK3, STM32MP251CAL3, STM32MP251DAI3, STM32MP251DAK3, STM32MP251DAL3, STM32MP251FAI3, STM32MP251FAK3, STM32MP251FAL3, STM32MP253AAI3, STM32MP253AAK3, STM32MP253AAL3, STM32MP253CAI3, STM32MP253CAK3, STM32MP253CAL3, STM32MP253DAI3, STM32MP253DAK3, STM32MP253DAL3, STM32MP253FAI3, STM32MP253FAK3, STM32MP253FAL3, STM32MP255AAI3, STM32MP255AAK3, STM32MP255AAL3, STM32MP255CAI3, STM32MP255CAK3, STM32MP255CAL3, STM32MP255DAI3, STM32MP255DAK3, STM32MP255DAL3, STM32MP255FAI3, STM32MP255FAK3, STM32MP255FAL3, STM32MP257AAI3, STM32MP257AAK3, STM32MP257AAL3, STM32MP257CAI3, STM32MP257CAK3, STM32MP257CAL3, STM32MP257DAI3, STM32MP257DAK3, STM32MP257DAL3, STM32MP257F-DK, STM32MP257F-EV1, STM32MP257FAI3, STM32MP257FAK3, STM32MP257FAL3, STM32N645A0H3Q, STM32N645B0H3Q, STM32N645I0H3Q, STM32N645L0H3Q, STM32N645X0H3Q, STM32N645Z0H3Q, STM32N647A0H3Q, STM32N647B0H3Q, STM32N647I0H3Q, STM32N647L0H3Q, STM32N647X0H3Q, STM32N647Z0H3Q, STM32N655A0H3Q, STM32N655B0H3Q, STM32N655I0H3Q, STM32N655L0H3Q, STM32N655X0H3Q, STM32N655Z0H3Q, STM32N6570-DK, STM32N657A0H3Q, STM32N657B0H3Q, STM32N657I0H3Q, STM32N657L0H3Q, STM32N657X0H3Q, STM32N657Z0H3Q, STM32U031C6T6, STM32U031C6U6, STM32U031C8T6, STM32U031C8U6, STM32U031F4P6, STM32U031F6P6, STM32U031F8P6, STM32U031G6Y6TR, STM32U031G8Y6TR, STM32U031K4U6, STM32U031K6U6, STM32U031K8U6, STM32U031R6I6, STM32U031R6T6, STM32U031R8I6, STM32U031R8T6, STM32U073C8T6, STM32U073C8U6, STM32U073CBT6, STM32U073CBU6, STM32U073CCT6, STM32U073CCU6, STM32U073H8Y6TR, STM32U073HBY6TR, STM32U073HCY6TR, STM32U073K8U6, STM32U073KBU6, STM32U073KCU6, STM32U073M8I6, STM32U073M8T6, STM32U073MBI6, STM32U073MBT6, STM32U073MCI6, STM32U073MCT6, STM32U073R8I6, STM32U073R8T6, STM32U073RBI6, STM32U073RBT6, STM32U073RCI6, STM32U073RCT6, STM32U083C-DK, STM32U083CCT6, STM32U083CCU6, STM32U083HCY6TR, STM32U083KCU6, STM32U083MCI6, STM32U083MCT6, STM32U083RCI6, STM32U083RCT6, STM32U375CET6, STM32U375CET6Q, STM32U375CEU6, STM32U375CEU6Q, STM32U375CEY6QTR, STM32U375CGT6, STM32U375CGT6Q, STM32U375CGU6, STM32U375CGU6Q, STM32U375CGY6QTR, STM32U375KEU6, STM32U375KGU6, STM32U375REI6, STM32U375REI6Q, STM32U375RET6, STM32U375RET6Q, STM32U375REY6GTR, STM32U375REY6QTR, STM32U375RGI6, STM32U375RGI6Q, STM32U375RGT6, STM32U375RGT6Q, STM32U375RGY6GTR, STM32U375RGY6QTR, STM32U375VEI6, STM32U375VEI6Q, STM32U375VET6, STM32U375VET6Q, STM32U375VGI6, STM32U375VGI6Q, STM32U375VGT6, STM32U375VGT6Q, STM32U385CGT6, STM32U385CGT6Q, STM32U385CGU6, STM32U385CGU6Q, STM32U385CGY6QTR, STM32U385KGU6, STM32U385RGI6, STM32U385RGI6Q, STM32U385RGT6, STM32U385RGT6Q, STM32U385RGY6GTR, STM32U385RGY6QTR, STM32U385VGI6, STM32U385VGI6Q, STM32U385VGT6, STM32U385VGT6Q, STM32U535CBT6, STM32U535CBT6Q, STM32U535CBU6, STM32U535CBU6Q, STM32U535CCT6, STM32U535CCT6Q, STM32U535CCU6, STM32U535CCU6Q, STM32U535CET6, STM32U535CET6Q, STM32U535CEU6, STM32U535CEU6Q, STM32U535JEY6QTR, STM32U535NCY6QTR, STM32U535NEY6QTR, STM32U535RBI6, STM32U535RBI6Q, STM32U535RBT6, STM32U535RBT6Q, STM32U535RCI6, STM32U535RCI6Q, STM32U535RCT6, STM32U535RCT6Q, STM32U535REI6, STM32U535REI6Q, STM32U535RET6, STM32U535RET6Q, STM32U535VCI6, STM32U535VCI6Q, STM32U535VCT6, STM32U535VCT6Q, STM32U535VEI6, STM32U535VEI6Q, STM32U535VET6, STM32U535VET6Q, STM32U545CET6, STM32U545CET6Q, STM32U545CEU6, STM32U545CEU6Q, STM32U545JEY6QTR, STM32U545NEY6QTR, STM32U545REI6, STM32U545REI6Q, STM32U545RET6, STM32U545RET6Q, STM32U545VEI6, STM32U545VEI6Q, STM32U545VET6, STM32U545VET6Q, STM32U595AIH6, STM32U595AIH6Q, STM32U595AJH6, STM32U595AJH6Q, STM32U595QII6, STM32U595QII6Q, STM32U595QJI6, STM32U595QJI6Q, STM32U595RIT6, STM32U595RIT6Q, STM32U595RJT6, STM32U595RJT6Q, STM32U595VIT6, STM32U595VIT6Q, STM32U595VJT6, STM32U595VJT6Q, STM32U595ZIT6, STM32U595ZIT6Q, STM32U595ZIY6QTR, STM32U595ZJT6, STM32U595ZJT6Q, STM32U595ZJY6QTR, STM32U599BJY6QTR, STM32U599NIH6Q, STM32U599NJH6Q, STM32U599VIT6Q, STM32U599VJT6, STM32U599VJT6Q, STM32U599ZIT6Q, STM32U599ZIY6QTR, STM32U599ZJT6Q, STM32U599ZJY6QTR, STM32U5A5AJH6, STM32U5A5AJH6Q, STM32U5A5QII3Q , STM32U5A5QJI6, STM32U5A5QJI6Q, STM32U5A5RJT6, STM32U5A5RJT6Q, STM32U5A5VJT6, STM32U5A5VJT6Q, STM32U5A5ZJT6, STM32U5A5ZJT6Q, STM32U5A5ZJY6QTR, STM32U5A9BJY6QTR, STM32U5A9J-DK, STM32U5A9NJH6Q, STM32U5A9VJT6Q, STM32U5A9ZJT6Q, STM32U5A9ZJY6QTR, STM32U5F7VIT6, STM32U5F7VIT6Q, STM32U5F7VJT6, STM32U5F7VJT6Q, STM32U5F9BJY6QTR, STM32U5F9NJH6Q, STM32U5F9VIT6Q, STM32U5F9VJT6Q, STM32U5F9ZIJ6QTR, STM32U5F9ZIT6Q, STM32U5F9ZJJ6QTR, STM32U5F9ZJT6Q, STM32U5G7VJT6, STM32U5G7VJT6Q, STM32U5G9BJY6QTR, STM32U5G9J-DK1, STM32U5G9J-DK2, STM32U5G9NJH6Q, STM32U5G9VJT6Q, STM32U5G9ZJJ6QTR, STM32U5G9ZJT6Q, STM32WB05KZV6TR, STM32WB05KZV7TR, STM32WB05TZF6TR, STM32WB05TZF7TR, STM32WB06CCF6TR, STM32WB06CCF7TR, STM32WB06CCV6TR, STM32WB06CCV7TR, STM32WB06KCV6TR, STM32WB06KCV7TR, STM32WB07CCF6TR, STM32WB07CCF7TR, STM32WB07CCV6TR, STM32WB07CCV7TR, STM32WB07KCV6TR, STM32WB07KCV7TR, STM32WB09KEV6TR, STM32WB09KEV7TR, STM32WB09TEF6TR, STM32WB09TEF7TR, STM32WB1MMCH6, STM32WBA50KGU6, STM32WBA50KGU6TR, STM32WBA52CEU6, STM32WBA52CEU6TR, STM32WBA52CEU7, STM32WBA52CEU7TR, STM32WBA52CGU6, STM32WBA52CGU6TR, STM32WBA52CGU6U, STM32WBA52CGU7, STM32WBA52CGU7TR, STM32WBA52KEU6, STM32WBA52KEU6TR, STM32WBA52KGU6, STM32WBA52KGU6TR, STM32WBA54CEU6, STM32WBA54CEU6TR, STM32WBA54CEU7, STM32WBA54CEU7TR, STM32WBA54CGU6, STM32WBA54CGU6TR, STM32WBA54CGU7, STM32WBA54CGU7TR, STM32WBA54KEU6, STM32WBA54KEU6TR, STM32WBA54KEU7, STM32WBA54KEU7TR, STM32WBA54KGU6, STM32WBA54KGU6TR, STM32WBA54KGU7, STM32WBA54KGU7TR, STM32WBA55CEU6, STM32WBA55CEU6TR, STM32WBA55CEU7, STM32WBA55CEU7TR, STM32WBA55CGU6, STM32WBA55CGU6TR, STM32WBA55CGU6U, STM32WBA55CGU7, STM32WBA55CGU7TR, STM32WBA55G-DK1, STM32WBA55HEF6, STM32WBA55HEF7, STM32WBA55HGF6, STM32WBA55HGF7, STM32WBA55UEI6, STM32WBA55UEI6TR, STM32WBA55UEI7, STM32WBA55UEI7TR, STM32WBA55UGI6, STM32WBA55UGI6TR, STM32WBA55UGI7, STM32WBA55UGI7TR, STM32WBA5MMGH6TR, STM32WBA62MGF6, STM32WBA62MIF6, STM32WBA65MGF7, STM32WBA65MIF6, STM32WBA65MIF7, STM32WL30K8V6, STM32WL30KBV6, STM32WL31C8V6, STM32WL31CBV6, STM32WL31K8V6, STM32WL31KBV6, STM32WL33C8V6, STM32WL33C8V6X, STM32WL33CBV6, STM32WL33CBV6X, STM32WL33CCV6, STM32WL33CCV6A, STM32WL33CCV6X, STM32WL33K8V7, STM32WL33K8V7X, STM32WL33KBV7 , STM32WL33KBV7X, STM32WL33KCV7, STM32WL33KCV7X, STM32WL5MOCH6, STM32WL5MOCH6TR]
2025-08-23 11:47:03,193 [INFO] BoardInfo:889 - No configuration file found for board P-NUCLEO-WB55
2025-08-23 11:47:03,195 [INFO] DbBoards:161 - Kit is not supported: P-NUCLEO-WB55
2025-08-23 11:47:03,206 [INFO] BoardInfo:889 - No configuration file found for board STEVAL-BFA001V1B
2025-08-23 11:47:03,208 [INFO] DbBoards:161 - Kit is not supported: STEVAL-BFA001V1B
2025-08-23 11:47:03,209 [INFO] BoardInfo:889 - No configuration file found for board STEVAL-BFA001V2B
2025-08-23 11:47:03,211 [INFO] DbBoards:161 - Kit is not supported: STEVAL-BFA001V2B
2025-08-23 11:47:03,563 [INFO] DbBoards:168 - Found 212 boards, 209 are supported
2025-08-23 11:47:03,563 [INFO] DbBoards:169 - Found 212 boards, 43 of them is supported for  Bsp
2025-08-23 11:47:03,565 [INFO] ApiDb:414 - User favorites file not found: C:\Users\singh/.stm32cubeide/favorites.boards.txt
2025-08-23 11:47:03,565 [INFO] DbBoards:198 - Set 0 / 0 favorites Boards
2025-08-23 11:47:03,568 [INFO] ApiDb:668 - CubeFinder database Data Model version=2.1
2025-08-23 11:47:03,568 [INFO] ApiDb:669 - CubeFinder database Configuration version=3.0.39
2025-08-23 11:47:03,568 [INFO] ApiDb:670 - CubeFinder database generation date=2025-07-24 (1753349077)
2025-08-23 11:47:03,568 [INFO] ApiDb:671 - CubeFinder database FW Pack versions=[FP-ATR-ASTRA1_V2.0.0, FP-SNS-FLIGHT1_V5.1.0, FP-SNS-MOTENV1_V5.0.0, FP-SNS-MOTENVWB1_V1.4.0, FP-SNS-SMARTAG2_V1.2.0, FP-SNS-STBOX1_V2.0.0, STM32Cube_FW_C0_V1.4.0, STM32Cube_FW_F4_V1.28.2, STM32Cube_FW_F7_V1.17.3, STM32Cube_FW_G0_V1.6.2, STM32Cube_FW_G4_V1.6.1, STM32Cube_FW_H5_V1.5.0, STM32Cube_FW_H7RS_V1.2.0, STM32Cube_FW_H7_V1.12.1, STM32Cube_FW_L0_V1.12.2, STM32Cube_FW_L4_V1.18.1, STM32Cube_FW_L5_V1.5.1, STM32Cube_FW_N6_V1.2.0, STM32Cube_FW_U0_V1.3.0, STM32Cube_FW_U3_V1.2.0, STM32Cube_FW_U5_V1.8.0, STM32Cube_FW_WB0_V1.3.0, STM32Cube_FW_WBA_V1.7.0, STM32Cube_FW_WB_V1.23.0, STM32Cube_FW_WL3_V1.2.0, STM32Cube_FW_WL_V1.3.1, X-CUBE-ALGOBUILD_V1.4.0, X-CUBE-ALS_V1.0.2, X-CUBE-AZRTOS-F4_V1.1.0, X-CUBE-AZRTOS-F7_V1.1.0, X-CUBE-AZRTOS-G0_V1.1.0, X-CUBE-AZRTOS-G4_V2.0.0, X-CUBE-AZRTOS-H7RS_V1.1.0, X-CUBE-AZRTOS-H7_V3.4.0, X-CUBE-AZRTOS-L4_V2.0.0, X-CUBE-AZRTOS-L5_V2.0.0, X-CUBE-AZRTOS-WB_V2.0.0, X-CUBE-AZRTOS-WL_V2.0.0, X-CUBE-BLE1_V7.1.0, X-CUBE-BLE2_V3.3.0, X-CUBE-BLEMGR_V4.1.0, X-CUBE-EEPRMA1_V5.2.0, X-CUBE-FREERTOS_V1.3.1, X-CUBE-GNSS1_V6.0.0, X-CUBE-MEMS1_V11.3.0, X-CUBE-NFC4_V3.0.0, X-CUBE-NFC7_V2.0.0, X-CUBE-SFXS2LP1_V4.0.0, X-CUBE-ST67W61_V1.0.0, X-CUBE-SUBG2_V5.0.0, X-CUBE-TOF1_V3.4.3]
2025-08-23 11:47:04,256 [ERROR] DbExamplesSqlite:437 - Missing JSON key: board_cpn
2025-08-23 11:47:04,257 [ERROR] DbExamplesSqlite:437 - Missing JSON key: board_cpn
2025-08-23 11:47:04,257 [ERROR] DbExamplesSqlite:437 - Missing JSON key: board_cpn
2025-08-23 11:47:04,257 [ERROR] DbExamplesSqlite:437 - Missing JSON key: board_cpn
2025-08-23 11:47:04,431 [ERROR] DbExamplesSqlite:437 - Missing JSON key: board_cpn
2025-08-23 11:47:04,431 [ERROR] DbExamplesSqlite:437 - Missing JSON key: board_cpn
2025-08-23 11:47:04,431 [ERROR] DbExamplesSqlite:437 - Missing JSON key: board_cpn
2025-08-23 11:47:04,432 [ERROR] DbExamplesSqlite:437 - Missing JSON key: board_cpn
2025-08-23 11:47:04,432 [ERROR] DbExamplesSqlite:437 - Missing JSON key: board_cpn
2025-08-23 11:47:04,432 [ERROR] DbExamplesSqlite:437 - Missing JSON key: board_cpn
2025-08-23 11:47:04,432 [ERROR] DbExamplesSqlite:437 - Missing JSON key: board_cpn
2025-08-23 11:47:04,432 [ERROR] DbExamplesSqlite:437 - Missing JSON key: board_cpn
2025-08-23 11:47:04,433 [ERROR] DbExamplesSqlite:437 - Missing JSON key: board_cpn
2025-08-23 11:47:04,712 [ERROR] DbExamplesSqlite:437 - Missing JSON key: board_cpn
2025-08-23 11:47:04,713 [ERROR] DbExamplesSqlite:437 - Missing JSON key: board_cpn
2025-08-23 11:47:04,715 [INFO] DbExamplesSqlite:395 - Ignored 33 examples not supported by CubeIDE
2025-08-23 11:47:04,715 [INFO] DbExamplesSqlite:396 - Found 10866 examples active
2025-08-23 11:47:04,715 [INFO] DbExamplesSqlite:397 - Found 0 examples obsolete
2025-08-23 11:47:04,715 [INFO] DbExamplesSqlite:398 - Found 0 examples under development
2025-08-23 11:47:04,715 [INFO] DbExamplesSqlite:399 - Found 65 examples not building
2025-08-23 11:47:04,717 [INFO] DbExamples:125 - Found 10898 examples
2025-08-23 11:47:04,733 [INFO] DbExamples:222 - Found 134 boards with related examples
2025-08-23 11:47:04,734 [INFO] DbExamples:235 - Found 111 MCUs with related examples
2025-08-23 11:47:04,752 [INFO] ApiDb:414 - User favorites file not found: C:\Users\singh/.stm32cubeide/favorites.examples.txt
2025-08-23 11:47:04,753 [INFO] DbExamples:250 - Set 0 / 0 favorites Examples
2025-08-23 11:47:23,098 [INFO] MainUpdater:2872 - connection check result : 10
2025-08-23 11:47:23,106 [INFO] McuFinderGlobals:76 - Set McuFinderConnectedMode to true
2025-08-23 11:47:23,117 [INFO] MultiScanPanel:200 - Auto-refresh data requested => check proxy status ongoing
2025-08-23 11:47:23,124 [INFO] FinderPluginLoader:96 - Searching for filters in installed packs
2025-08-23 11:47:24,618 [INFO] LoadUrlFilesThread:185 - End of LoadServerUrlFiles without Thread
2025-08-23 11:47:24,714 [INFO] DetailPanel:341 - Set advertising image to C:/Users/singh/STM32Cube/Repository/\en.2400x1350px.jpeg
2025-08-23 11:47:26,166 [INFO] McuFinderGlobals:76 - Set McuFinderConnectedMode to true
2025-08-23 11:47:26,166 [INFO] MultiScanPanel:200 - Auto-refresh data requested => check proxy status ongoing
2025-08-23 11:47:26,167 [INFO] FinderPluginLoader:96 - Searching for filters in installed packs
2025-08-23 11:47:27,289 [INFO] LoadUrlFilesThread:185 - End of LoadServerUrlFiles without Thread
2025-08-23 11:47:27,290 [INFO] DetailPanel:341 - Set advertising image to C:/Users/singh/STM32Cube/Repository/\en.2400x1350px.jpeg
2025-08-23 11:48:43,070 [INFO] Activator:176 - 


2025-08-23 11:48:43,072 [INFO] Activator:177 - !SESSION log4j initialized
2025-08-23 11:48:48,562 [INFO] LogOutputStream:77 - [STDOUT_REDIRECT] 
2025-08-23 11:49:17,371 [INFO] McuFinderGlobals:63 - Set McuFinder mode to 2 (CubeIDE integrated)
2025-08-23 11:49:17,371 [INFO] ApplicationProperties:184 - Using Application install path: C:\ST\STM32CubeIDE_1.18.1\STM32CubeIDE\plugins\com.st.stm32cube.common.mx_6.15.0.202507011659
2025-08-23 11:49:18,829 [INFO] DbMcusXml:78 - Set database path to: C:\ST\STM32CubeIDE_1.18.1\STM32CubeIDE\plugins\com.st.stm32cube.common.mx_6.15.0.202507011659\\db\/mcu/
2025-08-23 11:49:18,829 [INFO] ApiDb:274 - Set plugin database path to: C:\ST\STM32CubeIDE_1.18.1\STM32CubeIDE\plugins\com.st.stm32cube.common.mx_6.15.0.202507011659\\db\/plugins/boardmanager/
2025-08-23 11:49:18,829 [WARN] ApiDb:259 - Overriding images path with different value:  => C:\ST\STM32CubeIDE_1.18.1\STM32CubeIDE\plugins\com.st.stm32cube.common.mx_6.15.0.202507011659\\db\/plugins/mcufinder/images/
2025-08-23 11:49:19,276 [INFO] ApiDb:250 - Set database path to: C:\Users\singh\.stmcufinder\plugins\mcufinder//mcu/
2025-08-23 11:49:19,423 [INFO] DbMcusAds:125 - Set database path to: C:\Users\singh\.stmcufinder\plugins\mcufinder//mcu/
2025-08-23 11:49:25,720 [INFO] CrossReferenceDbSqlite:203 - Set database path to: C:\Users\singh\.stmcufinder\plugins\mcufinder//mcu/cs/
2025-08-23 11:49:28,036 [INFO] RulesReader:64 - Compatibility file has been processed (317 Rules)
2025-08-23 11:49:32,346 [INFO] DbMcusXml:78 - Set database path to: C:\ST\STM32CubeIDE_1.18.1\STM32CubeIDE\plugins\com.st.stm32cube.common.mx_6.15.0.202507011659\\db\/mcu/
2025-08-23 11:49:32,346 [INFO] ApiDb:274 - Set plugin database path to: C:\ST\STM32CubeIDE_1.18.1\STM32CubeIDE\plugins\com.st.stm32cube.common.mx_6.15.0.202507011659\\db\/plugins/boardmanager/
2025-08-23 11:49:32,346 [INFO] ApiDb:261 - Set plugin images path to: C:\ST\STM32CubeIDE_1.18.1\STM32CubeIDE\plugins\com.st.stm32cube.common.mx_6.15.0.202507011659\\db\/plugins/mcufinder/images/
2025-08-23 11:49:32,347 [WARN] DbFile:41 - Overriding database path with different value: C:\Users\singh\.stmcufinder\plugins\mcufinder/ => C:\Users\singh\.stmcufinder\plugins\mcufinder
2025-08-23 11:49:32,347 [INFO] ApiDb:250 - Set database path to: C:\Users\singh\.stmcufinder\plugins\mcufinder//mcu/
2025-08-23 11:49:32,347 [WARN] DbFile:41 - Overriding database path with different value: C:\Users\singh\.stmcufinder\plugins\mcufinder/ => C:\Users\singh\.stmcufinder\plugins\mcufinder
2025-08-23 11:49:32,347 [INFO] DbMcusAds:125 - Set database path to: C:\Users\singh\.stmcufinder\plugins\mcufinder//mcu/
2025-08-23 11:49:32,347 [WARN] DbFile:41 - Overriding database path with different value: C:\Users\singh\.stmcufinder\plugins\mcufinder/ => C:\Users\singh\.stmcufinder\plugins\mcufinder
2025-08-23 11:49:32,347 [WARN] DbFile:41 - Overriding database path with different value: C:\Users\singh\.stmcufinder\plugins\mcufinder/ => C:\Users\singh\.stmcufinder\plugins\mcufinder
2025-08-23 11:49:32,347 [INFO] CrossReferenceDbSqlite:203 - Set database path to: C:\Users\singh\.stmcufinder\plugins\mcufinder//mcu/cs/
2025-08-23 11:49:32,489 [INFO] MainPanel:274 - HeapMemory: 268435456
2025-08-23 11:49:32,756 [INFO] DbMcusXml:78 - Set database path to: C:\ST\STM32CubeIDE_1.18.1\STM32CubeIDE\plugins\com.st.stm32cube.common.mx_6.15.0.202507011659\\db\/mcu/
2025-08-23 11:49:32,756 [INFO] ApiDb:274 - Set plugin database path to: C:\ST\STM32CubeIDE_1.18.1\STM32CubeIDE\plugins\com.st.stm32cube.common.mx_6.15.0.202507011659\\db\/plugins/boardmanager/
2025-08-23 11:49:32,756 [INFO] ApiDb:261 - Set plugin images path to: C:\ST\STM32CubeIDE_1.18.1\STM32CubeIDE\plugins\com.st.stm32cube.common.mx_6.15.0.202507011659\\db\/plugins/mcufinder/images/
2025-08-23 11:49:32,757 [WARN] DbFile:41 - Overriding database path with different value: C:\Users\singh\.stmcufinder\plugins\mcufinder/ => C:\Users\singh\.stmcufinder\plugins\mcufinder
2025-08-23 11:49:32,757 [INFO] ApiDb:250 - Set database path to: C:\Users\singh\.stmcufinder\plugins\mcufinder//mcu/
2025-08-23 11:49:32,757 [WARN] DbFile:41 - Overriding database path with different value: C:\Users\singh\.stmcufinder\plugins\mcufinder/ => C:\Users\singh\.stmcufinder\plugins\mcufinder
2025-08-23 11:49:32,757 [INFO] DbMcusAds:125 - Set database path to: C:\Users\singh\.stmcufinder\plugins\mcufinder//mcu/
2025-08-23 11:49:32,757 [WARN] DbFile:41 - Overriding database path with different value: C:\Users\singh\.stmcufinder\plugins\mcufinder/ => C:\Users\singh\.stmcufinder\plugins\mcufinder
2025-08-23 11:49:32,757 [WARN] DbFile:41 - Overriding database path with different value: C:\Users\singh\.stmcufinder\plugins\mcufinder/ => C:\Users\singh\.stmcufinder\plugins\mcufinder
2025-08-23 11:49:32,757 [INFO] CrossReferenceDbSqlite:203 - Set database path to: C:\Users\singh\.stmcufinder\plugins\mcufinder//mcu/cs/
2025-08-23 11:49:32,786 [INFO] ApplicationProperties:184 - Using Application install path: C:\ST\STM32CubeIDE_1.18.1\STM32CubeIDE\plugins\com.st.stm32cube.common.mx_6.15.0.202507011659
2025-08-23 11:49:32,789 [INFO] PluginManage:196 - Search for loadable plugins [exclusion list=, ]
2025-08-23 11:49:32,791 [INFO] PluginManage:310 - Check plugin analytics
2025-08-23 11:49:33,131 [INFO] AnalyticsPlugin:253 - Accepted Software Licenses: 
2025-08-23 11:49:33,132 [INFO] AnalyticsPlugin:255 - Accepted CMSIS Pack Licenses: 
2025-08-23 11:49:33,132 [INFO] AnalyticsPlugin:257 - Accepted Firmware Licenses: 
2025-08-23 11:49:33,136 [INFO] PluginManage:359 - Loaded plugin analytics (category:tool,tabindex:-1)
2025-08-23 11:49:33,136 [INFO] PluginManage:310 - Check plugin cadmodel
2025-08-23 11:49:33,145 [INFO] CADModel:105 - Init CAD model plugin
2025-08-23 11:49:33,145 [INFO] PluginManage:359 - Loaded plugin cadmodel (category:power,tabindex:5)
2025-08-23 11:49:33,146 [INFO] PluginManage:310 - Check plugin clock
2025-08-23 11:49:33,162 [INFO] PluginManage:359 - Loaded plugin clock (category:base,tabindex:2)
2025-08-23 11:49:33,162 [INFO] PluginManage:310 - Check plugin ddr
2025-08-23 11:49:33,165 [INFO] PluginManage:359 - Loaded plugin ddr (category:tool,tabindex:6)
2025-08-23 11:49:33,165 [INFO] PluginManage:310 - Check plugin filemanager
2025-08-23 11:49:33,462 [INFO] PluginManage:359 - Loaded plugin filemanager (category:base,tabindex:10)
2025-08-23 11:49:33,462 [INFO] PluginManage:310 - Check plugin ipmanager
2025-08-23 11:49:33,470 [INFO] PluginManage:359 - Loaded plugin ipmanager (category:base,tabindex:5)
2025-08-23 11:49:33,470 [INFO] PluginManage:310 - Check plugin lpbam
2025-08-23 11:49:33,480 [INFO] PluginManage:359 - Loaded plugin lpbam (category:base,tabindex:0)
2025-08-23 11:49:33,480 [INFO] PluginManage:310 - Check plugin memorymap
2025-08-23 11:49:33,497 [INFO] PluginManage:359 - Loaded plugin memorymap (category:base,tabindex:4)
2025-08-23 11:49:33,497 [INFO] PluginManage:310 - Check plugin pinoutandconfiguration
2025-08-23 11:49:33,509 [INFO] PluginManage:359 - Loaded plugin pinoutandconfiguration (category:base,tabindex:1)
2025-08-23 11:49:33,509 [INFO] PluginManage:310 - Check plugin pinoutconfig
2025-08-23 11:49:33,613 [WARN] SupportedApi:132 - Cannot load RTOS API schema: s4s-elt-must-match.1: The content of 'definitions' must match (annotation?, (simpleType | complexType)?, (unique | key | keyref)*)). A problem was found starting at: attribute.
2025-08-23 11:49:33,795 [INFO] PluginManage:359 - Loaded plugin pinoutconfig (category:base,tabindex:0)
2025-08-23 11:49:33,795 [INFO] PluginManage:310 - Check plugin power
2025-08-23 11:49:33,809 [INFO] PluginManage:359 - Loaded plugin power (category:power,tabindex:4)
2025-08-23 11:49:33,809 [INFO] PluginManage:310 - Check plugin projectmanager
2025-08-23 11:49:33,832 [INFO] PluginManage:359 - Loaded plugin projectmanager (category:projectmanager,tabindex:4)
2025-08-23 11:49:33,832 [INFO] PluginManage:310 - Check plugin rif
2025-08-23 11:49:33,847 [INFO] PluginManage:359 - Loaded plugin rif (category:base,tabindex:3)
2025-08-23 11:49:33,848 [INFO] PluginManage:310 - Check plugin thirdparty
2025-08-23 11:49:34,054 [WARN] IntegrityCheckThread:84 - waiting for thirdparty lock release [integrity check]
2025-08-23 11:49:34,054 [INFO] PluginManage:359 - Loaded plugin thirdparty (category:base,tabindex:-1)
2025-08-23 11:49:34,054 [INFO] IntegrityCheckThread:86 - entering critical section [integrity check]
2025-08-23 11:49:34,054 [INFO] PluginManage:310 - Check plugin tools
2025-08-23 11:49:34,054 [INFO] ThirdPartyUpdaterWithRetryManager:70 - Updater plugin not ready yet. [1/15]
2025-08-23 11:49:34,057 [INFO] PluginManage:359 - Loaded plugin tools (category:base,tabindex:7)
2025-08-23 11:49:34,058 [INFO] PluginManage:310 - Check plugin tutovideos
2025-08-23 11:49:34,344 [INFO] PluginManage:359 - Loaded plugin tutovideos (category:base,tabindex:-1)
2025-08-23 11:49:34,345 [INFO] PluginManage:310 - Check plugin updater
2025-08-23 11:49:34,375 [INFO] PluginManage:359 - Loaded plugin updater (category:base,tabindex:12)
2025-08-23 11:49:34,375 [INFO] PluginManage:310 - Check plugin userauth
2025-08-23 11:49:34,381 [INFO] UserAuth:118 - Init User Auth plugin
2025-08-23 11:49:34,382 [INFO] PluginManage:359 - Loaded plugin userauth (category:base,tabindex:14)
2025-08-23 11:49:34,383 [INFO] PluginManage:283 - PluginManage : Loaded plugins [18]
2025-08-23 11:49:34,671 [INFO] PinOutPanel:1589 - setPackage(No Configuration,No Configuration)
2025-08-23 11:49:34,790 [INFO] CADModel:165 - CPN selected for project level
2025-08-23 11:49:34,791 [INFO] CADModel:114 - Register for checkConnection events
2025-08-23 11:49:34,817 [INFO] IPUIPlugin:80 - create IPUIPlugin
2025-08-23 11:49:34,817 [INFO] PluginManager:220 - loadIPPluginJar : add adc
2025-08-23 11:49:34,820 [INFO] IPUIPlugin:80 - create IPUIPlugin
2025-08-23 11:49:34,820 [INFO] PluginManager:220 - loadIPPluginJar : add aes
2025-08-23 11:49:34,824 [INFO] IPUIPlugin:80 - create IPUIPlugin
2025-08-23 11:49:34,825 [INFO] PluginManager:220 - loadIPPluginJar : add can
2025-08-23 11:49:34,828 [INFO] IPUIPlugin:80 - create IPUIPlugin
2025-08-23 11:49:34,828 [INFO] PluginManager:220 - loadIPPluginJar : add comp
2025-08-23 11:49:34,832 [INFO] IPUIPlugin:80 - create IPUIPlugin
2025-08-23 11:49:34,832 [INFO] PluginManager:220 - loadIPPluginJar : add cryp
2025-08-23 11:49:34,837 [INFO] IPUIPlugin:80 - create IPUIPlugin
2025-08-23 11:49:34,837 [INFO] PluginManager:220 - loadIPPluginJar : add ddr_ctrl_phy
2025-08-23 11:49:34,841 [INFO] IPUIPlugin:80 - create IPUIPlugin
2025-08-23 11:49:34,841 [INFO] PluginManager:220 - loadIPPluginJar : add dfsdm
2025-08-23 11:49:34,847 [INFO] IPUIPlugin:80 - create IPUIPlugin
2025-08-23 11:49:34,849 [INFO] PluginManager:220 - loadIPPluginJar : add dma
2025-08-23 11:49:34,852 [INFO] IPUIPlugin:80 - create IPUIPlugin
2025-08-23 11:49:34,853 [INFO] PluginManager:220 - loadIPPluginJar : add dma3
2025-08-23 11:49:34,858 [INFO] IPUIPlugin:80 - create IPUIPlugin
2025-08-23 11:49:34,858 [INFO] PluginManager:220 - loadIPPluginJar : add extmemmanager
2025-08-23 11:49:34,860 [INFO] IPUIPlugin:80 - create IPUIPlugin
2025-08-23 11:49:34,861 [INFO] PluginManager:220 - loadIPPluginJar : add fatfs
2025-08-23 11:49:34,867 [INFO] IPUIPlugin:80 - create IPUIPlugin
2025-08-23 11:49:34,867 [INFO] PluginManager:220 - loadIPPluginJar : add fmc
2025-08-23 11:49:34,877 [INFO] IPUIPlugin:80 - create IPUIPlugin
2025-08-23 11:49:34,878 [INFO] PluginManager:220 - loadIPPluginJar : add freertos
2025-08-23 11:49:34,879 [INFO] IPUIPlugin:80 - create IPUIPlugin
2025-08-23 11:49:34,880 [INFO] PluginManager:220 - loadIPPluginJar : add genericplugin
2025-08-23 11:49:34,883 [INFO] IPUIPlugin:80 - create IPUIPlugin
2025-08-23 11:49:34,883 [INFO] PluginManager:220 - loadIPPluginJar : add gfxmmu
2025-08-23 11:49:34,891 [INFO] IPUIPlugin:80 - create IPUIPlugin
2025-08-23 11:49:34,892 [INFO] PluginManager:220 - loadIPPluginJar : add gic
2025-08-23 11:49:34,897 [INFO] IPUIPlugin:80 - create IPUIPlugin
2025-08-23 11:49:34,898 [INFO] PluginManager:220 - loadIPPluginJar : add gpio
2025-08-23 11:49:34,903 [INFO] IPUIPlugin:80 - create IPUIPlugin
2025-08-23 11:49:34,903 [INFO] PluginManager:220 - loadIPPluginJar : add gtzc
2025-08-23 11:49:34,907 [INFO] IPUIPlugin:80 - create IPUIPlugin
2025-08-23 11:49:34,907 [INFO] PluginManager:220 - loadIPPluginJar : add hash
2025-08-23 11:49:34,912 [INFO] IPUIPlugin:80 - create IPUIPlugin
2025-08-23 11:49:34,912 [INFO] PluginManager:220 - loadIPPluginJar : add i2c
2025-08-23 11:49:34,915 [INFO] IPUIPlugin:80 - create IPUIPlugin
2025-08-23 11:49:34,915 [INFO] PluginManager:220 - loadIPPluginJar : add i2s
2025-08-23 11:49:34,919 [INFO] IPUIPlugin:80 - create IPUIPlugin
2025-08-23 11:49:34,919 [INFO] PluginManager:220 - loadIPPluginJar : add i3c
2025-08-23 11:49:34,926 [INFO] IPUIPlugin:80 - create IPUIPlugin
2025-08-23 11:49:34,926 [INFO] PluginManager:220 - loadIPPluginJar : add ipddr
2025-08-23 11:49:34,935 [INFO] IPUIPlugin:80 - create IPUIPlugin
2025-08-23 11:49:34,935 [INFO] PluginManager:220 - loadIPPluginJar : add linkedlist
2025-08-23 11:49:34,941 [INFO] IPUIPlugin:80 - create IPUIPlugin
2025-08-23 11:49:34,941 [INFO] PluginManager:220 - loadIPPluginJar : add lorawan
2025-08-23 11:49:34,943 [INFO] IPUIPlugin:80 - create IPUIPlugin
2025-08-23 11:49:34,943 [INFO] PluginManager:220 - loadIPPluginJar : add ltdc
2025-08-23 11:49:34,952 [INFO] IPUIPlugin:80 - create IPUIPlugin
2025-08-23 11:49:34,952 [INFO] PluginManager:220 - loadIPPluginJar : add mdma
2025-08-23 11:49:34,956 [INFO] IPUIPlugin:80 - create IPUIPlugin
2025-08-23 11:49:34,956 [INFO] PluginManager:220 - loadIPPluginJar : add nvic
2025-08-23 11:49:34,961 [INFO] IPUIPlugin:80 - create IPUIPlugin
2025-08-23 11:49:34,961 [INFO] PluginManager:220 - loadIPPluginJar : add opamp
2025-08-23 11:49:34,966 [INFO] IPUIPlugin:80 - create IPUIPlugin
2025-08-23 11:49:34,966 [INFO] PluginManager:220 - loadIPPluginJar : add openamp
2025-08-23 11:49:34,970 [INFO] IPUIPlugin:80 - create IPUIPlugin
2025-08-23 11:49:34,970 [INFO] PluginManager:220 - loadIPPluginJar : add pdm2pcm
2025-08-23 11:49:34,979 [INFO] IPUIPlugin:80 - create IPUIPlugin
2025-08-23 11:49:34,982 [INFO] PluginManager:220 - loadIPPluginJar : add plateformsettings
2025-08-23 11:49:34,984 [INFO] IPUIPlugin:80 - create IPUIPlugin
2025-08-23 11:49:34,984 [INFO] PluginManager:220 - loadIPPluginJar : add quadspi
2025-08-23 11:49:35,000 [INFO] IPUIPlugin:80 - create IPUIPlugin
2025-08-23 11:49:35,001 [INFO] PluginManager:220 - loadIPPluginJar : add radio
2025-08-23 11:49:35,008 [INFO] IPUIPlugin:80 - create IPUIPlugin
2025-08-23 11:49:35,009 [INFO] PluginManager:220 - loadIPPluginJar : add resmgrutility
2025-08-23 11:49:35,015 [INFO] IPUIPlugin:80 - create IPUIPlugin
2025-08-23 11:49:35,015 [INFO] PluginManager:220 - loadIPPluginJar : add sai
2025-08-23 11:49:35,018 [INFO] IPUIPlugin:80 - create IPUIPlugin
2025-08-23 11:49:35,018 [INFO] PluginManager:220 - loadIPPluginJar : add spi
2025-08-23 11:49:35,027 [INFO] IPUIPlugin:80 - create IPUIPlugin
2025-08-23 11:49:35,027 [INFO] PluginManager:220 - loadIPPluginJar : add stm32_wpan
2025-08-23 11:49:35,030 [INFO] IPUIPlugin:80 - create IPUIPlugin
2025-08-23 11:49:35,030 [INFO] PluginManager:220 - loadIPPluginJar : add tim
2025-08-23 11:49:35,034 [INFO] IPUIPlugin:80 - create IPUIPlugin
2025-08-23 11:49:35,034 [INFO] PluginManager:220 - loadIPPluginJar : add touchsensing
2025-08-23 11:49:35,038 [INFO] IPUIPlugin:80 - create IPUIPlugin
2025-08-23 11:49:35,038 [INFO] PluginManager:220 - loadIPPluginJar : add tracer_emb
2025-08-23 11:49:35,041 [INFO] IPUIPlugin:80 - create IPUIPlugin
2025-08-23 11:49:35,041 [INFO] PluginManager:220 - loadIPPluginJar : add ts
2025-08-23 11:49:35,044 [INFO] IPUIPlugin:80 - create IPUIPlugin
2025-08-23 11:49:35,044 [INFO] PluginManager:220 - loadIPPluginJar : add tsc
2025-08-23 11:49:35,048 [INFO] IPUIPlugin:80 - create IPUIPlugin
2025-08-23 11:49:35,048 [INFO] PluginManager:220 - loadIPPluginJar : add ucpd
2025-08-23 11:49:35,052 [INFO] IPUIPlugin:80 - create IPUIPlugin
2025-08-23 11:49:35,052 [INFO] PluginManager:220 - loadIPPluginJar : add usart
2025-08-23 11:49:35,058 [INFO] IPUIPlugin:80 - create IPUIPlugin
2025-08-23 11:49:35,058 [INFO] PluginManager:220 - loadIPPluginJar : add usbx
2025-08-23 11:49:35,240 [FATAL] Updater:351 - Updater called before beeing initialized
2025-08-23 11:49:35,334 [INFO] RulesReader:64 - Compatibility file has been processed (317 Rules)
2025-08-23 11:49:35,354 [INFO] RulesReader:64 - Compatibility file has been processed (317 Rules)
2025-08-23 11:49:35,367 [INFO] CADModel:165 - CPN selected for project level
2025-08-23 11:49:35,367 [INFO] CADModel:114 - Register for checkConnection events
2025-08-23 11:49:35,367 [FATAL] Updater:351 - Updater called before beeing initialized
2025-08-23 11:49:35,367 [ERROR] CADModel:125 - Updater not yet initialized, retry later 
2025-08-23 11:49:35,566 [FATAL] Updater:351 - Updater called before beeing initialized
2025-08-23 11:49:35,568 [INFO] CADModel:165 - CPN selected for project level
2025-08-23 11:49:35,568 [INFO] CADModel:114 - Register for checkConnection events
2025-08-23 11:49:35,569 [FATAL] Updater:351 - Updater called before beeing initialized
2025-08-23 11:49:35,569 [ERROR] CADModel:125 - Updater not yet initialized, retry later 
2025-08-23 11:49:35,571 [FATAL] Updater:351 - Updater called before beeing initialized
2025-08-23 11:49:35,717 [FATAL] Updater:351 - Updater called before beeing initialized
2025-08-23 11:49:35,722 [INFO] DbMcusAds:53 - JSON generation date=Tue Jul 08 13:44:23 IST 2025 (1751962463582)
2025-08-23 11:49:35,722 [FATAL] Updater:351 - Updater called before beeing initialized
2025-08-23 11:49:35,760 [WARN] DetailPanel:346 - Failed to get advertising image, set to default
2025-08-23 11:49:35,852 [FATAL] Updater:351 - Updater called before beeing initialized
2025-08-23 11:49:35,853 [FATAL] Updater:351 - Updater called before beeing initialized
2025-08-23 11:49:35,854 [FATAL] Updater:351 - Updater called before beeing initialized
2025-08-23 11:49:35,854 [WARN] DetailPanel:346 - Failed to get advertising image, set to default
2025-08-23 11:49:35,854 [FATAL] Updater:351 - Updater called before beeing initialized
2025-08-23 11:49:35,904 [ERROR] Updater:1198 - MainUpdater not yet initialized. External WinMGr cannot be set.
2025-08-23 11:49:35,906 [INFO] Updater:1134 - Updater Version found : 6.15.0
2025-08-23 11:49:35,928 [INFO] ApplicationProperties:184 - Using Application install path: C:\ST\STM32CubeIDE_1.18.1\STM32CubeIDE\plugins\com.st.stm32cube.common.mx_6.15.0.202507011659
2025-08-23 11:49:36,360 [INFO] MainUpdater:2872 - connection check result : 10
2025-08-23 11:49:36,361 [INFO] MainUpdater:289 - Updater Check For Update Now.
2025-08-23 11:49:36,361 [INFO] MicroXplorer:498 - Change Database Version : DB.6.0.150
2025-08-23 11:49:36,370 [INFO] McuFinderGlobals:63 - Set McuFinder mode to 2 (CubeIDE integrated)
2025-08-23 11:49:36,371 [INFO] UserAuth:487 - Internet connection configuration mode: 1
2025-08-23 11:49:36,405 [INFO] JxBrowserEngine:152 - Initiate JxBrowser Engine with user profile folder
2025-08-23 11:49:36,561 [INFO] CheckServerUpdateThread:120 - End of CheckServer Thread
2025-08-23 11:49:36,576 [INFO] MainUpdater:2872 - connection check result : 10
2025-08-23 11:49:37,563 [WARN] PackLoader:240 - Cannot read IP mode file for STMicroelectronics.FP-SNS-MOTENVWB1.1.4.0
2025-08-23 11:49:37,577 [WARN] PackLoader:240 - Cannot read IP mode file for STMicroelectronics.FP-ATR-ASTRA1.2.0.2
2025-08-23 11:49:37,585 [INFO] ApiDb:581 - Connected to CubeFinder SQLite database (C:\Users\singh\.stmcufinder\plugins\mcufinder\mcu\cube-finder-db.db)
2025-08-23 11:49:37,594 [WARN] PackLoader:240 - Cannot read IP mode file for STMicroelectronics.X-CUBE-SMBUS.2.1.0
2025-08-23 11:49:37,603 [WARN] PackLoader:240 - Cannot read IP mode file for STMicroelectronics.X-CUBE-ST60.1.0.0
2025-08-23 11:49:37,707 [WARN] PackLoader:240 - Cannot read IP mode file for STMicroelectronics.X-CUBE-AZRTOS-F7.1.1.0
2025-08-23 11:49:37,827 [WARN] PackLoader:240 - Cannot read IP mode file for Infineon.AIROC-Wi-Fi-Bluetooth-STM32.1.7.0
2025-08-23 11:49:37,908 [WARN] PackLoader:240 - Cannot read IP mode file for STMicroelectronics.X-CUBE-AZRTOS-H7.3.4.0
2025-08-23 11:49:37,930 [WARN] PackLoader:240 - Cannot read IP mode file for STMicroelectronics.X-CUBE-DISPLAY.3.0.0
2025-08-23 11:49:37,975 [WARN] PackLoader:240 - Cannot read IP mode file for STMicroelectronics.X-CUBE-NFC10.1.0.0
2025-08-23 11:49:38,006 [WARN] PackLoader:240 - Cannot read IP mode file for STMicroelectronics.X-CUBE-BLEMGR.4.0.0
2025-08-23 11:49:38,030 [WARN] PackLoader:240 - Cannot read IP mode file for emotas.I-CUBE-CANOPEN.1.3.0
2025-08-23 11:49:38,044 [WARN] ConditionMgr:438 - getConditionDescription Invalid condition id : Cortex-A Device cause : null
2025-08-23 11:49:38,203 [WARN] ConditionMgr:1044 - genDependencies : Invalid condition id : Cortex-A Device cause : null
2025-08-23 11:49:38,204 [WARN] ConditionMgr:1044 - genDependencies : Invalid condition id : Cortex-A Device cause : null
2025-08-23 11:49:38,204 [WARN] ConditionMgr:1044 - genDependencies : Invalid condition id : Cortex-A Device cause : null
2025-08-23 11:49:38,255 [INFO] ApiDb:668 - CubeFinder database Data Model version=2.1
2025-08-23 11:49:38,256 [INFO] ApiDb:669 - CubeFinder database Configuration version=3.0.39
2025-08-23 11:49:38,256 [INFO] ApiDb:670 - CubeFinder database generation date=2025-07-24 (1753349077)
2025-08-23 11:49:38,257 [INFO] ApiDb:671 - CubeFinder database FW Pack versions=[FP-ATR-ASTRA1_V2.0.0, FP-SNS-FLIGHT1_V5.1.0, FP-SNS-MOTENV1_V5.0.0, FP-SNS-MOTENVWB1_V1.4.0, FP-SNS-SMARTAG2_V1.2.0, FP-SNS-STBOX1_V2.0.0, STM32Cube_FW_C0_V1.4.0, STM32Cube_FW_F4_V1.28.2, STM32Cube_FW_F7_V1.17.3, STM32Cube_FW_G0_V1.6.2, STM32Cube_FW_G4_V1.6.1, STM32Cube_FW_H5_V1.5.0, STM32Cube_FW_H7RS_V1.2.0, STM32Cube_FW_H7_V1.12.1, STM32Cube_FW_L0_V1.12.2, STM32Cube_FW_L4_V1.18.1, STM32Cube_FW_L5_V1.5.1, STM32Cube_FW_N6_V1.2.0, STM32Cube_FW_U0_V1.3.0, STM32Cube_FW_U3_V1.2.0, STM32Cube_FW_U5_V1.8.0, STM32Cube_FW_WB0_V1.3.0, STM32Cube_FW_WBA_V1.7.0, STM32Cube_FW_WB_V1.23.0, STM32Cube_FW_WL3_V1.2.0, STM32Cube_FW_WL_V1.3.1, X-CUBE-ALGOBUILD_V1.4.0, X-CUBE-ALS_V1.0.2, X-CUBE-AZRTOS-F4_V1.1.0, X-CUBE-AZRTOS-F7_V1.1.0, X-CUBE-AZRTOS-G0_V1.1.0, X-CUBE-AZRTOS-G4_V2.0.0, X-CUBE-AZRTOS-H7RS_V1.1.0, X-CUBE-AZRTOS-H7_V3.4.0, X-CUBE-AZRTOS-L4_V2.0.0, X-CUBE-AZRTOS-L5_V2.0.0, X-CUBE-AZRTOS-WB_V2.0.0, X-CUBE-AZRTOS-WL_V2.0.0, X-CUBE-BLE1_V7.1.0, X-CUBE-BLE2_V3.3.0, X-CUBE-BLEMGR_V4.1.0, X-CUBE-EEPRMA1_V5.2.0, X-CUBE-FREERTOS_V1.3.1, X-CUBE-GNSS1_V6.0.0, X-CUBE-MEMS1_V11.3.0, X-CUBE-NFC4_V3.0.0, X-CUBE-NFC7_V2.0.0, X-CUBE-SFXS2LP1_V4.0.0, X-CUBE-ST67W61_V1.0.0, X-CUBE-SUBG2_V5.0.0, X-CUBE-TOF1_V3.4.3]
2025-08-23 11:49:38,271 [WARN] PackLoader:240 - Cannot read IP mode file for STMicroelectronics.X-CUBE-AI.10.0.0
2025-08-23 11:49:38,321 [WARN] PackLoader:240 - Cannot read IP mode file for STMicroelectronics.FP-SNS-STBOX1.2.1.0
2025-08-23 11:49:38,335 [WARN] PackLoader:240 - Cannot read IP mode file for STMicroelectronics.FP-SNS-SMARTAG2.1.2.0
2025-08-23 11:49:38,343 [WARN] PackLoader:240 - Cannot read IP mode file for STMicroelectronics.FP-SNS-FLIGHT1.5.1.0
2025-08-23 11:49:38,358 [INFO] LogOutputStream:77 - [STDOUT_REDIRECT] 1 : Invalid condition id : UX_CORESTACK_Condition cause : null
2025-08-23 11:49:38,361 [INFO] LogOutputStream:77 - [STDOUT_REDIRECT] 1 : Invalid condition id : UX_CORESTACK_Condition cause : null
2025-08-23 11:49:38,364 [INFO] LogOutputStream:77 - [STDOUT_REDIRECT] 1 : Invalid condition id : UX_CORESTACK_Condition cause : null
2025-08-23 11:49:38,367 [INFO] LogOutputStream:77 - [STDOUT_REDIRECT] 1 : Invalid condition id : UX_CORESTACK_Condition cause : null
2025-08-23 11:49:38,370 [INFO] LogOutputStream:77 - [STDOUT_REDIRECT] 1 : Invalid condition id : UX_CORESTACK_Condition cause : null
2025-08-23 11:49:38,374 [WARN] PackLoader:240 - Cannot read IP mode file for STMicroelectronics.X-CUBE-AZRTOS-WL.2.0.0
2025-08-23 11:49:38,388 [WARN] PackLoader:240 - Cannot read IP mode file for STMicroelectronics.FP-SNS-MOTENV1.5.0.0
2025-08-23 11:49:38,406 [WARN] PackLoader:240 - Cannot read IP mode file for WES.I-CUBE-Cesium.1.3.0
2025-08-23 11:49:38,415 [WARN] PackLoader:240 - Cannot read IP mode file for STMicroelectronics.X-CUBE-BLE2.3.3.0
2025-08-23 11:49:38,425 [WARN] PackLoader:240 - Cannot read IP mode file for STMicroelectronics.X-CUBE-NFC9.1.0.0
2025-08-23 11:49:38,437 [WARN] PackLoader:240 - Cannot read IP mode file for STMicroelectronics.X-CUBE-BLE1.7.1.0
2025-08-23 11:49:38,446 [WARN] PackLoader:240 - Cannot read IP mode file for wolfSSL.I-CUBE-wolfMQTT.1.19.2
2025-08-23 11:49:38,457 [WARN] PackLoader:240 - Cannot read IP mode file for STMicroelectronics.X-CUBE-EEPRMA1.5.2.0
2025-08-23 11:49:38,467 [WARN] PackLoader:240 - Cannot read IP mode file for STMicroelectronics.X-CUBE-AI.10.1.0
2025-08-23 11:49:38,542 [WARN] PackLoader:240 - Cannot read IP mode file for STMicroelectronics.X-CUBE-MEMS1.11.2.0
2025-08-23 11:49:38,659 [INFO] WebApp:169 - Instantiating new browser for Auth
2025-08-23 11:49:38,852 [WARN] PackLoader:240 - Cannot read IP mode file for STMicroelectronics.X-CUBE-AZRTOS-G0.1.1.0
2025-08-23 11:49:38,908 [WARN] PackLoader:240 - Cannot read IP mode file for STMicroelectronics.X-CUBE-SAFEA1.1.2.2
2025-08-23 11:49:38,954 [WARN] PackLoader:240 - Cannot read IP mode file for STMicroelectronics.X-CUBE-NFC4.3.0.0
2025-08-23 11:49:38,977 [WARN] PackLoader:240 - Cannot read IP mode file for EmbeddedOffice.I-CUBE-FS-RTOS.1.0.1
2025-08-23 11:49:38,997 [WARN] PackLoader:240 - Cannot read IP mode file for STMicroelectronics.X-CUBE-WB05N.2.0.0
2025-08-23 11:49:39,011 [WARN] PackLoader:240 - Cannot read IP mode file for wolfSSL.I-CUBE-wolfTPM.3.8.0
2025-08-23 11:49:39,025 [WARN] PackLoader:240 - Cannot read IP mode file for STMicroelectronics.X-CUBE-TCPP.4.2.0
2025-08-23 11:49:39,049 [WARN] PackLoader:240 - Cannot read IP mode file for RealThread.X-CUBE-RT-Thread_Nano.4.1.1
2025-08-23 11:49:39,059 [WARN] PackLoader:240 - Cannot read IP mode file for STMicroelectronics.FP-ATR-SIGFOX1.3.2.0
2025-08-23 11:49:39,068 [WARN] PackLoader:240 - Cannot read IP mode file for STMicroelectronics.X-CUBE-EEPRMA1.5.1.0
2025-08-23 11:49:39,080 [WARN] PackLoader:240 - Cannot read IP mode file for wolfSSL.I-CUBE-wolfSSL.5.7.6
2025-08-23 11:49:39,092 [WARN] PackLoader:240 - Cannot read IP mode file for ITTIA_DB.I-CUBE-ITTIADB.8.9.0
2025-08-23 11:49:39,104 [WARN] PackLoader:240 - Cannot read IP mode file for STMicroelectronics.X-CUBE-ST67W61.1.0.0
2025-08-23 11:49:39,112 [WARN] PackLoader:240 - Cannot read IP mode file for STMicroelectronics.X-CUBE-AI.10.2.0
2025-08-23 11:49:39,190 [WARN] PackLoader:240 - Cannot read IP mode file for SEGGER.I-CUBE-embOS.1.3.1
2025-08-23 11:49:39,252 [WARN] PackLoader:240 - Cannot read IP mode file for STMicroelectronics.X-CUBE-ALGOBUILD.1.4.0
2025-08-23 11:49:39,323 [WARN] PackLoader:240 - Cannot read IP mode file for STMicroelectronics.X-CUBE-MEMS1.11.3.0
2025-08-23 11:49:39,514 [WARN] PackLoader:240 - Cannot read IP mode file for STMicroelectronics.X-CUBE-PM33A1.1.0.0
2025-08-23 11:49:39,538 [WARN] PackLoader:240 - Cannot read IP mode file for STMicroelectronics.X-CUBE-AZRTOS-F4.1.1.0
2025-08-23 11:49:39,556 [WARN] PackLoader:240 - Cannot read IP mode file for Avnet-IotConnect.X-CUBE-IoTC-DA16k-PMOD.1.0.0
2025-08-23 11:49:39,561 [WARN] PackLoader:240 - Cannot read IP mode file for STMicroelectronics.X-CUBE-ISPU.2.1.0
2025-08-23 11:49:39,603 [WARN] PackLoader:240 - Cannot read IP mode file for STMicroelectronics.X-CUBE-NFC12.1.0.0
2025-08-23 11:49:39,629 [WARN] PackLoader:240 - Cannot read IP mode file for STMicroelectronics.X-CUBE-AZRTOS-L5.2.0.0
2025-08-23 11:49:39,645 [WARN] PackLoader:240 - Cannot read IP mode file for STMicroelectronics.X-CUBE-NFC6.3.1.0
2025-08-23 11:49:39,656 [WARN] PackLoader:240 - Cannot read IP mode file for STMicroelectronics.X-CUBE-FREERTOS.1.3.1
2025-08-23 11:49:39,663 [WARN] PackLoader:240 - Cannot read IP mode file for STMicroelectronics.X-CUBE-FREERTOS.1.3.0
2025-08-23 11:49:39,671 [WARN] PackLoader:240 - Cannot read IP mode file for STMicroelectronics.X-CUBE-NFC7.1.0.1
2025-08-23 11:49:39,677 [WARN] PackLoader:240 - Cannot read IP mode file for STMicroelectronics.FP-SNS-STAIOTCFT.1.0.0
2025-08-23 11:49:39,686 [WARN] PackLoader:240 - Cannot read IP mode file for STMicroelectronics.X-CUBE-DPower.1.3.0
2025-08-23 11:49:39,710 [WARN] ConditionMgr:438 - getConditionDescription Invalid condition id : LAN8742 Phy interface Condition cause : null
2025-08-23 11:49:39,711 [WARN] PackLoader:240 - Cannot read IP mode file for STMicroelectronics.X-CUBE-AZRTOS-L4.2.0.0
2025-08-23 11:49:39,712 [WARN] ConditionMgr:1044 - genDependencies : Invalid condition id : LAN8742 Phy interface Condition cause : null
2025-08-23 11:49:39,713 [WARN] ConditionMgr:1044 - genDependencies : Invalid condition id : LAN8742 Phy interface Condition cause : null
2025-08-23 11:49:39,713 [WARN] ConditionMgr:1044 - genDependencies : Invalid condition id : LAN8742 Phy interface Condition cause : null
2025-08-23 11:49:39,725 [WARN] PackLoader:240 - Cannot read IP mode file for STMicroelectronics.X-CUBE-SFXS2LP1.4.0.0
2025-08-23 11:49:39,821 [WARN] PackLoader:240 - Cannot read IP mode file for STMicroelectronics.X-CUBE-AZRTOS-H7.3.3.0
2025-08-23 11:49:39,856 [WARN] PackLoader:240 - Cannot read IP mode file for STMicroelectronics.X-CUBE-BLEMGR.4.1.0
2025-08-23 11:49:39,891 [WARN] ConditionMgr:438 - getConditionDescription Invalid condition id : UX DEVICE CLASS RTOS Condition cause : null
2025-08-23 11:49:39,893 [WARN] ConditionMgr:438 - getConditionDescription Invalid condition id : UX DEVICE CLASS RTOS Condition cause : null
2025-08-23 11:49:39,895 [WARN] PackLoader:240 - Cannot read IP mode file for STMicroelectronics.X-CUBE-AZRTOS-WB.2.0.0
2025-08-23 11:49:39,896 [WARN] ConditionMgr:1044 - genDependencies : Invalid condition id : UX DEVICE CLASS RTOS Condition cause : null
2025-08-23 11:49:39,896 [WARN] ConditionMgr:1044 - genDependencies : Invalid condition id : UX DEVICE CLASS RTOS Condition cause : null
2025-08-23 11:49:39,897 [WARN] ConditionMgr:1044 - genDependencies : Invalid condition id : UX DEVICE CLASS RTOS Condition cause : null
2025-08-23 11:49:39,897 [WARN] ConditionMgr:1044 - genDependencies : Invalid condition id : UX DEVICE CLASS RTOS Condition cause : null
2025-08-23 11:49:39,897 [WARN] ConditionMgr:1044 - genDependencies : Invalid condition id : UX DEVICE CLASS RTOS Condition cause : null
2025-08-23 11:49:39,908 [WARN] PackLoader:240 - Cannot read IP mode file for STMicroelectronics.X-CUBE-GNSS1.7.0.1
2025-08-23 11:49:39,916 [WARN] PackLoader:240 - Cannot read IP mode file for STMicroelectronics.X-CUBE-TOUCHGFX.4.25.0
2025-08-23 11:49:39,968 [WARN] PackLoader:240 - Cannot read IP mode file for STMicroelectronics.FP-SNS-STBOX1.2.0.0
2025-08-23 11:49:40,004 [WARN] PackLoader:240 - Cannot read IP mode file for STMicroelectronics.X-CUBE-SUBG2.5.0.0
2025-08-23 11:49:40,095 [WARN] PackLoader:240 - Cannot read IP mode file for STMicroelectronics.X-CUBE-AZRTOS-H7RS.1.1.0
2025-08-23 11:49:40,483 [WARN] PackLoader:240 - Cannot read IP mode file for Cesanta.I-CUBE-Mongoose.7.13.0
2025-08-23 11:49:40,538 [WARN] PackLoader:240 - Cannot read IP mode file for STMicroelectronics.X-CUBE-AZRTOS-G4.2.0.0
2025-08-23 11:49:40,583 [WARN] PackLoader:240 - Cannot read IP mode file for wolfSSL.I-CUBE-wolfSSH.1.4.20
2025-08-23 11:49:40,609 [WARN] PackLoader:240 - Cannot read IP mode file for STMicroelectronics.X-CUBE-NFC7.2.0.0
2025-08-23 11:49:40,632 [WARN] PackLoader:240 - Cannot read IP mode file for STMicroelectronics.X-CUBE-IPS.3.1.0
2025-08-23 11:49:40,651 [WARN] PackLoader:240 - Cannot read IP mode file for STMicroelectronics.X-CUBE-ALS.1.0.2
2025-08-23 11:49:40,672 [WARN] PackLoader:240 - Cannot read IP mode file for portGmbH.I-Cube-SoM-uGOAL.1.1.0
2025-08-23 11:49:40,697 [WARN] PackLoader:240 - Cannot read IP mode file for STMicroelectronics.X-CUBE-TOF1.3.4.3
2025-08-23 11:49:40,717 [INFO] ThirdParty:978 - Integrity check success = true
2025-08-23 11:49:40,718 [INFO] IntegrityCheckThread:100 - exiting critical section [integrity check]
2025-08-23 11:49:40,718 [INFO] IntegrityCheckThread:103 - End integrity checks thread
2025-08-23 11:49:40,978 [INFO] WebApp:463 - Apply proxy settings
2025-08-23 11:49:40,979 [INFO] WebApp:548 - Chromium requires no authentication
2025-08-23 11:49:41,034 [INFO] WebApp:491 - Direct internet connection detected
2025-08-23 11:49:41,097 [INFO] WebApp:900 - Register for checkConnection events
2025-08-23 11:49:41,097 [INFO] WebApp:463 - Apply proxy settings
2025-08-23 11:49:41,097 [INFO] WebApp:548 - Chromium requires no authentication
2025-08-23 11:49:41,098 [INFO] WebApp:491 - Direct internet connection detected
2025-08-23 11:49:41,584 [INFO] WebApp:225 - Starting web application
2025-08-23 11:49:41,584 [INFO] WebApp:593 - Web application path used C:\ST\STM32CubeIDE_1.18.1\STM32CubeIDE\plugins\com.st.stm32cube.common.mx_6.15.0.202507011659\db\plugins\mcufinder\reactClient1\index.html
2025-08-23 11:49:41,731 [INFO] WebApp:191 - Connection restablished
2025-08-23 11:49:41,804 [INFO] UserAuth:487 - Internet connection configuration mode: 1
2025-08-23 11:49:46,249 [INFO] ApiDb:240 - Found 880 in-development CPN: [B-G473E-ZEST1S, B-WB1M-WPAN1, B-WBA5M-WPAN, B-WL5M-SUBG1, NUCLEO-C031C6, NUCLEO-C051C8, NUCLEO-C071RB, NUCLEO-C092RC, NUCLEO-H503RB, NUCLEO-H533RE, NUCLEO-H563ZI, NUCLEO-H7S3L8, NUCLEO-N657X0-Q, NUCLEO-U031R8, NUCLEO-U083RC, NUCLEO-U385RG-Q, NUCLEO-U545RE-Q, NUCLEO-U5A5ZJ-Q, NUCLEO-WB05KZ, NUCLEO-WB07CC, NUCLEO-WB09KE, NUCLEO-WBA52CG, NUCLEO-WBA55CG, NUCLEO-WL33CC1, NUCLEO-WL33CC2, STEVAL-PROTEUS1, STEVAL-SMARTAG2, STEVAL-STWINBX1, STM320518-EVAL, STM32C0116-DK, STM32C011D6Y3TR, STM32C011D6Y6TR, STM32C011F4P3, STM32C011F4P6, STM32C011F4U3, STM32C011F4U6TR, STM32C011F6P3, STM32C011F6P6, STM32C011F6U3, STM32C011F6U6TR, STM32C011J4M3, STM32C011J4M6, STM32C011J6M3, STM32C011J6M6, STM32C0316-DK, STM32C031C4T3, STM32C031C4T6, STM32C031C4U3, STM32C031C4U6, STM32C031C6T3, STM32C031C6T6, STM32C031C6U3, STM32C031C6U6, STM32C031F4P3, STM32C031F4P6, STM32C031F6P3, STM32C031F6P6, STM32C031G4U3, STM32C031G4U6, STM32C031G6U3, STM32C031G6U6, STM32C031K4T3, STM32C031K4T6, STM32C031K4U3, STM32C031K4U6, STM32C031K6T3, STM32C031K6T6, STM32C031K6U3, STM32C031K6U6, STM32C051C6T6, STM32C051C6U6, STM32C051C8T6, STM32C051C8U6, STM32C051D8Y6TR, STM32C051F6P6, STM32C051F8P6, STM32C051G6U6, STM32C051G8U6, STM32C051K6T6, STM32C051K6U6, STM32C051K8T6, STM32C071C8T6, STM32C071C8T6N, STM32C071C8U6, STM32C071C8U6N, STM32C071CBT6, STM32C071CBT6N, STM32C071CBU6, STM32C071CBU6N, STM32C071F8P6, STM32C071F8P6N, STM32C071FBP6, STM32C071FBP6N, STM32C071FBY6TR, STM32C071G8U6, STM32C071G8U6N, STM32C071GBU6, STM32C071GBU6N, STM32C071K8T6, STM32C071K8T6N, STM32C071K8U6, STM32C071K8U6N, STM32C071KBT6, STM32C071KBT6N, STM32C071KBU6, STM32C071KBU6N, STM32C071R8T6, STM32C071R8T6N, STM32C071RBI6N, STM32C071RBT6, STM32C071RBT6N, STM32C091CBT6, STM32C091CBU6, STM32C091CCT6, STM32C091CCU6, STM32C091ECY6TR, STM32C091FBP6, STM32C091FCP6, STM32C091GBU6, STM32C091GCU6, STM32C091KBT6, STM32C091KBU6, STM32C091KCT6, STM32C091KCU6, STM32C091RBT6, STM32C091RCI6, STM32C091RCT6, STM32C092CBT6, STM32C092CBU6, STM32C092CCT6, STM32C092CCU6, STM32C092ECY6TR, STM32C092FBP6, STM32C092FCP6, STM32C092GBU6, STM32C092GCU6, STM32C092KBT6, STM32C092KBU6, STM32C092KCT6, STM32C092KCU6, STM32C092RBT6, STM32C092RCI6, STM32C092RCT6, STM32G071K8TXN, STM32G071K8UXN, STM32G081GBU6N, STM32G081KBT6N, STM32G081KBUXN, STM32G0B1CCT6N, STM32G0B1KCT6, STM32G0B1NEY6TR, STM32G0B1RCT6N, STM32G0C1CCT6, STM32G0C1CCT6N, STM32G0C1CCU6N, STM32G0C1CET6N, STM32G0C1CEU6N, STM32G0C1KCT6, STM32G0C1NEY6TR, STM32G0C1RCI6N, STM32G0C1RCT6N, STM32G0C1REI6N, STM32G0C1RET6N, STM32G0C1VCI6, STM32G0C1VEI6, STM32G411C6T3, STM32G411C6T6, STM32G411C6U3, STM32G411C6U6, STM32G411C8T3, STM32G411C8T6, STM32G411C8U3, STM32G411C8U6, STM32G411CBT3, STM32G411CBT6, STM32G411CBU3, STM32G411CBU6, STM32G411K6T3, STM32G411K6T6, STM32G411K6U3, STM32G411K6U6, STM32G411K8T3, STM32G411K8T6, STM32G411K8U3, STM32G411K8U6, STM32G411KBT3, STM32G411KBT6, STM32G411KBU3, STM32G411KBU6, STM32G411M6T3, STM32G411M6T6, STM32G411M8T3, STM32G411M8T6, STM32G411MBT3, STM32G411MBT6, STM32G411R6T3, STM32G411R6T6, STM32G411R8T3, STM32G411R8T6, STM32G411RBT3, STM32G411RBT6, STM32G414CBT3, STM32G414CBT6, STM32G414CBU3, STM32G414CBU6, STM32G414CCT3, STM32G414CCT6, STM32G414CCU3, STM32G414CCU6, STM32G414MBT3, STM32G414MBT6, STM32G414MCT3, STM32G414MCT6, STM32G414RBT3, STM32G414RBT6, STM32G414RCT3, STM32G414RCT6, STM32G414VBT3, STM32G414VBT6, STM32G414VCT3, STM32G414VCT6, STM32G431CBT3Z, STM32G431RBT3Z, STM32G471CCT6, STM32G471CCU6, STM32G471CET3, STM32G471CET6, STM32G471CEU3, STM32G471CEU6, STM32G471MCT6, STM32G471MET3, STM32G471MET6, STM32G471MEY6TR, STM32G471QCT6, STM32G471QET3, STM32G471RCT6, STM32G471RET3, STM32G471RET6, STM32G471VCH6, STM32G471VCI6, STM32G471VCT6, STM32G471VEH3, STM32G471VEH6, STM32G471VEI3, STM32G471VEI6, STM32G471VET3, STM32G471VET6, STM32G473QET3Z, STM32G473RET3Z, STM32G474CCT6, STM32G491RET3Z, STM32H503CBT6, STM32H503CBU6, STM32H503EBY6TR, STM32H503KBU6, STM32H503RBT6, STM32H523CCT6, STM32H523CCU6, STM32H523CET6, STM32H523CEU6, STM32H523HEY6TR, STM32H523RCT6, STM32H523RET6, STM32H523VCI6, STM32H523VCT6, STM32H523VEI6, STM32H523VET6, STM32H523ZCJ6, STM32H523ZCT6, STM32H523ZEJ6, STM32H523ZET6, STM32H533CET6, STM32H533CEU6, STM32H533HEY6TR, STM32H533RET6, STM32H533VEI6, STM32H533VET6, STM32H533ZEJ6, STM32H533ZET6, STM32H562AGI6, STM32H562AII6, STM32H562IGK6, STM32H562IGT6, STM32H562IIK6, STM32H562IIT6, STM32H562RGT6, STM32H562RGV6, STM32H562RIT6, STM32H562RIV6, STM32H562VGT6, STM32H562VIT6, STM32H562ZGT6, STM32H562ZIT6, STM32H563AGI6, STM32H563AII3Q, STM32H563AII6, STM32H563IGK6, STM32H563IGT6, STM32H563IIK3Q, STM32H563IIK6, STM32H563IIT3Q, STM32H563IIT6, STM32H563MIY3QTR, STM32H563RGT6, STM32H563RGV6, STM32H563RIT6, STM32H563RIV6, STM32H563VGT6, STM32H563VIT3Q, STM32H563VIT6, STM32H563ZGT6, STM32H563ZIT3Q, STM32H563ZIT6, STM32H573AII3Q, STM32H573AII6, STM32H573I-DK, STM32H573IIK3Q, STM32H573IIK6, STM32H573IIT3Q, STM32H573IIT6, STM32H573MIY3QTR, STM32H573RIT6, STM32H573RIV6, STM32H573VIT3Q, STM32H573VIT6, STM32H573ZIT3Q, STM32H573ZIT6, STM32H7R3A8I6, STM32H7R3I8K6, STM32H7R3I8T6, STM32H7R3L8H6, STM32H7R3L8H6H, STM32H7R3R8V6, STM32H7R3V8H6, STM32H7R3V8T6, STM32H7R3V8Y6TR, STM32H7R3Z8J6, STM32H7R3Z8T6, STM32H7R7A8I6, STM32H7R7I8K6, STM32H7R7I8T6, STM32H7R7L8H6, STM32H7R7L8H6H, STM32H7R7Z8J6, STM32H7S3A8I6, STM32H7S3I8K6, STM32H7S3I8T6, STM32H7S3L8H6, STM32H7S3L8H6H, STM32H7S3R8V6, STM32H7S3V8H6, STM32H7S3V8T6, STM32H7S3V8Y6TR, STM32H7S3Z8J6, STM32H7S3Z8T6, STM32H7S78-DK, STM32H7S7A8I6, STM32H7S7I8K6, STM32H7S7I8T6, STM32H7S7L8H6, STM32H7S7L8H6H, STM32H7S7Z8J6, STM32L4R5QGI6STR, STM32MP131AAE3, STM32MP131AAF3, STM32MP131AAG3, STM32MP131CAE3, STM32MP131CAF3, STM32MP131CAG3, STM32MP131DAE7, STM32MP131DAF7, STM32MP131DAG7, STM32MP131FAE7, STM32MP131FAF7, STM32MP131FAG7, STM32MP133AAE3, STM32MP133AAF3, STM32MP133AAG3, STM32MP133CAE3, STM32MP133CAF3, STM32MP133CAG3, STM32MP133DAE7, STM32MP133DAF7, STM32MP133DAG7, STM32MP133FAE7, STM32MP133FAF7, STM32MP133FAG7, STM32MP135AAE3, STM32MP135AAF3, STM32MP135AAG3, STM32MP135CAE3, STM32MP135CAF3, STM32MP135CAG3, STM32MP135DAE7, STM32MP135DAF7, STM32MP135DAG7, STM32MP135F-DK, STM32MP135FAE7, STM32MP135FAF7, STM32MP135FAF7T, STM32MP135FAF7U, STM32MP135FAG7, STM32MP211AAL3, STM32MP211AAM3, STM32MP211AAN3, STM32MP211AAO3, STM32MP211CAL3, STM32MP211CAM3, STM32MP211CAN3, STM32MP211CAO3, STM32MP211DAL3, STM32MP211DAM3, STM32MP211DAN3, STM32MP211DAO3, STM32MP211FAL3, STM32MP211FAM3, STM32MP211FAN3, STM32MP211FAO3, STM32MP213AAL3, STM32MP213AAM3, STM32MP213AAN3, STM32MP213AAO3, STM32MP213CAL3, STM32MP213CAM3, STM32MP213CAN3, STM32MP213CAO3, STM32MP213DAL3, STM32MP213DAM3, STM32MP213DAN3, STM32MP213DAO3, STM32MP213FAL3, STM32MP213FAM3, STM32MP213FAN3, STM32MP213FAO3, STM32MP215AAL3, STM32MP215AAM3, STM32MP215AAN3, STM32MP215AAO3, STM32MP215CAL3, STM32MP215CAM3, STM32MP215CAN3, STM32MP215CAO3, STM32MP215DAL3, STM32MP215DAM3, STM32MP215DAN3, STM32MP215DAO3, STM32MP215F-DK, STM32MP215FAL3, STM32MP215FAM3, STM32MP215FAN3, STM32MP215FAO3, STM32MP231AAJ3, STM32MP231AAK3, STM32MP231AAL3, STM32MP231CAJ3, STM32MP231CAK3, STM32MP231CAL3, STM32MP231DAJ3, STM32MP231DAK3, STM32MP231DAL3, STM32MP231FAJ3, STM32MP231FAK3, STM32MP231FAL3, STM32MP233AAJ3, STM32MP233AAK3, STM32MP233AAL3, STM32MP233CAJ3, STM32MP233CAK3, STM32MP233CAL3, STM32MP233DAJ3, STM32MP233DAK3, STM32MP233DAL3, STM32MP233FAJ3, STM32MP233FAK3, STM32MP233FAL3, STM32MP235AAJ3, STM32MP235AAK3, STM32MP235AAL3, STM32MP235CAJ3, STM32MP235CAK3, STM32MP235CAL3, STM32MP235DAJ3, STM32MP235DAK3, STM32MP235DAL3, STM32MP235FAJ3, STM32MP235FAK3, STM32MP235FAL3, STM32MP251AAI3, STM32MP251AAK3, STM32MP251AAL3, STM32MP251CAI3, STM32MP251CAK3, STM32MP251CAL3, STM32MP251DAI3, STM32MP251DAK3, STM32MP251DAL3, STM32MP251FAI3, STM32MP251FAK3, STM32MP251FAL3, STM32MP253AAI3, STM32MP253AAK3, STM32MP253AAL3, STM32MP253CAI3, STM32MP253CAK3, STM32MP253CAL3, STM32MP253DAI3, STM32MP253DAK3, STM32MP253DAL3, STM32MP253FAI3, STM32MP253FAK3, STM32MP253FAL3, STM32MP255AAI3, STM32MP255AAK3, STM32MP255AAL3, STM32MP255CAI3, STM32MP255CAK3, STM32MP255CAL3, STM32MP255DAI3, STM32MP255DAK3, STM32MP255DAL3, STM32MP255FAI3, STM32MP255FAK3, STM32MP255FAL3, STM32MP257AAI3, STM32MP257AAK3, STM32MP257AAL3, STM32MP257CAI3, STM32MP257CAK3, STM32MP257CAL3, STM32MP257DAI3, STM32MP257DAK3, STM32MP257DAL3, STM32MP257F-DK, STM32MP257F-EV1, STM32MP257FAI3, STM32MP257FAK3, STM32MP257FAL3, STM32N645A0H3Q, STM32N645B0H3Q, STM32N645I0H3Q, STM32N645L0H3Q, STM32N645X0H3Q, STM32N645Z0H3Q, STM32N647A0H3Q, STM32N647B0H3Q, STM32N647I0H3Q, STM32N647L0H3Q, STM32N647X0H3Q, STM32N647Z0H3Q, STM32N655A0H3Q, STM32N655B0H3Q, STM32N655I0H3Q, STM32N655L0H3Q, STM32N655X0H3Q, STM32N655Z0H3Q, STM32N6570-DK, STM32N657A0H3Q, STM32N657B0H3Q, STM32N657I0H3Q, STM32N657L0H3Q, STM32N657X0H3Q, STM32N657Z0H3Q, STM32U031C6T6, STM32U031C6U6, STM32U031C8T6, STM32U031C8U6, STM32U031F4P6, STM32U031F6P6, STM32U031F8P6, STM32U031G6Y6TR, STM32U031G8Y6TR, STM32U031K4U6, STM32U031K6U6, STM32U031K8U6, STM32U031R6I6, STM32U031R6T6, STM32U031R8I6, STM32U031R8T6, STM32U073C8T6, STM32U073C8U6, STM32U073CBT6, STM32U073CBU6, STM32U073CCT6, STM32U073CCU6, STM32U073H8Y6TR, STM32U073HBY6TR, STM32U073HCY6TR, STM32U073K8U6, STM32U073KBU6, STM32U073KCU6, STM32U073M8I6, STM32U073M8T6, STM32U073MBI6, STM32U073MBT6, STM32U073MCI6, STM32U073MCT6, STM32U073R8I6, STM32U073R8T6, STM32U073RBI6, STM32U073RBT6, STM32U073RCI6, STM32U073RCT6, STM32U083C-DK, STM32U083CCT6, STM32U083CCU6, STM32U083HCY6TR, STM32U083KCU6, STM32U083MCI6, STM32U083MCT6, STM32U083RCI6, STM32U083RCT6, STM32U375CET6, STM32U375CET6Q, STM32U375CEU6, STM32U375CEU6Q, STM32U375CEY6QTR, STM32U375CGT6, STM32U375CGT6Q, STM32U375CGU6, STM32U375CGU6Q, STM32U375CGY6QTR, STM32U375KEU6, STM32U375KGU6, STM32U375REI6, STM32U375REI6Q, STM32U375RET6, STM32U375RET6Q, STM32U375REY6GTR, STM32U375REY6QTR, STM32U375RGI6, STM32U375RGI6Q, STM32U375RGT6, STM32U375RGT6Q, STM32U375RGY6GTR, STM32U375RGY6QTR, STM32U375VEI6, STM32U375VEI6Q, STM32U375VET6, STM32U375VET6Q, STM32U375VGI6, STM32U375VGI6Q, STM32U375VGT6, STM32U375VGT6Q, STM32U385CGT6, STM32U385CGT6Q, STM32U385CGU6, STM32U385CGU6Q, STM32U385CGY6QTR, STM32U385KGU6, STM32U385RGI6, STM32U385RGI6Q, STM32U385RGT6, STM32U385RGT6Q, STM32U385RGY6GTR, STM32U385RGY6QTR, STM32U385VGI6, STM32U385VGI6Q, STM32U385VGT6, STM32U385VGT6Q, STM32U535CBT6, STM32U535CBT6Q, STM32U535CBU6, STM32U535CBU6Q, STM32U535CCT6, STM32U535CCT6Q, STM32U535CCU6, STM32U535CCU6Q, STM32U535CET6, STM32U535CET6Q, STM32U535CEU6, STM32U535CEU6Q, STM32U535JEY6QTR, STM32U535NCY6QTR, STM32U535NEY6QTR, STM32U535RBI6, STM32U535RBI6Q, STM32U535RBT6, STM32U535RBT6Q, STM32U535RCI6, STM32U535RCI6Q, STM32U535RCT6, STM32U535RCT6Q, STM32U535REI6, STM32U535REI6Q, STM32U535RET6, STM32U535RET6Q, STM32U535VCI6, STM32U535VCI6Q, STM32U535VCT6, STM32U535VCT6Q, STM32U535VEI6, STM32U535VEI6Q, STM32U535VET6, STM32U535VET6Q, STM32U545CET6, STM32U545CET6Q, STM32U545CEU6, STM32U545CEU6Q, STM32U545JEY6QTR, STM32U545NEY6QTR, STM32U545REI6, STM32U545REI6Q, STM32U545RET6, STM32U545RET6Q, STM32U545VEI6, STM32U545VEI6Q, STM32U545VET6, STM32U545VET6Q, STM32U595AIH6, STM32U595AIH6Q, STM32U595AJH6, STM32U595AJH6Q, STM32U595QII6, STM32U595QII6Q, STM32U595QJI6, STM32U595QJI6Q, STM32U595RIT6, STM32U595RIT6Q, STM32U595RJT6, STM32U595RJT6Q, STM32U595VIT6, STM32U595VIT6Q, STM32U595VJT6, STM32U595VJT6Q, STM32U595ZIT6, STM32U595ZIT6Q, STM32U595ZIY6QTR, STM32U595ZJT6, STM32U595ZJT6Q, STM32U595ZJY6QTR, STM32U599BJY6QTR, STM32U599NIH6Q, STM32U599NJH6Q, STM32U599VIT6Q, STM32U599VJT6, STM32U599VJT6Q, STM32U599ZIT6Q, STM32U599ZIY6QTR, STM32U599ZJT6Q, STM32U599ZJY6QTR, STM32U5A5AJH6, STM32U5A5AJH6Q, STM32U5A5QII3Q , STM32U5A5QJI6, STM32U5A5QJI6Q, STM32U5A5RJT6, STM32U5A5RJT6Q, STM32U5A5VJT6, STM32U5A5VJT6Q, STM32U5A5ZJT6, STM32U5A5ZJT6Q, STM32U5A5ZJY6QTR, STM32U5A9BJY6QTR, STM32U5A9J-DK, STM32U5A9NJH6Q, STM32U5A9VJT6Q, STM32U5A9ZJT6Q, STM32U5A9ZJY6QTR, STM32U5F7VIT6, STM32U5F7VIT6Q, STM32U5F7VJT6, STM32U5F7VJT6Q, STM32U5F9BJY6QTR, STM32U5F9NJH6Q, STM32U5F9VIT6Q, STM32U5F9VJT6Q, STM32U5F9ZIJ6QTR, STM32U5F9ZIT6Q, STM32U5F9ZJJ6QTR, STM32U5F9ZJT6Q, STM32U5G7VJT6, STM32U5G7VJT6Q, STM32U5G9BJY6QTR, STM32U5G9J-DK1, STM32U5G9J-DK2, STM32U5G9NJH6Q, STM32U5G9VJT6Q, STM32U5G9ZJJ6QTR, STM32U5G9ZJT6Q, STM32WB05KZV6TR, STM32WB05KZV7TR, STM32WB05TZF6TR, STM32WB05TZF7TR, STM32WB06CCF6TR, STM32WB06CCF7TR, STM32WB06CCV6TR, STM32WB06CCV7TR, STM32WB06KCV6TR, STM32WB06KCV7TR, STM32WB07CCF6TR, STM32WB07CCF7TR, STM32WB07CCV6TR, STM32WB07CCV7TR, STM32WB07KCV6TR, STM32WB07KCV7TR, STM32WB09KEV6TR, STM32WB09KEV7TR, STM32WB09TEF6TR, STM32WB09TEF7TR, STM32WB1MMCH6, STM32WBA50KGU6, STM32WBA50KGU6TR, STM32WBA52CEU6, STM32WBA52CEU6TR, STM32WBA52CEU7, STM32WBA52CEU7TR, STM32WBA52CGU6, STM32WBA52CGU6TR, STM32WBA52CGU6U, STM32WBA52CGU7, STM32WBA52CGU7TR, STM32WBA52KEU6, STM32WBA52KEU6TR, STM32WBA52KGU6, STM32WBA52KGU6TR, STM32WBA54CEU6, STM32WBA54CEU6TR, STM32WBA54CEU7, STM32WBA54CEU7TR, STM32WBA54CGU6, STM32WBA54CGU6TR, STM32WBA54CGU7, STM32WBA54CGU7TR, STM32WBA54KEU6, STM32WBA54KEU6TR, STM32WBA54KEU7, STM32WBA54KEU7TR, STM32WBA54KGU6, STM32WBA54KGU6TR, STM32WBA54KGU7, STM32WBA54KGU7TR, STM32WBA55CEU6, STM32WBA55CEU6TR, STM32WBA55CEU7, STM32WBA55CEU7TR, STM32WBA55CGU6, STM32WBA55CGU6TR, STM32WBA55CGU6U, STM32WBA55CGU7, STM32WBA55CGU7TR, STM32WBA55G-DK1, STM32WBA55HEF6, STM32WBA55HEF7, STM32WBA55HGF6, STM32WBA55HGF7, STM32WBA55UEI6, STM32WBA55UEI6TR, STM32WBA55UEI7, STM32WBA55UEI7TR, STM32WBA55UGI6, STM32WBA55UGI6TR, STM32WBA55UGI7, STM32WBA55UGI7TR, STM32WBA5MMGH6TR, STM32WBA62MGF6, STM32WBA62MIF6, STM32WBA65MGF7, STM32WBA65MIF6, STM32WBA65MIF7, STM32WL30K8V6, STM32WL30KBV6, STM32WL31C8V6, STM32WL31CBV6, STM32WL31K8V6, STM32WL31KBV6, STM32WL33C8V6, STM32WL33C8V6X, STM32WL33CBV6, STM32WL33CBV6X, STM32WL33CCV6, STM32WL33CCV6A, STM32WL33CCV6X, STM32WL33K8V7, STM32WL33K8V7X, STM32WL33KBV7 , STM32WL33KBV7X, STM32WL33KCV7, STM32WL33KCV7X, STM32WL5MOCH6, STM32WL5MOCH6TR]
2025-08-23 11:49:46,259 [INFO] DbMcus:218 - Found 4801 MCUs, 4801 are supported
2025-08-23 11:49:46,260 [INFO] ApiDb:423 - Load user favorites file C:\Users\singh/.stm32cubeide/favorites.mcus.txt: 0 item(s)
2025-08-23 11:49:46,260 [INFO] ApiDb:427 - User favorites MCUs=[]
2025-08-23 11:49:46,260 [INFO] DbMcus:224 - Set 0 / 0 favorites MCUs
2025-08-23 11:49:47,295 [INFO] ApiDb:668 - CubeFinder database Data Model version=2.1
2025-08-23 11:49:47,295 [INFO] ApiDb:669 - CubeFinder database Configuration version=3.0.39
2025-08-23 11:49:47,295 [INFO] ApiDb:670 - CubeFinder database generation date=2025-07-24 (1753349077)
2025-08-23 11:49:47,295 [INFO] ApiDb:671 - CubeFinder database FW Pack versions=[FP-ATR-ASTRA1_V2.0.0, FP-SNS-FLIGHT1_V5.1.0, FP-SNS-MOTENV1_V5.0.0, FP-SNS-MOTENVWB1_V1.4.0, FP-SNS-SMARTAG2_V1.2.0, FP-SNS-STBOX1_V2.0.0, STM32Cube_FW_C0_V1.4.0, STM32Cube_FW_F4_V1.28.2, STM32Cube_FW_F7_V1.17.3, STM32Cube_FW_G0_V1.6.2, STM32Cube_FW_G4_V1.6.1, STM32Cube_FW_H5_V1.5.0, STM32Cube_FW_H7RS_V1.2.0, STM32Cube_FW_H7_V1.12.1, STM32Cube_FW_L0_V1.12.2, STM32Cube_FW_L4_V1.18.1, STM32Cube_FW_L5_V1.5.1, STM32Cube_FW_N6_V1.2.0, STM32Cube_FW_U0_V1.3.0, STM32Cube_FW_U3_V1.2.0, STM32Cube_FW_U5_V1.8.0, STM32Cube_FW_WB0_V1.3.0, STM32Cube_FW_WBA_V1.7.0, STM32Cube_FW_WB_V1.23.0, STM32Cube_FW_WL3_V1.2.0, STM32Cube_FW_WL_V1.3.1, X-CUBE-ALGOBUILD_V1.4.0, X-CUBE-ALS_V1.0.2, X-CUBE-AZRTOS-F4_V1.1.0, X-CUBE-AZRTOS-F7_V1.1.0, X-CUBE-AZRTOS-G0_V1.1.0, X-CUBE-AZRTOS-G4_V2.0.0, X-CUBE-AZRTOS-H7RS_V1.1.0, X-CUBE-AZRTOS-H7_V3.4.0, X-CUBE-AZRTOS-L4_V2.0.0, X-CUBE-AZRTOS-L5_V2.0.0, X-CUBE-AZRTOS-WB_V2.0.0, X-CUBE-AZRTOS-WL_V2.0.0, X-CUBE-BLE1_V7.1.0, X-CUBE-BLE2_V3.3.0, X-CUBE-BLEMGR_V4.1.0, X-CUBE-EEPRMA1_V5.2.0, X-CUBE-FREERTOS_V1.3.1, X-CUBE-GNSS1_V6.0.0, X-CUBE-MEMS1_V11.3.0, X-CUBE-NFC4_V3.0.0, X-CUBE-NFC7_V2.0.0, X-CUBE-SFXS2LP1_V4.0.0, X-CUBE-ST67W61_V1.0.0, X-CUBE-SUBG2_V5.0.0, X-CUBE-TOF1_V3.4.3]
2025-08-23 11:49:47,444 [INFO] DbBoardsSqlite:226 - include board P-NUCLEO-WB55-NUCLEO as a kit item of type 'Nucleo-64'
2025-08-23 11:49:47,444 [INFO] DbBoardsSqlite:226 - include board P-NUCLEO-WB55-USBDONGLE as a kit item of type 'Nucleo USB Dongle'
2025-08-23 11:49:47,445 [INFO] DbBoardsSqlite:226 - include board STEVAL-IDP005V1 as a kit item of type 'Evaluation Board'
2025-08-23 11:49:47,446 [INFO] DbBoardsSqlite:226 - include board STEVAL-IDP005V2 as a kit item of type 'Evaluation Board'
2025-08-23 11:49:47,636 [INFO] ApiDb:240 - Found 880 in-development CPN: [B-G473E-ZEST1S, B-WB1M-WPAN1, B-WBA5M-WPAN, B-WL5M-SUBG1, NUCLEO-C031C6, NUCLEO-C051C8, NUCLEO-C071RB, NUCLEO-C092RC, NUCLEO-H503RB, NUCLEO-H533RE, NUCLEO-H563ZI, NUCLEO-H7S3L8, NUCLEO-N657X0-Q, NUCLEO-U031R8, NUCLEO-U083RC, NUCLEO-U385RG-Q, NUCLEO-U545RE-Q, NUCLEO-U5A5ZJ-Q, NUCLEO-WB05KZ, NUCLEO-WB07CC, NUCLEO-WB09KE, NUCLEO-WBA52CG, NUCLEO-WBA55CG, NUCLEO-WL33CC1, NUCLEO-WL33CC2, STEVAL-PROTEUS1, STEVAL-SMARTAG2, STEVAL-STWINBX1, STM320518-EVAL, STM32C0116-DK, STM32C011D6Y3TR, STM32C011D6Y6TR, STM32C011F4P3, STM32C011F4P6, STM32C011F4U3, STM32C011F4U6TR, STM32C011F6P3, STM32C011F6P6, STM32C011F6U3, STM32C011F6U6TR, STM32C011J4M3, STM32C011J4M6, STM32C011J6M3, STM32C011J6M6, STM32C0316-DK, STM32C031C4T3, STM32C031C4T6, STM32C031C4U3, STM32C031C4U6, STM32C031C6T3, STM32C031C6T6, STM32C031C6U3, STM32C031C6U6, STM32C031F4P3, STM32C031F4P6, STM32C031F6P3, STM32C031F6P6, STM32C031G4U3, STM32C031G4U6, STM32C031G6U3, STM32C031G6U6, STM32C031K4T3, STM32C031K4T6, STM32C031K4U3, STM32C031K4U6, STM32C031K6T3, STM32C031K6T6, STM32C031K6U3, STM32C031K6U6, STM32C051C6T6, STM32C051C6U6, STM32C051C8T6, STM32C051C8U6, STM32C051D8Y6TR, STM32C051F6P6, STM32C051F8P6, STM32C051G6U6, STM32C051G8U6, STM32C051K6T6, STM32C051K6U6, STM32C051K8T6, STM32C071C8T6, STM32C071C8T6N, STM32C071C8U6, STM32C071C8U6N, STM32C071CBT6, STM32C071CBT6N, STM32C071CBU6, STM32C071CBU6N, STM32C071F8P6, STM32C071F8P6N, STM32C071FBP6, STM32C071FBP6N, STM32C071FBY6TR, STM32C071G8U6, STM32C071G8U6N, STM32C071GBU6, STM32C071GBU6N, STM32C071K8T6, STM32C071K8T6N, STM32C071K8U6, STM32C071K8U6N, STM32C071KBT6, STM32C071KBT6N, STM32C071KBU6, STM32C071KBU6N, STM32C071R8T6, STM32C071R8T6N, STM32C071RBI6N, STM32C071RBT6, STM32C071RBT6N, STM32C091CBT6, STM32C091CBU6, STM32C091CCT6, STM32C091CCU6, STM32C091ECY6TR, STM32C091FBP6, STM32C091FCP6, STM32C091GBU6, STM32C091GCU6, STM32C091KBT6, STM32C091KBU6, STM32C091KCT6, STM32C091KCU6, STM32C091RBT6, STM32C091RCI6, STM32C091RCT6, STM32C092CBT6, STM32C092CBU6, STM32C092CCT6, STM32C092CCU6, STM32C092ECY6TR, STM32C092FBP6, STM32C092FCP6, STM32C092GBU6, STM32C092GCU6, STM32C092KBT6, STM32C092KBU6, STM32C092KCT6, STM32C092KCU6, STM32C092RBT6, STM32C092RCI6, STM32C092RCT6, STM32G071K8TXN, STM32G071K8UXN, STM32G081GBU6N, STM32G081KBT6N, STM32G081KBUXN, STM32G0B1CCT6N, STM32G0B1KCT6, STM32G0B1NEY6TR, STM32G0B1RCT6N, STM32G0C1CCT6, STM32G0C1CCT6N, STM32G0C1CCU6N, STM32G0C1CET6N, STM32G0C1CEU6N, STM32G0C1KCT6, STM32G0C1NEY6TR, STM32G0C1RCI6N, STM32G0C1RCT6N, STM32G0C1REI6N, STM32G0C1RET6N, STM32G0C1VCI6, STM32G0C1VEI6, STM32G411C6T3, STM32G411C6T6, STM32G411C6U3, STM32G411C6U6, STM32G411C8T3, STM32G411C8T6, STM32G411C8U3, STM32G411C8U6, STM32G411CBT3, STM32G411CBT6, STM32G411CBU3, STM32G411CBU6, STM32G411K6T3, STM32G411K6T6, STM32G411K6U3, STM32G411K6U6, STM32G411K8T3, STM32G411K8T6, STM32G411K8U3, STM32G411K8U6, STM32G411KBT3, STM32G411KBT6, STM32G411KBU3, STM32G411KBU6, STM32G411M6T3, STM32G411M6T6, STM32G411M8T3, STM32G411M8T6, STM32G411MBT3, STM32G411MBT6, STM32G411R6T3, STM32G411R6T6, STM32G411R8T3, STM32G411R8T6, STM32G411RBT3, STM32G411RBT6, STM32G414CBT3, STM32G414CBT6, STM32G414CBU3, STM32G414CBU6, STM32G414CCT3, STM32G414CCT6, STM32G414CCU3, STM32G414CCU6, STM32G414MBT3, STM32G414MBT6, STM32G414MCT3, STM32G414MCT6, STM32G414RBT3, STM32G414RBT6, STM32G414RCT3, STM32G414RCT6, STM32G414VBT3, STM32G414VBT6, STM32G414VCT3, STM32G414VCT6, STM32G431CBT3Z, STM32G431RBT3Z, STM32G471CCT6, STM32G471CCU6, STM32G471CET3, STM32G471CET6, STM32G471CEU3, STM32G471CEU6, STM32G471MCT6, STM32G471MET3, STM32G471MET6, STM32G471MEY6TR, STM32G471QCT6, STM32G471QET3, STM32G471RCT6, STM32G471RET3, STM32G471RET6, STM32G471VCH6, STM32G471VCI6, STM32G471VCT6, STM32G471VEH3, STM32G471VEH6, STM32G471VEI3, STM32G471VEI6, STM32G471VET3, STM32G471VET6, STM32G473QET3Z, STM32G473RET3Z, STM32G474CCT6, STM32G491RET3Z, STM32H503CBT6, STM32H503CBU6, STM32H503EBY6TR, STM32H503KBU6, STM32H503RBT6, STM32H523CCT6, STM32H523CCU6, STM32H523CET6, STM32H523CEU6, STM32H523HEY6TR, STM32H523RCT6, STM32H523RET6, STM32H523VCI6, STM32H523VCT6, STM32H523VEI6, STM32H523VET6, STM32H523ZCJ6, STM32H523ZCT6, STM32H523ZEJ6, STM32H523ZET6, STM32H533CET6, STM32H533CEU6, STM32H533HEY6TR, STM32H533RET6, STM32H533VEI6, STM32H533VET6, STM32H533ZEJ6, STM32H533ZET6, STM32H562AGI6, STM32H562AII6, STM32H562IGK6, STM32H562IGT6, STM32H562IIK6, STM32H562IIT6, STM32H562RGT6, STM32H562RGV6, STM32H562RIT6, STM32H562RIV6, STM32H562VGT6, STM32H562VIT6, STM32H562ZGT6, STM32H562ZIT6, STM32H563AGI6, STM32H563AII3Q, STM32H563AII6, STM32H563IGK6, STM32H563IGT6, STM32H563IIK3Q, STM32H563IIK6, STM32H563IIT3Q, STM32H563IIT6, STM32H563MIY3QTR, STM32H563RGT6, STM32H563RGV6, STM32H563RIT6, STM32H563RIV6, STM32H563VGT6, STM32H563VIT3Q, STM32H563VIT6, STM32H563ZGT6, STM32H563ZIT3Q, STM32H563ZIT6, STM32H573AII3Q, STM32H573AII6, STM32H573I-DK, STM32H573IIK3Q, STM32H573IIK6, STM32H573IIT3Q, STM32H573IIT6, STM32H573MIY3QTR, STM32H573RIT6, STM32H573RIV6, STM32H573VIT3Q, STM32H573VIT6, STM32H573ZIT3Q, STM32H573ZIT6, STM32H7R3A8I6, STM32H7R3I8K6, STM32H7R3I8T6, STM32H7R3L8H6, STM32H7R3L8H6H, STM32H7R3R8V6, STM32H7R3V8H6, STM32H7R3V8T6, STM32H7R3V8Y6TR, STM32H7R3Z8J6, STM32H7R3Z8T6, STM32H7R7A8I6, STM32H7R7I8K6, STM32H7R7I8T6, STM32H7R7L8H6, STM32H7R7L8H6H, STM32H7R7Z8J6, STM32H7S3A8I6, STM32H7S3I8K6, STM32H7S3I8T6, STM32H7S3L8H6, STM32H7S3L8H6H, STM32H7S3R8V6, STM32H7S3V8H6, STM32H7S3V8T6, STM32H7S3V8Y6TR, STM32H7S3Z8J6, STM32H7S3Z8T6, STM32H7S78-DK, STM32H7S7A8I6, STM32H7S7I8K6, STM32H7S7I8T6, STM32H7S7L8H6, STM32H7S7L8H6H, STM32H7S7Z8J6, STM32L4R5QGI6STR, STM32MP131AAE3, STM32MP131AAF3, STM32MP131AAG3, STM32MP131CAE3, STM32MP131CAF3, STM32MP131CAG3, STM32MP131DAE7, STM32MP131DAF7, STM32MP131DAG7, STM32MP131FAE7, STM32MP131FAF7, STM32MP131FAG7, STM32MP133AAE3, STM32MP133AAF3, STM32MP133AAG3, STM32MP133CAE3, STM32MP133CAF3, STM32MP133CAG3, STM32MP133DAE7, STM32MP133DAF7, STM32MP133DAG7, STM32MP133FAE7, STM32MP133FAF7, STM32MP133FAG7, STM32MP135AAE3, STM32MP135AAF3, STM32MP135AAG3, STM32MP135CAE3, STM32MP135CAF3, STM32MP135CAG3, STM32MP135DAE7, STM32MP135DAF7, STM32MP135DAG7, STM32MP135F-DK, STM32MP135FAE7, STM32MP135FAF7, STM32MP135FAF7T, STM32MP135FAF7U, STM32MP135FAG7, STM32MP211AAL3, STM32MP211AAM3, STM32MP211AAN3, STM32MP211AAO3, STM32MP211CAL3, STM32MP211CAM3, STM32MP211CAN3, STM32MP211CAO3, STM32MP211DAL3, STM32MP211DAM3, STM32MP211DAN3, STM32MP211DAO3, STM32MP211FAL3, STM32MP211FAM3, STM32MP211FAN3, STM32MP211FAO3, STM32MP213AAL3, STM32MP213AAM3, STM32MP213AAN3, STM32MP213AAO3, STM32MP213CAL3, STM32MP213CAM3, STM32MP213CAN3, STM32MP213CAO3, STM32MP213DAL3, STM32MP213DAM3, STM32MP213DAN3, STM32MP213DAO3, STM32MP213FAL3, STM32MP213FAM3, STM32MP213FAN3, STM32MP213FAO3, STM32MP215AAL3, STM32MP215AAM3, STM32MP215AAN3, STM32MP215AAO3, STM32MP215CAL3, STM32MP215CAM3, STM32MP215CAN3, STM32MP215CAO3, STM32MP215DAL3, STM32MP215DAM3, STM32MP215DAN3, STM32MP215DAO3, STM32MP215F-DK, STM32MP215FAL3, STM32MP215FAM3, STM32MP215FAN3, STM32MP215FAO3, STM32MP231AAJ3, STM32MP231AAK3, STM32MP231AAL3, STM32MP231CAJ3, STM32MP231CAK3, STM32MP231CAL3, STM32MP231DAJ3, STM32MP231DAK3, STM32MP231DAL3, STM32MP231FAJ3, STM32MP231FAK3, STM32MP231FAL3, STM32MP233AAJ3, STM32MP233AAK3, STM32MP233AAL3, STM32MP233CAJ3, STM32MP233CAK3, STM32MP233CAL3, STM32MP233DAJ3, STM32MP233DAK3, STM32MP233DAL3, STM32MP233FAJ3, STM32MP233FAK3, STM32MP233FAL3, STM32MP235AAJ3, STM32MP235AAK3, STM32MP235AAL3, STM32MP235CAJ3, STM32MP235CAK3, STM32MP235CAL3, STM32MP235DAJ3, STM32MP235DAK3, STM32MP235DAL3, STM32MP235FAJ3, STM32MP235FAK3, STM32MP235FAL3, STM32MP251AAI3, STM32MP251AAK3, STM32MP251AAL3, STM32MP251CAI3, STM32MP251CAK3, STM32MP251CAL3, STM32MP251DAI3, STM32MP251DAK3, STM32MP251DAL3, STM32MP251FAI3, STM32MP251FAK3, STM32MP251FAL3, STM32MP253AAI3, STM32MP253AAK3, STM32MP253AAL3, STM32MP253CAI3, STM32MP253CAK3, STM32MP253CAL3, STM32MP253DAI3, STM32MP253DAK3, STM32MP253DAL3, STM32MP253FAI3, STM32MP253FAK3, STM32MP253FAL3, STM32MP255AAI3, STM32MP255AAK3, STM32MP255AAL3, STM32MP255CAI3, STM32MP255CAK3, STM32MP255CAL3, STM32MP255DAI3, STM32MP255DAK3, STM32MP255DAL3, STM32MP255FAI3, STM32MP255FAK3, STM32MP255FAL3, STM32MP257AAI3, STM32MP257AAK3, STM32MP257AAL3, STM32MP257CAI3, STM32MP257CAK3, STM32MP257CAL3, STM32MP257DAI3, STM32MP257DAK3, STM32MP257DAL3, STM32MP257F-DK, STM32MP257F-EV1, STM32MP257FAI3, STM32MP257FAK3, STM32MP257FAL3, STM32N645A0H3Q, STM32N645B0H3Q, STM32N645I0H3Q, STM32N645L0H3Q, STM32N645X0H3Q, STM32N645Z0H3Q, STM32N647A0H3Q, STM32N647B0H3Q, STM32N647I0H3Q, STM32N647L0H3Q, STM32N647X0H3Q, STM32N647Z0H3Q, STM32N655A0H3Q, STM32N655B0H3Q, STM32N655I0H3Q, STM32N655L0H3Q, STM32N655X0H3Q, STM32N655Z0H3Q, STM32N6570-DK, STM32N657A0H3Q, STM32N657B0H3Q, STM32N657I0H3Q, STM32N657L0H3Q, STM32N657X0H3Q, STM32N657Z0H3Q, STM32U031C6T6, STM32U031C6U6, STM32U031C8T6, STM32U031C8U6, STM32U031F4P6, STM32U031F6P6, STM32U031F8P6, STM32U031G6Y6TR, STM32U031G8Y6TR, STM32U031K4U6, STM32U031K6U6, STM32U031K8U6, STM32U031R6I6, STM32U031R6T6, STM32U031R8I6, STM32U031R8T6, STM32U073C8T6, STM32U073C8U6, STM32U073CBT6, STM32U073CBU6, STM32U073CCT6, STM32U073CCU6, STM32U073H8Y6TR, STM32U073HBY6TR, STM32U073HCY6TR, STM32U073K8U6, STM32U073KBU6, STM32U073KCU6, STM32U073M8I6, STM32U073M8T6, STM32U073MBI6, STM32U073MBT6, STM32U073MCI6, STM32U073MCT6, STM32U073R8I6, STM32U073R8T6, STM32U073RBI6, STM32U073RBT6, STM32U073RCI6, STM32U073RCT6, STM32U083C-DK, STM32U083CCT6, STM32U083CCU6, STM32U083HCY6TR, STM32U083KCU6, STM32U083MCI6, STM32U083MCT6, STM32U083RCI6, STM32U083RCT6, STM32U375CET6, STM32U375CET6Q, STM32U375CEU6, STM32U375CEU6Q, STM32U375CEY6QTR, STM32U375CGT6, STM32U375CGT6Q, STM32U375CGU6, STM32U375CGU6Q, STM32U375CGY6QTR, STM32U375KEU6, STM32U375KGU6, STM32U375REI6, STM32U375REI6Q, STM32U375RET6, STM32U375RET6Q, STM32U375REY6GTR, STM32U375REY6QTR, STM32U375RGI6, STM32U375RGI6Q, STM32U375RGT6, STM32U375RGT6Q, STM32U375RGY6GTR, STM32U375RGY6QTR, STM32U375VEI6, STM32U375VEI6Q, STM32U375VET6, STM32U375VET6Q, STM32U375VGI6, STM32U375VGI6Q, STM32U375VGT6, STM32U375VGT6Q, STM32U385CGT6, STM32U385CGT6Q, STM32U385CGU6, STM32U385CGU6Q, STM32U385CGY6QTR, STM32U385KGU6, STM32U385RGI6, STM32U385RGI6Q, STM32U385RGT6, STM32U385RGT6Q, STM32U385RGY6GTR, STM32U385RGY6QTR, STM32U385VGI6, STM32U385VGI6Q, STM32U385VGT6, STM32U385VGT6Q, STM32U535CBT6, STM32U535CBT6Q, STM32U535CBU6, STM32U535CBU6Q, STM32U535CCT6, STM32U535CCT6Q, STM32U535CCU6, STM32U535CCU6Q, STM32U535CET6, STM32U535CET6Q, STM32U535CEU6, STM32U535CEU6Q, STM32U535JEY6QTR, STM32U535NCY6QTR, STM32U535NEY6QTR, STM32U535RBI6, STM32U535RBI6Q, STM32U535RBT6, STM32U535RBT6Q, STM32U535RCI6, STM32U535RCI6Q, STM32U535RCT6, STM32U535RCT6Q, STM32U535REI6, STM32U535REI6Q, STM32U535RET6, STM32U535RET6Q, STM32U535VCI6, STM32U535VCI6Q, STM32U535VCT6, STM32U535VCT6Q, STM32U535VEI6, STM32U535VEI6Q, STM32U535VET6, STM32U535VET6Q, STM32U545CET6, STM32U545CET6Q, STM32U545CEU6, STM32U545CEU6Q, STM32U545JEY6QTR, STM32U545NEY6QTR, STM32U545REI6, STM32U545REI6Q, STM32U545RET6, STM32U545RET6Q, STM32U545VEI6, STM32U545VEI6Q, STM32U545VET6, STM32U545VET6Q, STM32U595AIH6, STM32U595AIH6Q, STM32U595AJH6, STM32U595AJH6Q, STM32U595QII6, STM32U595QII6Q, STM32U595QJI6, STM32U595QJI6Q, STM32U595RIT6, STM32U595RIT6Q, STM32U595RJT6, STM32U595RJT6Q, STM32U595VIT6, STM32U595VIT6Q, STM32U595VJT6, STM32U595VJT6Q, STM32U595ZIT6, STM32U595ZIT6Q, STM32U595ZIY6QTR, STM32U595ZJT6, STM32U595ZJT6Q, STM32U595ZJY6QTR, STM32U599BJY6QTR, STM32U599NIH6Q, STM32U599NJH6Q, STM32U599VIT6Q, STM32U599VJT6, STM32U599VJT6Q, STM32U599ZIT6Q, STM32U599ZIY6QTR, STM32U599ZJT6Q, STM32U599ZJY6QTR, STM32U5A5AJH6, STM32U5A5AJH6Q, STM32U5A5QII3Q , STM32U5A5QJI6, STM32U5A5QJI6Q, STM32U5A5RJT6, STM32U5A5RJT6Q, STM32U5A5VJT6, STM32U5A5VJT6Q, STM32U5A5ZJT6, STM32U5A5ZJT6Q, STM32U5A5ZJY6QTR, STM32U5A9BJY6QTR, STM32U5A9J-DK, STM32U5A9NJH6Q, STM32U5A9VJT6Q, STM32U5A9ZJT6Q, STM32U5A9ZJY6QTR, STM32U5F7VIT6, STM32U5F7VIT6Q, STM32U5F7VJT6, STM32U5F7VJT6Q, STM32U5F9BJY6QTR, STM32U5F9NJH6Q, STM32U5F9VIT6Q, STM32U5F9VJT6Q, STM32U5F9ZIJ6QTR, STM32U5F9ZIT6Q, STM32U5F9ZJJ6QTR, STM32U5F9ZJT6Q, STM32U5G7VJT6, STM32U5G7VJT6Q, STM32U5G9BJY6QTR, STM32U5G9J-DK1, STM32U5G9J-DK2, STM32U5G9NJH6Q, STM32U5G9VJT6Q, STM32U5G9ZJJ6QTR, STM32U5G9ZJT6Q, STM32WB05KZV6TR, STM32WB05KZV7TR, STM32WB05TZF6TR, STM32WB05TZF7TR, STM32WB06CCF6TR, STM32WB06CCF7TR, STM32WB06CCV6TR, STM32WB06CCV7TR, STM32WB06KCV6TR, STM32WB06KCV7TR, STM32WB07CCF6TR, STM32WB07CCF7TR, STM32WB07CCV6TR, STM32WB07CCV7TR, STM32WB07KCV6TR, STM32WB07KCV7TR, STM32WB09KEV6TR, STM32WB09KEV7TR, STM32WB09TEF6TR, STM32WB09TEF7TR, STM32WB1MMCH6, STM32WBA50KGU6, STM32WBA50KGU6TR, STM32WBA52CEU6, STM32WBA52CEU6TR, STM32WBA52CEU7, STM32WBA52CEU7TR, STM32WBA52CGU6, STM32WBA52CGU6TR, STM32WBA52CGU6U, STM32WBA52CGU7, STM32WBA52CGU7TR, STM32WBA52KEU6, STM32WBA52KEU6TR, STM32WBA52KGU6, STM32WBA52KGU6TR, STM32WBA54CEU6, STM32WBA54CEU6TR, STM32WBA54CEU7, STM32WBA54CEU7TR, STM32WBA54CGU6, STM32WBA54CGU6TR, STM32WBA54CGU7, STM32WBA54CGU7TR, STM32WBA54KEU6, STM32WBA54KEU6TR, STM32WBA54KEU7, STM32WBA54KEU7TR, STM32WBA54KGU6, STM32WBA54KGU6TR, STM32WBA54KGU7, STM32WBA54KGU7TR, STM32WBA55CEU6, STM32WBA55CEU6TR, STM32WBA55CEU7, STM32WBA55CEU7TR, STM32WBA55CGU6, STM32WBA55CGU6TR, STM32WBA55CGU6U, STM32WBA55CGU7, STM32WBA55CGU7TR, STM32WBA55G-DK1, STM32WBA55HEF6, STM32WBA55HEF7, STM32WBA55HGF6, STM32WBA55HGF7, STM32WBA55UEI6, STM32WBA55UEI6TR, STM32WBA55UEI7, STM32WBA55UEI7TR, STM32WBA55UGI6, STM32WBA55UGI6TR, STM32WBA55UGI7, STM32WBA55UGI7TR, STM32WBA5MMGH6TR, STM32WBA62MGF6, STM32WBA62MIF6, STM32WBA65MGF7, STM32WBA65MIF6, STM32WBA65MIF7, STM32WL30K8V6, STM32WL30KBV6, STM32WL31C8V6, STM32WL31CBV6, STM32WL31K8V6, STM32WL31KBV6, STM32WL33C8V6, STM32WL33C8V6X, STM32WL33CBV6, STM32WL33CBV6X, STM32WL33CCV6, STM32WL33CCV6A, STM32WL33CCV6X, STM32WL33K8V7, STM32WL33K8V7X, STM32WL33KBV7 , STM32WL33KBV7X, STM32WL33KCV7, STM32WL33KCV7X, STM32WL5MOCH6, STM32WL5MOCH6TR]
2025-08-23 11:49:48,045 [INFO] BoardInfo:889 - No configuration file found for board P-NUCLEO-WB55
2025-08-23 11:49:48,048 [INFO] DbBoards:161 - Kit is not supported: P-NUCLEO-WB55
2025-08-23 11:49:48,060 [INFO] BoardInfo:889 - No configuration file found for board STEVAL-BFA001V1B
2025-08-23 11:49:48,063 [INFO] DbBoards:161 - Kit is not supported: STEVAL-BFA001V1B
2025-08-23 11:49:48,064 [INFO] BoardInfo:889 - No configuration file found for board STEVAL-BFA001V2B
2025-08-23 11:49:48,066 [INFO] DbBoards:161 - Kit is not supported: STEVAL-BFA001V2B
2025-08-23 11:49:48,594 [INFO] DbBoards:168 - Found 212 boards, 209 are supported
2025-08-23 11:49:48,595 [INFO] DbBoards:169 - Found 212 boards, 43 of them is supported for  Bsp
2025-08-23 11:49:48,598 [INFO] ApiDb:414 - User favorites file not found: C:\Users\singh/.stm32cubeide/favorites.boards.txt
2025-08-23 11:49:48,598 [INFO] DbBoards:198 - Set 0 / 0 favorites Boards
2025-08-23 11:49:48,598 [INFO] McuFinderGlobals:76 - Set McuFinderConnectedMode to true
2025-08-23 11:49:48,606 [INFO] MultiScanPanel:200 - Auto-refresh data requested => check proxy status ongoing
2025-08-23 11:49:48,609 [INFO] FinderPluginLoader:96 - Searching for filters in installed packs
2025-08-23 11:49:50,414 [INFO] LoadUrlFilesThread:185 - End of LoadServerUrlFiles without Thread
2025-08-23 11:49:50,548 [INFO] DetailPanel:341 - Set advertising image to C:/Users/singh/STM32Cube/Repository/\en.2400x1350px.jpeg
2025-08-23 11:50:23,303 [INFO] MainUpdater:2872 - connection check result : 10
2025-08-23 11:50:23,463 [INFO] McuFinderGlobals:76 - Set McuFinderConnectedMode to true
2025-08-23 11:50:23,464 [INFO] MultiScanPanel:200 - Auto-refresh data requested => check proxy status ongoing
2025-08-23 11:50:23,465 [INFO] FinderPluginLoader:96 - Searching for filters in installed packs
2025-08-23 11:50:24,746 [INFO] LoadUrlFilesThread:185 - End of LoadServerUrlFiles without Thread
2025-08-23 11:50:24,746 [INFO] DetailPanel:341 - Set advertising image to C:/Users/singh/STM32Cube/Repository/\en.2400x1350px.jpeg
2025-08-23 11:50:35,284 [INFO] MainUpdater:2872 - connection check result : 10
2025-08-23 11:50:35,285 [INFO] MainUpdater:2872 - connection check result : 10
2025-08-23 11:50:35,306 [INFO] MicroXplorer:468 - Change Database Path : 
2025-08-23 11:50:35,306 [INFO] MicroXplorer:498 - Change Database Version : DB.6.0.150
2025-08-23 11:50:35,313 [WARN] ThirdParty:871 - waiting for thirdparty lock release [close project]
2025-08-23 11:50:35,313 [INFO] ThirdParty:873 - entering critical section [close project]
2025-08-23 11:50:35,314 [INFO] ThirdParty:883 - exiting critical section [close project]
2025-08-23 11:50:35,316 [INFO] PinOutPanel:1589 - setPackage(No Configuration,No Configuration)
2025-08-23 11:50:35,317 [INFO] UtilMem:75 - Begin LoadConfig() Used Memory: 621452752 Bytes (1073741824)
2025-08-23 11:50:35,319 [INFO] MicroXplorer:468 - Change Database Path : 
2025-08-23 11:50:35,319 [INFO] MicroXplorer:498 - Change Database Version : DB.6.0.150
2025-08-23 11:50:35,319 [INFO] OpenFileManager:355 - Change cursor
2025-08-23 11:50:35,375 [INFO] Mcu:2029 - Initializing MCU STM32G030K(6-8)Tx STM32G030K6Tx STM32G030K6T6
2025-08-23 11:50:38,130 [INFO] Context:786 - Trying to add GPIOservice into a context  which must be forbidden
2025-08-23 11:50:38,723 [INFO] ImportTextPane:234 - (OptionalMessage_ERROR) Pin4 (VP_RIF_VS_RIF1) cannot be retrieved for this MCU
2025-08-23 11:50:39,307 [INFO] RtosManager:558 - Registered RTOS mode: class=CMSIS, group=RTOS, mode=CMSIS_V1, owner=FREERTOS
2025-08-23 11:50:39,307 [INFO] RtosManager:558 - Registered RTOS mode: class=CMSIS, group=RTOS2, mode=CMSIS_V2, owner=FREERTOS
2025-08-23 11:50:39,308 [INFO] RtosManager:558 - Registered RTOS mode: class=RTOS, group=Core, mode=CMSIS_V1, owner=FREERTOS
2025-08-23 11:50:39,308 [INFO] RtosManager:558 - Registered RTOS mode: class=RTOS, group=Core, mode=CMSIS_V2, owner=FREERTOS
2025-08-23 11:50:39,308 [WARN] ModelIntegratedComponent:184 - Missing modes for component STMicroelectronics:FreeRTOS:0.0.1:STMicroelectronics:RTOS:FreeRTOS:Core:::10.2.0:
2025-08-23 11:50:39,365 [WARN] ModelIntegratedComponent:63 - No mode defined for component null
2025-08-23 11:50:39,365 [WARN] ModelIntegratedComponent:63 - No mode defined for component null
2025-08-23 11:50:39,365 [WARN] ModelIntegratedComponent:63 - No mode defined for component null
2025-08-23 11:50:39,365 [WARN] ModelIntegratedComponent:63 - No mode defined for component null
2025-08-23 11:50:39,366 [WARN] ModelIntegratedComponent:63 - No mode defined for component null
2025-08-23 11:50:39,366 [WARN] ModelIntegratedComponent:63 - No mode defined for component null
2025-08-23 11:50:39,366 [WARN] ModelIntegratedComponent:63 - No mode defined for component null
2025-08-23 11:50:39,366 [WARN] ModelIntegratedComponent:63 - No mode defined for component null
2025-08-23 11:50:39,366 [WARN] ModelIntegratedComponent:63 - No mode defined for component null
2025-08-23 11:50:39,366 [WARN] ModelIntegratedComponent:63 - No mode defined for component null
2025-08-23 11:50:39,366 [WARN] ModelIntegratedComponent:63 - No mode defined for component null
2025-08-23 11:50:39,367 [WARN] ModelIntegratedComponent:63 - No mode defined for component null
2025-08-23 11:50:39,367 [WARN] ModelIntegratedComponent:63 - No mode defined for component null
2025-08-23 11:50:39,367 [WARN] ModelIntegratedComponent:63 - No mode defined for component null
2025-08-23 11:50:39,367 [WARN] ModelIntegratedComponent:63 - No mode defined for component null
2025-08-23 11:50:39,367 [WARN] ModelIntegratedComponent:63 - No mode defined for component null
2025-08-23 11:50:39,367 [WARN] ModelIntegratedComponent:63 - No mode defined for component null
2025-08-23 11:50:39,367 [WARN] ModelIntegratedComponent:63 - No mode defined for component null
2025-08-23 11:50:39,367 [WARN] ModelIntegratedComponent:63 - No mode defined for component null
2025-08-23 11:50:39,367 [WARN] ModelIntegratedComponent:63 - No mode defined for component null
2025-08-23 11:50:39,367 [WARN] ModelIntegratedComponent:63 - No mode defined for component null
2025-08-23 11:50:39,368 [WARN] ModelIntegratedComponent:63 - No mode defined for component null
2025-08-23 11:50:39,368 [WARN] ModelIntegratedComponent:63 - No mode defined for component null
2025-08-23 11:50:39,368 [WARN] ModelIntegratedComponent:63 - No mode defined for component null
2025-08-23 11:50:39,368 [WARN] ModelIntegratedComponent:63 - No mode defined for component null
2025-08-23 11:50:39,368 [WARN] ModelIntegratedComponent:63 - No mode defined for component null
2025-08-23 11:50:39,368 [WARN] ModelIntegratedComponent:63 - No mode defined for component null
2025-08-23 11:50:39,369 [WARN] ModelIntegratedComponent:63 - No mode defined for component null
2025-08-23 11:50:39,369 [WARN] ModelIntegratedComponent:63 - No mode defined for component null
2025-08-23 11:50:39,369 [WARN] ModelIntegratedComponent:63 - No mode defined for component null
2025-08-23 11:50:39,369 [WARN] ModelIntegratedComponent:63 - No mode defined for component null
2025-08-23 11:50:39,369 [WARN] ModelIntegratedComponent:63 - No mode defined for component null
2025-08-23 11:50:39,370 [WARN] ModelIntegratedComponent:63 - No mode defined for component null
2025-08-23 11:50:39,370 [WARN] ModelIntegratedComponent:63 - No mode defined for component null
2025-08-23 11:50:39,370 [WARN] ModelIntegratedComponent:63 - No mode defined for component null
2025-08-23 11:50:39,371 [WARN] ModelPack:524 - Component already loaded: STMicroelectronics:HAL Drivers:0.0.0:STMicroelectronics:Device:STMicro_Driver:XSPI:HAL::0.0.1:HAL_XSPI
2025-08-23 11:50:40,315 [INFO] ThirdPartyModel:298 - Start build external matchings
2025-08-23 11:50:41,886 [INFO] ThirdPartyModel:316 - End build external matchings
2025-08-23 11:50:41,929 [INFO] ImportTextPane:234 - (OptionalMessage_ERROR) IP (DMA) : Parameter (Instance) has Id (ADC1) currently not set
2025-08-23 11:50:41,929 [INFO] ImportTextPane:234 - (OptionalMessage_ERROR) IP (DMA) : Parameter (Request) has Id (ADC1) currently not set
2025-08-23 11:50:41,929 [INFO] ImportTextPane:234 - (OptionalMessage_ERROR) IP (DMA) : Parameter (Direction) has Id (ADC1) currently not set
2025-08-23 11:50:41,930 [INFO] ImportTextPane:234 - (OptionalMessage_ERROR) IP (DMA) : Parameter (PeriphInc) has Id (ADC1) currently not set
2025-08-23 11:50:41,930 [INFO] ImportTextPane:234 - (OptionalMessage_ERROR) IP (DMA) : Parameter (MemInc) has Id (ADC1) currently not set
2025-08-23 11:50:41,930 [INFO] ImportTextPane:234 - (OptionalMessage_ERROR) IP (DMA) : Parameter (PeriphDataAlignment) has Id (ADC1) currently not set
2025-08-23 11:50:41,931 [INFO] ImportTextPane:234 - (OptionalMessage_ERROR) IP (DMA) : Parameter (MemDataAlignment) has Id (ADC1) currently not set
2025-08-23 11:50:41,931 [INFO] ImportTextPane:234 - (OptionalMessage_ERROR) IP (DMA) : Parameter (Mode) has Id (ADC1) currently not set
2025-08-23 11:50:41,931 [INFO] ImportTextPane:234 - (OptionalMessage_ERROR) IP (DMA) : Parameter (Priority) has Id (ADC1) currently not set
2025-08-23 11:50:41,931 [INFO] ImportTextPane:234 - (OptionalMessage_ERROR) IP (DMA) : Parameter (SignalID) has Id (ADC1) currently not set
2025-08-23 11:50:41,931 [INFO] ImportTextPane:234 - (OptionalMessage_ERROR) IP (DMA) : Parameter (Polarity) has Id (ADC1) currently not set
2025-08-23 11:50:41,931 [INFO] ImportTextPane:234 - (OptionalMessage_ERROR) IP (DMA) : Parameter (RequestNumber) has Id (ADC1) currently not set
2025-08-23 11:50:41,931 [INFO] ImportTextPane:234 - (OptionalMessage_ERROR) IP (DMA) : Parameter (SyncSignalID) has Id (ADC1) currently not set
2025-08-23 11:50:41,931 [INFO] ImportTextPane:234 - (OptionalMessage_ERROR) IP (DMA) : Parameter (SyncPolarity) has Id (ADC1) currently not set
2025-08-23 11:50:41,931 [INFO] ImportTextPane:234 - (OptionalMessage_ERROR) IP (DMA) : Parameter (SyncEnable) has Id (ADC1) currently not set
2025-08-23 11:50:41,931 [INFO] ImportTextPane:234 - (OptionalMessage_ERROR) IP (DMA) : Parameter (EventEnable) has Id (ADC1) currently not set
2025-08-23 11:50:41,931 [INFO] ImportTextPane:234 - (OptionalMessage_ERROR) IP (DMA) : Parameter (SyncRequestNumber) has Id (ADC1) currently not set
2025-08-23 11:50:42,246 [INFO] UtilMem:75 - End LoadConfig() Used Memory: 716574800 Bytes (1073741824)
2025-08-23 11:50:42,625 [WARN] ThirdParty:833 - waiting for thirdparty lock release [change project]
2025-08-23 11:50:42,626 [INFO] ThirdParty:835 - entering critical section [change project]
2025-08-23 11:50:42,626 [INFO] ThirdParty:1030 - CMSIS Pack Vendor :STMicroelectronics X-CUBE-PM33A1 1.0.0
2025-08-23 11:50:42,626 [INFO] ThirdParty:1030 - CMSIS Pack Vendor :STMicroelectronics USBPD 4.1
2025-08-23 11:50:42,626 [INFO] ThirdParty:1030 - CMSIS Pack Vendor :STMicroelectronics X-CUBE-AZRTOS-H7 3.3.0
2025-08-23 11:50:42,626 [INFO] ThirdParty:1030 - CMSIS Pack Vendor :STMicroelectronics X-CUBE-NFC9 1.0.0
2025-08-23 11:50:42,626 [INFO] ThirdParty:1030 - CMSIS Pack Vendor :STMicroelectronics USB_HOST 2.0.0
2025-08-23 11:50:42,626 [INFO] ThirdParty:1030 - CMSIS Pack Vendor :STMicroelectronics FP-SNS-MOTENVWB1 1.4.0
2025-08-23 11:50:42,626 [INFO] ThirdParty:1030 - CMSIS Pack Vendor :STMicroelectronics X-CUBE-AZRTOS-F4 1.1.0
2025-08-23 11:50:42,627 [INFO] ThirdParty:1030 - CMSIS Pack Vendor :STMicroelectronics LIBJPEG 8.0.0
2025-08-23 11:50:42,627 [INFO] ThirdParty:1030 - CMSIS Pack Vendor :STMicroelectronics FP-ATR-ASTRA1 2.0.2
2025-08-23 11:50:42,627 [INFO] ThirdParty:1030 - CMSIS Pack Vendor :STMicroelectronics X-CUBE-BLE1 7.1.0
2025-08-23 11:50:42,627 [INFO] ThirdParty:1030 - CMSIS Pack Vendor :Avnet-IotConnect X-CUBE-IoTC-DA16k-PMOD 1.0.0
2025-08-23 11:50:42,627 [INFO] ThirdParty:1030 - CMSIS Pack Vendor :STMicroelectronics X-CUBE-SMBUS 2.1.0
2025-08-23 11:50:42,627 [INFO] ThirdParty:1030 - CMSIS Pack Vendor :wolfSSL I-CUBE-wolfMQTT 1.19.2
2025-08-23 11:50:42,627 [INFO] ThirdParty:1030 - CMSIS Pack Vendor :STMicroelectronics USB_DEVICE 3.0.0
2025-08-23 11:50:42,627 [INFO] ThirdParty:1030 - CMSIS Pack Vendor :STMicroelectronics X-CUBE-ISPU 2.1.0
2025-08-23 11:50:42,627 [INFO] ThirdParty:1030 - CMSIS Pack Vendor :STMicroelectronics X-CUBE-EEPRMA1 5.2.0
2025-08-23 11:50:42,627 [INFO] ThirdParty:1030 - CMSIS Pack Vendor :STMicroelectronics X-CUBE-BLEMGR 4.1.0
2025-08-23 11:50:42,628 [INFO] ThirdParty:1030 - CMSIS Pack Vendor :STMicroelectronics X-CUBE-AZRTOS-WB 2.0.0
2025-08-23 11:50:42,628 [INFO] ThirdParty:1030 - CMSIS Pack Vendor :STMicroelectronics X-CUBE-ST60 1.0.0
2025-08-23 11:50:42,628 [INFO] ThirdParty:1030 - CMSIS Pack Vendor :STMicroelectronics X-CUBE-GNSS1 7.0.1
2025-08-23 11:50:42,628 [INFO] ThirdParty:1030 - CMSIS Pack Vendor :STMicroelectronics X-CUBE-NFC12 1.0.0
2025-08-23 11:50:42,628 [INFO] ThirdParty:1030 - CMSIS Pack Vendor :STMicroelectronics X-CUBE-AZRTOS-F7 1.1.0
2025-08-23 11:50:42,628 [INFO] ThirdParty:1030 - CMSIS Pack Vendor :STMicroelectronics X-CUBE-AZRTOS-L5 2.0.0
2025-08-23 11:50:42,628 [INFO] ThirdParty:1030 - CMSIS Pack Vendor :STMicroelectronics X-CUBE-TOUCHGFX 4.25.0
2025-08-23 11:50:42,628 [INFO] ThirdParty:1030 - CMSIS Pack Vendor :STMicroelectronics USB_DEVICE 2.0.0
2025-08-23 11:50:42,628 [INFO] ThirdParty:1030 - CMSIS Pack Vendor :STMicroelectronics X-CUBE-NFC6 3.1.0
2025-08-23 11:50:42,628 [INFO] ThirdParty:1030 - CMSIS Pack Vendor :STMicroelectronics X-CUBE-AI 10.1.0
2025-08-23 11:50:42,628 [INFO] ThirdParty:1030 - CMSIS Pack Vendor :STMicroelectronics FP-SNS-STBOX1 2.0.0
2025-08-23 11:50:42,629 [INFO] ThirdParty:1030 - CMSIS Pack Vendor :STMicroelectronics X-CUBE-MEMS1 11.2.0
2025-08-23 11:50:42,629 [INFO] ThirdParty:1030 - CMSIS Pack Vendor :STMicroelectronics FreeRTOS 0.0.1
2025-08-23 11:50:42,629 [INFO] ThirdParty:1030 - CMSIS Pack Vendor :STMicroelectronics X-CUBE-AZRTOS-G0 1.1.0
2025-08-23 11:50:42,629 [INFO] ThirdParty:1030 - CMSIS Pack Vendor :STMicroelectronics X-CUBE-SAFEA1 1.2.2
2025-08-23 11:50:42,629 [INFO] ThirdParty:1030 - CMSIS Pack Vendor :STMicroelectronics X-CUBE-NFC4 3.0.0
2025-08-23 11:50:42,629 [INFO] ThirdParty:1030 - CMSIS Pack Vendor :STMicroelectronics X-CUBE-SUBG2 5.0.0
2025-08-23 11:50:42,629 [INFO] ThirdParty:1030 - CMSIS Pack Vendor :STMicroelectronics X-CUBE-AZRTOS-H7RS 1.1.0
2025-08-23 11:50:42,629 [INFO] ThirdParty:1030 - CMSIS Pack Vendor :STMicroelectronics STM32_WPAN 1.0.0
2025-08-23 11:50:42,629 [INFO] ThirdParty:1030 - CMSIS Pack Vendor :EmbeddedOffice I-CUBE-FS-RTOS 1.0.1
2025-08-23 11:50:42,629 [INFO] ThirdParty:1030 - CMSIS Pack Vendor :STMicroelectronics lwIP 2.0.3
2025-08-23 11:50:42,629 [INFO] ThirdParty:1030 - CMSIS Pack Vendor :Cesanta I-CUBE-Mongoose 7.13.0
2025-08-23 11:50:42,630 [INFO] ThirdParty:1030 - CMSIS Pack Vendor :STMicroelectronics USB_HOST 1.0.0
2025-08-23 11:50:42,630 [INFO] ThirdParty:1030 - CMSIS Pack Vendor :Infineon AIROC-Wi-Fi-Bluetooth-STM32 1.7.0
2025-08-23 11:50:42,630 [INFO] ThirdParty:1030 - CMSIS Pack Vendor :STMicroelectronics X-CUBE-AZRTOS-G4 2.0.0
2025-08-23 11:50:42,630 [INFO] ThirdParty:1030 - CMSIS Pack Vendor :STMicroelectronics X-CUBE-WB05N 2.0.0
2025-08-23 11:50:42,630 [INFO] ThirdParty:1030 - CMSIS Pack Vendor :STMicroelectronics PDM2PCM 3.1.0
2025-08-23 11:50:42,630 [INFO] ThirdParty:1030 - CMSIS Pack Vendor :STMicroelectronics PDM2PCM 3.3.0
2025-08-23 11:50:42,630 [INFO] ThirdParty:1030 - CMSIS Pack Vendor :wolfSSL I-CUBE-wolfTPM 3.8.0
2025-08-23 11:50:42,630 [INFO] ThirdParty:1030 - CMSIS Pack Vendor :STMicroelectronics X-CUBE-AZRTOS-H7 3.4.0
2025-08-23 11:50:42,630 [INFO] ThirdParty:1030 - CMSIS Pack Vendor :STMicroelectronics X-CUBE-DISPLAY 3.0.0
2025-08-23 11:50:42,630 [INFO] ThirdParty:1030 - CMSIS Pack Vendor :wolfSSL I-CUBE-wolfSSH 1.4.20
2025-08-23 11:50:42,630 [INFO] ThirdParty:1030 - CMSIS Pack Vendor :STMicroelectronics X-CUBE-NFC7 2.0.0
2025-08-23 11:50:42,631 [INFO] ThirdParty:1030 - CMSIS Pack Vendor :STMicroelectronics X-CUBE-TCPP 4.2.0
2025-08-23 11:50:42,631 [INFO] ThirdParty:1030 - CMSIS Pack Vendor :RealThread X-CUBE-RT-Thread_Nano 4.1.1
2025-08-23 11:50:42,631 [INFO] ThirdParty:1030 - CMSIS Pack Vendor :STMicroelectronics FP-ATR-SIGFOX1 3.2.0
2025-08-23 11:50:42,631 [INFO] ThirdParty:1030 - CMSIS Pack Vendor :STMicroelectronics X-CUBE-NFC10 1.0.0
2025-08-23 11:50:42,631 [INFO] ThirdParty:1030 - CMSIS Pack Vendor :STMicroelectronics X-CUBE-BLEMGR 4.0.0
2025-08-23 11:50:42,631 [INFO] ThirdParty:1030 - CMSIS Pack Vendor :STMicroelectronics X-CUBE-EEPRMA1 5.1.0
2025-08-23 11:50:42,631 [INFO] ThirdParty:1030 - CMSIS Pack Vendor :STMicroelectronics X-CUBE-FREERTOS 1.3.1
2025-08-23 11:50:42,631 [INFO] ThirdParty:1030 - CMSIS Pack Vendor :STMicroelectronics HAL Drivers 0.0.0
2025-08-23 11:50:42,631 [INFO] ThirdParty:1030 - CMSIS Pack Vendor :STMicroelectronics MBEDTLS 2.16.2
2025-08-23 11:50:42,631 [INFO] ThirdParty:1030 - CMSIS Pack Vendor :STMicroelectronics X-CUBE-IPS 3.1.0
2025-08-23 11:50:42,631 [INFO] ThirdParty:1030 - CMSIS Pack Vendor :STMicroelectronics X-CUBE-ALS 1.0.2
2025-08-23 11:50:42,632 [INFO] ThirdParty:1030 - CMSIS Pack Vendor :emotas I-CUBE-CANOPEN 1.3.0
2025-08-23 11:50:42,632 [INFO] ThirdParty:1030 - CMSIS Pack Vendor :STMicroelectronics X-CUBE-FREERTOS 1.3.0
2025-08-23 11:50:42,632 [INFO] ThirdParty:1030 - CMSIS Pack Vendor :STMicroelectronics X-CUBE-NFC7 1.0.1
2025-08-23 11:50:42,632 [INFO] ThirdParty:1030 - CMSIS Pack Vendor :STMicroelectronics MBEDTLS 2.14.1
2025-08-23 11:50:42,632 [INFO] ThirdParty:1030 - CMSIS Pack Vendor :wolfSSL I-CUBE-wolfSSL 5.7.6
2025-08-23 11:50:42,632 [INFO] ThirdParty:1030 - CMSIS Pack Vendor :ITTIA_DB I-CUBE-ITTIADB 8.9.0
2025-08-23 11:50:42,632 [INFO] ThirdParty:1030 - CMSIS Pack Vendor :portGmbH I-Cube-SoM-uGOAL 1.1.0
2025-08-23 11:50:42,632 [INFO] ThirdParty:1030 - CMSIS Pack Vendor :quantropi X-CUBE-qispace-sdk-base 2.0.0
2025-08-23 11:50:42,632 [INFO] ThirdParty:1030 - CMSIS Pack Vendor :STMicroelectronics X-CUBE-AI 10.0.0
2025-08-23 11:50:42,632 [INFO] ThirdParty:1030 - CMSIS Pack Vendor :STMicroelectronics X-CUBE-ST67W61 1.0.0
2025-08-23 11:50:42,633 [INFO] ThirdParty:1030 - CMSIS Pack Vendor :STMicroelectronics FP-SNS-STBOX1 2.1.0
2025-08-23 11:50:42,633 [INFO] ThirdParty:1030 - CMSIS Pack Vendor :STMicroelectronics X-CUBE-AI 10.2.0
2025-08-23 11:50:42,633 [INFO] ThirdParty:1030 - CMSIS Pack Vendor :STMicroelectronics FP-SNS-STAIOTCFT 1.0.0
2025-08-23 11:50:42,633 [INFO] ThirdParty:1030 - CMSIS Pack Vendor :STMicroelectronics ThreadX 1.0.0
2025-08-23 11:50:42,633 [INFO] ThirdParty:1030 - CMSIS Pack Vendor :STMicroelectronics FP-SNS-SMARTAG2 1.2.0
2025-08-23 11:50:42,633 [INFO] ThirdParty:1030 - CMSIS Pack Vendor :STMicroelectronics FP-SNS-FLIGHT1 5.1.0
2025-08-23 11:50:42,633 [INFO] ThirdParty:1030 - CMSIS Pack Vendor :STMicroelectronics X-CUBE-AZRTOS-WL 2.0.0
2025-08-23 11:50:42,633 [INFO] ThirdParty:1030 - CMSIS Pack Vendor :SEGGER I-CUBE-embOS 1.3.1
2025-08-23 11:50:42,634 [INFO] ThirdParty:1030 - CMSIS Pack Vendor :STMicroelectronics X-CUBE-ALGOBUILD 1.4.0
2025-08-23 11:50:42,634 [INFO] ThirdParty:1030 - CMSIS Pack Vendor :STMicroelectronics X-CUBE-DPower 1.3.0
2025-08-23 11:50:42,634 [INFO] ThirdParty:1030 - CMSIS Pack Vendor :STMicroelectronics X-CUBE-MEMS1 11.3.0
2025-08-23 11:50:42,634 [INFO] ThirdParty:1030 - CMSIS Pack Vendor :STMicroelectronics FP-SNS-MOTENV1 5.0.0
2025-08-23 11:50:42,634 [INFO] ThirdParty:1030 - CMSIS Pack Vendor :STMicroelectronics USB_DEVICE 1.0.0
2025-08-23 11:50:42,634 [INFO] ThirdParty:1030 - CMSIS Pack Vendor :STMicroelectronics X-CUBE-AZRTOS-L4 2.0.0
2025-08-23 11:50:42,634 [INFO] ThirdParty:1030 - CMSIS Pack Vendor :STMicroelectronics ThreadX 0.0.2
2025-08-23 11:50:42,635 [INFO] ThirdParty:1030 - CMSIS Pack Vendor :WES I-CUBE-Cesium 1.3.0
2025-08-23 11:50:42,635 [INFO] ThirdParty:1030 - CMSIS Pack Vendor :STMicroelectronics lwIP 2.1.2
2025-08-23 11:50:42,635 [INFO] ThirdParty:1030 - CMSIS Pack Vendor :STMicroelectronics X-CUBE-SFXS2LP1 4.0.0
2025-08-23 11:50:42,635 [INFO] ThirdParty:1030 - CMSIS Pack Vendor :STMicroelectronics X-CUBE-BLE2 3.3.0
2025-08-23 11:50:42,635 [INFO] ThirdParty:1030 - CMSIS Pack Vendor :STMicroelectronics X-CUBE-TOF1 3.4.3
2025-08-23 11:50:42,635 [INFO] ThirdParty:1030 - CMSIS Pack Vendor :STMicroelectronics PDM2PCM 3.2.0
2025-08-23 11:50:42,636 [INFO] ThirdParty:841 - exiting critical section [change project]
2025-08-23 11:50:43,167 [INFO] PinOutPanel:1589 - setPackage(No Configuration,No Configuration)
2025-08-23 11:50:43,172 [INFO] PinOutPanel:1589 - setPackage(STM32G030K6Tx,LQFP32)
2025-08-23 11:50:43,785 [INFO] UtilMem:75 - Before build in PCC Used Memory: 924842952 Bytes (1073741824)
2025-08-23 11:50:45,101 [INFO] UtilMem:75 - After build in PCC Used Memory: 899126048 Bytes (1073741824)
2025-08-23 11:50:45,151 [INFO] IPUIPlugin:80 - create IPUIPlugin
2025-08-23 11:50:45,151 [INFO] IPUIPlugin:80 - create IPUIPlugin
2025-08-23 11:50:45,151 [INFO] IPUIPlugin:80 - create IPUIPlugin
2025-08-23 11:50:45,152 [INFO] IPUIPlugin:80 - create IPUIPlugin
2025-08-23 11:50:45,152 [INFO] IPUIPlugin:80 - create IPUIPlugin
2025-08-23 11:50:45,152 [INFO] IPUIPlugin:80 - create IPUIPlugin
2025-08-23 11:50:45,152 [INFO] IPUIPlugin:80 - create IPUIPlugin
2025-08-23 11:50:45,153 [INFO] IPUIPlugin:80 - create IPUIPlugin
2025-08-23 11:50:45,153 [INFO] IPUIPlugin:80 - create IPUIPlugin
2025-08-23 11:50:45,154 [INFO] IPUIPlugin:80 - create IPUIPlugin
2025-08-23 11:50:45,155 [INFO] IPUIPlugin:80 - create IPUIPlugin
2025-08-23 11:50:45,155 [INFO] IPUIPlugin:80 - create IPUIPlugin
2025-08-23 11:50:45,155 [INFO] IPUIPlugin:80 - create IPUIPlugin
2025-08-23 11:50:45,157 [INFO] IPUIPlugin:80 - create IPUIPlugin
2025-08-23 11:50:45,157 [INFO] IPUIPlugin:80 - create IPUIPlugin
2025-08-23 11:50:45,157 [INFO] IPUIPlugin:80 - create IPUIPlugin
2025-08-23 11:50:45,158 [INFO] IPUIPlugin:80 - create IPUIPlugin
2025-08-23 11:50:45,158 [INFO] IPUIPlugin:80 - create IPUIPlugin
2025-08-23 11:50:45,158 [INFO] IPUIPlugin:80 - create IPUIPlugin
2025-08-23 11:50:45,159 [INFO] IPUIPlugin:80 - create IPUIPlugin
2025-08-23 11:50:45,159 [INFO] IPUIPlugin:80 - create IPUIPlugin
2025-08-23 11:50:45,160 [INFO] IPUIPlugin:80 - create IPUIPlugin
2025-08-23 11:50:45,160 [INFO] IPUIPlugin:80 - create IPUIPlugin
2025-08-23 11:50:45,160 [INFO] IPUIPlugin:80 - create IPUIPlugin
2025-08-23 11:50:45,161 [INFO] IPUIPlugin:80 - create IPUIPlugin
2025-08-23 11:50:45,482 [INFO] CADModel:165 - CPN selected for project levelSTM32G030K6T6
2025-08-23 11:50:45,482 [INFO] CADModel:114 - Register for checkConnection events
2025-08-23 11:50:45,541 [INFO] OpenFileManager:386 - Restore cursor
2025-08-23 11:50:47,215 [INFO] UtilMem:75 - End SaveConfig() Used Memory: 850888568 Bytes (1073741824)
2025-08-23 11:50:47,330 [INFO] UtilMem:75 - End SaveConfig() Used Memory: 861292376 Bytes (1073741824)
2025-08-23 11:50:48,010 [INFO] BlockDiagram:2775 - set Specific Code input for plugin: NVIC
2025-08-23 11:50:48,010 [INFO] BlockDiagram:2775 - set Specific Code input for plugin: DMA
2025-08-23 11:50:48,010 [INFO] BlockDiagram:2775 - set Specific Code input for plugin: SYS
2025-08-23 11:50:48,010 [INFO] BlockDiagram:2775 - set Specific Code input for plugin: GPIO
2025-08-23 11:50:48,011 [INFO] BlockDiagram:2775 - set Specific Code input for plugin: ADC
2025-08-23 11:50:48,011 [INFO] BlockDiagram:2775 - set Specific Code input for plugin: RCC
2025-08-23 11:50:48,013 [INFO] CodeGenerator:892 - code generatio: config db path: C:\ST\STM32CubeIDE_1.18.1\STM32CubeIDE\plugins\com.st.stm32cube.common.mx_6.15.0.202507011659\\db\
2025-08-23 11:50:48,202 [INFO] CodeEngine:265 - oldGeneratedFile, C:\Users\singh\STM32CubeIDE\workspace_1.18.1\ADC_STM32G030\MXTmpFiles\license.tmp_save
2025-08-23 11:50:48,750 [INFO] CodeEngine:289 - Generated code: C:\Users\singh\STM32CubeIDE\workspace_1.18.1\ADC_STM32G030\MXTmpFiles\license.tmp
2025-08-23 11:50:48,975 [INFO] CodeEngine:265 - oldGeneratedFile, C:\Users\singh\STM32CubeIDE\workspace_1.18.1\ADC_STM32G030\MXTmpFiles\gpio.tmp_save
2025-08-23 11:50:49,214 [INFO] CodeEngine:289 - Generated code: C:\Users\singh\STM32CubeIDE\workspace_1.18.1\ADC_STM32G030\MXTmpFiles\gpio.tmp
2025-08-23 11:50:49,345 [INFO] CodeEngine:265 - oldGeneratedFile, C:\Users\singh\STM32CubeIDE\workspace_1.18.1\ADC_STM32G030\MXTmpFiles\dma.tmp_save
2025-08-23 11:50:49,487 [INFO] CodeEngine:289 - Generated code: C:\Users\singh\STM32CubeIDE\workspace_1.18.1\ADC_STM32G030\MXTmpFiles\dma.tmp
2025-08-23 11:50:49,495 [INFO] CodeEngine:265 - oldGeneratedFile, C:\Users\singh\STM32CubeIDE\workspace_1.18.1\ADC_STM32G030\MXTmpFiles\dma_GV.tmp_save
2025-08-23 11:50:49,600 [INFO] CodeEngine:289 - Generated code: C:\Users\singh\STM32CubeIDE\workspace_1.18.1\ADC_STM32G030\MXTmpFiles\dma_GV.tmp
2025-08-23 11:50:49,620 [INFO] CodeEngine:265 - oldGeneratedFile, C:\Users\singh\STM32CubeIDE\workspace_1.18.1\ADC_STM32G030\Core\Src\stm32g0xx_it.c_save
2025-08-23 11:50:49,802 [INFO] CodeEngine:289 - Generated code: C:\Users\singh\STM32CubeIDE\workspace_1.18.1\ADC_STM32G030\Core\Src\stm32g0xx_it.c
2025-08-23 11:50:49,811 [INFO] CodeEngine:265 - oldGeneratedFile, C:\Users\singh\STM32CubeIDE\workspace_1.18.1\ADC_STM32G030\Core\Inc\stm32g0xx_it.h_save
2025-08-23 11:50:49,924 [INFO] CodeEngine:289 - Generated code: C:\Users\singh\STM32CubeIDE\workspace_1.18.1\ADC_STM32G030\Core\Inc\stm32g0xx_it.h
2025-08-23 11:50:49,947 [INFO] CodeEngine:265 - oldGeneratedFile, C:\Users\singh\STM32CubeIDE\workspace_1.18.1\ADC_STM32G030\Core\Src\stm32g0xx_hal_msp.c_save
2025-08-23 11:50:50,140 [INFO] CodeEngine:289 - Generated code: C:\Users\singh\STM32CubeIDE\workspace_1.18.1\ADC_STM32G030\Core\Src\stm32g0xx_hal_msp.c
2025-08-23 11:50:50,148 [INFO] CodeEngine:265 - oldGeneratedFile, C:\Users\singh\STM32CubeIDE\workspace_1.18.1\ADC_STM32G030\MXTmpFiles\system.tmp_save
2025-08-23 11:50:50,268 [INFO] CodeEngine:289 - Generated code: C:\Users\singh\STM32CubeIDE\workspace_1.18.1\ADC_STM32G030\MXTmpFiles\system.tmp
2025-08-23 11:50:50,285 [INFO] CodeEngine:321 - oldGeneratedFile, C:\Users\singh\STM32CubeIDE\workspace_1.18.1\ADC_STM32G030\Core\Inc\stm32g0xx_hal_conf.h_save
2025-08-23 11:50:50,396 [INFO] CodeEngine:345 - Generated code: C:\Users\singh\STM32CubeIDE\workspace_1.18.1\ADC_STM32G030\Core\Inc\stm32g0xx_hal_conf.h
2025-08-23 11:50:50,447 [INFO] ApiDbMcu:532 - Load IP Config File for ADC1
2025-08-23 11:50:50,451 [INFO] ApiDbMcu:532 - Load IP Config File for RCC
2025-08-23 11:50:50,464 [INFO] CodeEngine:265 - oldGeneratedFile, C:\Users\singh\STM32CubeIDE\workspace_1.18.1\ADC_STM32G030\Core\Inc\main.h_save
2025-08-23 11:50:50,627 [INFO] CodeEngine:289 - Generated code: C:\Users\singh\STM32CubeIDE\workspace_1.18.1\ADC_STM32G030\Core\Inc\main.h
2025-08-23 11:50:50,634 [INFO] CodeEngine:265 - oldGeneratedFile, C:\Users\singh\STM32CubeIDE\workspace_1.18.1\ADC_STM32G030\Core\Src\main.c_save
2025-08-23 11:50:50,841 [INFO] CodeEngine:289 - Generated code: C:\Users\singh\STM32CubeIDE\workspace_1.18.1\ADC_STM32G030\Core\Src\main.c
2025-08-23 11:50:51,503 [INFO] ProjectBuilder:3606 - Time for Copy HAL[1] : 218mS.
2025-08-23 11:50:51,514 [INFO] ProjectBuilder:5216 - Project Generator version: 4.7.0-B52
2025-08-23 11:50:51,644 [INFO] ConfigFileManager:1595 - The Die is : DIE466
2025-08-23 11:50:51,653 [INFO] ApiDbMcu:532 - Load IP Config File for FATFS
2025-08-23 11:50:51,664 [INFO] ApiDbMcu:532 - Load IP Config File for FREERTOS
2025-08-23 11:50:52,287 [INFO] LogOutputStream:77 - [STDOUT_REDIRECT] 
2025-08-23 11:50:57,533 [INFO] ProjectBuilder:5496 - Time for Generating toolchain IDE Files: 6019mS.
2025-08-23 11:50:57,534 [INFO] ProjectBuilder:3463 - Time for Copy CMSIS : 1mS.
2025-08-23 11:50:57,539 [INFO] ProjectBuilder:3463 - Time for Copy CMSIS : 0mS.
2025-08-23 11:50:58,442 [INFO] McuFinderGlobals:76 - Set McuFinderConnectedMode to true
2025-08-23 11:50:58,452 [INFO] ApiDb:448 - Save user favorites file C:\Users\singh/.stm32cubeide/favorites.mcus.txt: 0 item(s)
2025-08-23 11:50:58,453 [INFO] ApiDb:452 - User favorites MCUs=[]
2025-08-23 11:50:59,172 [ERROR] LogOutputStream:75 - [STDERR_REDIRECT] Exception in thread "AWT-EventQueue-0" java.awt.IllegalComponentStateException: Native resources unavailable
2025-08-23 11:50:59,176 [ERROR] LogOutputStream:75 - [STDERR_REDIRECT] 	at java.desktop/sun.awt.windows.WWindowPeer.getScreenImOn(Native Method)
2025-08-23 11:50:59,180 [ERROR] LogOutputStream:75 - [STDERR_REDIRECT] 	at java.desktop/sun.awt.windows.WWindowPeer.updateGC(WWindowPeer.java:566)
2025-08-23 11:50:59,183 [ERROR] LogOutputStream:75 - [STDERR_REDIRECT] 	at java.desktop/java.awt.event.InvocationEvent.dispatch(InvocationEvent.java:318)
2025-08-23 11:50:59,188 [ERROR] LogOutputStream:75 - [STDERR_REDIRECT] 	at java.desktop/java.awt.EventQueue.dispatchEventImpl(EventQueue.java:773)
2025-08-23 11:50:59,192 [ERROR] LogOutputStream:75 - [STDERR_REDIRECT] 	at java.desktop/java.awt.EventQueue$4.run(EventQueue.java:720)
2025-08-23 11:50:59,198 [ERROR] LogOutputStream:75 - [STDERR_REDIRECT] 	at java.desktop/java.awt.EventQueue$4.run(EventQueue.java:714)
2025-08-23 11:50:59,201 [ERROR] LogOutputStream:75 - [STDERR_REDIRECT] 	at java.base/java.security.AccessController.doPrivileged(AccessController.java:400)
2025-08-23 11:50:59,208 [ERROR] LogOutputStream:75 - [STDERR_REDIRECT] 	at java.base/java.security.ProtectionDomain$JavaSecurityAccessImpl.doIntersectionPrivilege(ProtectionDomain.java:87)
2025-08-23 11:50:59,214 [ERROR] LogOutputStream:75 - [STDERR_REDIRECT] 	at java.base/java.security.ProtectionDomain$JavaSecurityAccessImpl.doIntersectionPrivilege(ProtectionDomain.java:98)
2025-08-23 11:50:59,217 [ERROR] LogOutputStream:75 - [STDERR_REDIRECT] 	at java.desktop/java.awt.EventQueue$5.run(EventQueue.java:747)
2025-08-23 11:50:59,222 [ERROR] LogOutputStream:75 - [STDERR_REDIRECT] 	at java.desktop/java.awt.EventQueue$5.run(EventQueue.java:745)
2025-08-23 11:50:59,228 [ERROR] LogOutputStream:75 - [STDERR_REDIRECT] 	at java.base/java.security.AccessController.doPrivileged(AccessController.java:400)
2025-08-23 11:50:59,231 [ERROR] LogOutputStream:75 - [STDERR_REDIRECT] 	at java.base/java.security.ProtectionDomain$JavaSecurityAccessImpl.doIntersectionPrivilege(ProtectionDomain.java:87)
2025-08-23 11:50:59,235 [ERROR] LogOutputStream:75 - [STDERR_REDIRECT] 	at java.desktop/java.awt.EventQueue.dispatchEvent(EventQueue.java:744)
2025-08-23 11:50:59,239 [ERROR] LogOutputStream:75 - [STDERR_REDIRECT] 	at java.desktop/java.awt.EventDispatchThread.pumpOneEventForFilters(EventDispatchThread.java:203)
2025-08-23 11:50:59,244 [ERROR] LogOutputStream:75 - [STDERR_REDIRECT] 	at java.desktop/java.awt.EventDispatchThread.pumpEventsForFilter(EventDispatchThread.java:124)
2025-08-23 11:50:59,248 [ERROR] LogOutputStream:75 - [STDERR_REDIRECT] 	at java.desktop/java.awt.EventDispatchThread.pumpEventsForHierarchy(EventDispatchThread.java:113)
2025-08-23 11:50:59,251 [ERROR] LogOutputStream:75 - [STDERR_REDIRECT] 	at java.desktop/java.awt.EventDispatchThread.pumpEvents(EventDispatchThread.java:109)
2025-08-23 11:50:59,256 [ERROR] LogOutputStream:75 - [STDERR_REDIRECT] 	at java.desktop/java.awt.EventDispatchThread.pumpEvents(EventDispatchThread.java:101)
2025-08-23 11:50:59,273 [ERROR] LogOutputStream:75 - [STDERR_REDIRECT] 	at java.desktop/java.awt.EventDispatchThread.run(EventDispatchThread.java:90)
2025-08-23 11:51:38,602 [ERROR] LogOutputStream:75 - [STDERR_REDIRECT] Exception in thread "AWT-EventQueue-0" java.awt.IllegalComponentStateException: Native resources unavailable
2025-08-23 11:51:38,604 [ERROR] LogOutputStream:75 - [STDERR_REDIRECT] 	at java.desktop/sun.awt.windows.WWindowPeer.getScreenImOn(Native Method)
2025-08-23 11:51:38,606 [ERROR] LogOutputStream:75 - [STDERR_REDIRECT] 	at java.desktop/sun.awt.windows.WWindowPeer.updateGC(WWindowPeer.java:566)
2025-08-23 11:51:38,609 [ERROR] LogOutputStream:75 - [STDERR_REDIRECT] 	at java.desktop/java.awt.event.InvocationEvent.dispatch(InvocationEvent.java:318)
2025-08-23 11:51:38,612 [ERROR] LogOutputStream:75 - [STDERR_REDIRECT] 	at java.desktop/java.awt.EventQueue.dispatchEventImpl(EventQueue.java:773)
2025-08-23 11:51:38,614 [ERROR] LogOutputStream:75 - [STDERR_REDIRECT] 	at java.desktop/java.awt.EventQueue$4.run(EventQueue.java:720)
2025-08-23 11:51:38,614 [ERROR] LogOutputStream:75 - [STDERR_REDIRECT] 	at java.desktop/java.awt.EventQueue$4.run(EventQueue.java:714)
2025-08-23 11:51:38,616 [ERROR] LogOutputStream:75 - [STDERR_REDIRECT] 	at java.base/java.security.AccessController.doPrivileged(AccessController.java:400)
2025-08-23 11:51:38,617 [ERROR] LogOutputStream:75 - [STDERR_REDIRECT] 	at java.base/java.security.ProtectionDomain$JavaSecurityAccessImpl.doIntersectionPrivilege(ProtectionDomain.java:87)
2025-08-23 11:51:38,620 [ERROR] LogOutputStream:75 - [STDERR_REDIRECT] 	at java.base/java.security.ProtectionDomain$JavaSecurityAccessImpl.doIntersectionPrivilege(ProtectionDomain.java:98)
2025-08-23 11:51:38,622 [ERROR] LogOutputStream:75 - [STDERR_REDIRECT] 	at java.desktop/java.awt.EventQueue$5.run(EventQueue.java:747)
2025-08-23 11:51:38,623 [ERROR] LogOutputStream:75 - [STDERR_REDIRECT] 	at java.desktop/java.awt.EventQueue$5.run(EventQueue.java:745)
2025-08-23 11:51:38,624 [ERROR] LogOutputStream:75 - [STDERR_REDIRECT] 	at java.base/java.security.AccessController.doPrivileged(AccessController.java:400)
2025-08-23 11:51:38,626 [ERROR] LogOutputStream:75 - [STDERR_REDIRECT] 	at java.base/java.security.ProtectionDomain$JavaSecurityAccessImpl.doIntersectionPrivilege(ProtectionDomain.java:87)
2025-08-23 11:51:38,628 [ERROR] LogOutputStream:75 - [STDERR_REDIRECT] 	at java.desktop/java.awt.EventQueue.dispatchEvent(EventQueue.java:744)
2025-08-23 11:51:38,630 [ERROR] LogOutputStream:75 - [STDERR_REDIRECT] 	at java.desktop/java.awt.EventDispatchThread.pumpOneEventForFilters(EventDispatchThread.java:203)
2025-08-23 11:51:38,632 [ERROR] LogOutputStream:75 - [STDERR_REDIRECT] 	at java.desktop/java.awt.EventDispatchThread.pumpEventsForFilter(EventDispatchThread.java:124)
2025-08-23 11:51:38,634 [ERROR] LogOutputStream:75 - [STDERR_REDIRECT] 	at java.desktop/java.awt.EventDispatchThread.pumpEventsForHierarchy(EventDispatchThread.java:113)
2025-08-23 11:51:38,637 [ERROR] LogOutputStream:75 - [STDERR_REDIRECT] 	at java.desktop/java.awt.EventDispatchThread.pumpEvents(EventDispatchThread.java:109)
2025-08-23 11:51:38,639 [ERROR] LogOutputStream:75 - [STDERR_REDIRECT] 	at java.desktop/java.awt.EventDispatchThread.pumpEvents(EventDispatchThread.java:101)
2025-08-23 11:51:38,640 [ERROR] LogOutputStream:75 - [STDERR_REDIRECT] 	at java.desktop/java.awt.EventDispatchThread.run(EventDispatchThread.java:90)
2025-08-23 11:51:43,264 [INFO] MainUpdater:2872 - connection check result : 10
2025-08-23 11:51:43,393 [INFO] McuFinderGlobals:76 - Set McuFinderConnectedMode to true
2025-08-23 11:51:43,394 [INFO] MultiScanPanel:200 - Auto-refresh data requested => check proxy status ongoing
2025-08-23 11:51:43,394 [INFO] FinderPluginLoader:96 - Searching for filters in installed packs
2025-08-23 11:51:44,540 [INFO] LoadUrlFilesThread:185 - End of LoadServerUrlFiles without Thread
2025-08-23 11:51:44,540 [INFO] DetailPanel:341 - Set advertising image to C:/Users/singh/STM32Cube/Repository/\en.2400x1350px.jpeg
2025-08-23 11:52:03,321 [INFO] MainUpdater:2872 - connection check result : 10
2025-08-23 11:52:03,322 [INFO] MainUpdater:2872 - connection check result : 10
2025-08-23 11:52:03,343 [INFO] MicroXplorer:468 - Change Database Path : 
2025-08-23 11:52:03,343 [INFO] MicroXplorer:498 - Change Database Version : DB.6.0.150
2025-08-23 11:52:03,382 [ERROR] ProjectManagerView:395 - 
java.lang.NullPointerException: Cannot invoke "javax.swing.JTextField.getText()" because the return value of "java.util.List.get(int)" is null
	at com.st.microxplorer.plugins.projectmanager.gui.ProjectChoiceTab$9.caretUpdate(ProjectChoiceTab.java:2706) ~[filemanager.jar:?]
	at javax.swing.text.JTextComponent.fireCaretUpdate(JTextComponent.java:408) ~[?:?]
	at javax.swing.text.JTextComponent$MutableCaretEvent.fire(JTextComponent.java:4484) ~[?:?]
	at javax.swing.text.JTextComponent$MutableCaretEvent.stateChanged(JTextComponent.java:4506) ~[?:?]
	at javax.swing.text.DefaultCaret.fireStateChanged(DefaultCaret.java:857) ~[?:?]
	at javax.swing.text.DefaultCaret.changeCaretPosition(DefaultCaret.java:1343) ~[?:?]
	at javax.swing.text.DefaultCaret.handleSetDot(DefaultCaret.java:1242) ~[?:?]
	at javax.swing.text.DefaultCaret.setDot(DefaultCaret.java:1223) ~[?:?]
	at javax.swing.text.DefaultCaret$Handler.insertUpdate(DefaultCaret.java:1819) ~[?:?]
	at javax.swing.text.AbstractDocument.fireInsertUpdate(AbstractDocument.java:227) ~[?:?]
	at javax.swing.text.AbstractDocument.handleInsertString(AbstractDocument.java:781) ~[?:?]
	at javax.swing.text.AbstractDocument.insertString(AbstractDocument.java:740) ~[?:?]
	at javax.swing.text.PlainDocument.insertString(PlainDocument.java:131) ~[?:?]
	at javax.swing.text.AbstractDocument.replace(AbstractDocument.java:699) ~[?:?]
	at javax.swing.text.JTextComponent.setText(JTextComponent.java:1725) ~[?:?]
	at com.st.microxplorer.plugins.projectmanager.gui.ProjectChoiceTab.createHeapStackFields(ProjectChoiceTab.java:993) ~[filemanager.jar:?]
	at com.st.microxplorer.plugins.projectmanager.gui.ProjectChoiceTab.buildLinkSettingsPanel(ProjectChoiceTab.java:3813) ~[filemanager.jar:?]
	at com.st.microxplorer.plugins.projectmanager.gui.ProjectChoiceTab.defineWindowsFields(ProjectChoiceTab.java:1987) ~[filemanager.jar:?]
	at com.st.microxplorer.plugins.projectmanager.gui.ProjectChoiceTab.updateSettings(ProjectChoiceTab.java:558) ~[filemanager.jar:?]
	at com.st.microxplorer.plugins.projectmanager.gui.ProjectSettingsPanel.UpdateDialog(ProjectSettingsPanel.java:247) ~[filemanager.jar:?]
	at com.st.microxplorer.plugins.projectmanager.ProjectManagerView.propertyChange(ProjectManagerView.java:392) ~[filemanager.jar:?]
	at java.beans.PropertyChangeSupport.fire(PropertyChangeSupport.java:343) ~[?:?]
	at java.beans.PropertyChangeSupport.firePropertyChange(PropertyChangeSupport.java:335) ~[?:?]
	at java.beans.PropertyChangeSupport.firePropertyChange(PropertyChangeSupport.java:268) ~[?:?]
	at com.st.microxplorer.util.MXPropertyChangeSupport.firePropertyChange(MXPropertyChangeSupport.java:54) ~[STM32CubeMX.jar:?]
	at com.st.microxplorer.mxsystem.MxSystem.closeConfig(MxSystem.java:899) ~[STM32CubeMX.jar:?]
	at com.st.microxplorer.maingui.MainPanel.closeConfig(MainPanel.java:792) ~[STM32CubeMX.jar:?]
	at com.st.microxplorer.plugins.filemanager.engine.OpenFileManager.loadConfigurationFile(OpenFileManager.java:288) ~[filemanager.jar:?]
	at com.st.microxplorer.plugins.filemanager.engine.MainFileManager.userLoadConfig(MainFileManager.java:364) ~[filemanager.jar:?]
	at com.st.microxplorer.plugins.filemanager.engine.MainFileManager.userLoadConfig(MainFileManager.java:342) ~[filemanager.jar:?]
	at com.st.microxplorer.plugins.filemanager.FileManagerView.getSpecificTask(FileManagerView.java:264) ~[filemanager.jar:?]
	at com.st.stm32cube.common.mx.editor.CubeMxEditor.getMxTabbedPaneInstance(CubeMxEditor.java:1198) ~[com.st.stm32cube.common.mx_6.15.0.202507011659/:?]
	at com.st.stm32cube.common.mx.editor.CubeMxEditor$12$1.createSwingComponent(CubeMxEditor.java:1068) ~[com.st.stm32cube.common.mx_6.15.0.202507011659/:?]
	at com.st.stm32cube.common.mx.oss.core.awtswtbridge.EmbeddedSwingComposite.doComponentCreation(EmbeddedSwingComposite.java:492) ~[com.st.stm32cube.common.mx.oss_6.15.0.202507011659/:?]
	at com.st.stm32cube.common.mx.oss.core.awtswtbridge.EmbeddedSwingComposite$4.run(EmbeddedSwingComposite.java:291) ~[com.st.stm32cube.common.mx.oss_6.15.0.202507011659/:?]
	at com.st.stm32cube.common.mx.oss.core.awtswtbridge.AwtEnvironment$2.run(AwtEnvironment.java:166) ~[com.st.stm32cube.common.mx.oss_6.15.0.202507011659/:?]
	at java.awt.event.InvocationEvent.dispatch(InvocationEvent.java:318) ~[?:?]
	at java.awt.EventQueue.dispatchEventImpl(EventQueue.java:773) ~[?:?]
	at java.awt.EventQueue$4.run(EventQueue.java:720) ~[?:?]
	at java.awt.EventQueue$4.run(EventQueue.java:714) ~[?:?]
	at java.security.AccessController.doPrivileged(AccessController.java:400) ~[?:?]
	at java.security.ProtectionDomain$JavaSecurityAccessImpl.doIntersectionPrivilege(ProtectionDomain.java:87) ~[?:?]
	at java.awt.EventQueue.dispatchEvent(EventQueue.java:742) ~[?:?]
	at java.awt.EventDispatchThread.pumpOneEventForFilters(EventDispatchThread.java:203) ~[?:?]
	at java.awt.EventDispatchThread.pumpEventsForFilter(EventDispatchThread.java:124) ~[?:?]
	at java.awt.EventDispatchThread.pumpEventsForHierarchy(EventDispatchThread.java:113) ~[?:?]
	at java.awt.EventDispatchThread.pumpEvents(EventDispatchThread.java:109) ~[?:?]
	at java.awt.EventDispatchThread.pumpEvents(EventDispatchThread.java:101) ~[?:?]
	at java.awt.EventDispatchThread.run(EventDispatchThread.java:90) ~[?:?]
2025-08-23 11:52:03,403 [WARN] ThirdParty:871 - waiting for thirdparty lock release [close project]
2025-08-23 11:52:03,403 [INFO] ThirdParty:873 - entering critical section [close project]
2025-08-23 11:52:03,403 [INFO] ThirdParty:883 - exiting critical section [close project]
2025-08-23 11:52:03,405 [INFO] PinOutPanel:1589 - setPackage(No Configuration,No Configuration)
2025-08-23 11:52:03,427 [INFO] UtilMem:75 - Begin LoadConfig() Used Memory: 927349656 Bytes (1073741824)
2025-08-23 11:52:03,429 [INFO] MicroXplorer:468 - Change Database Path : 
2025-08-23 11:52:03,429 [INFO] MicroXplorer:498 - Change Database Version : DB.6.0.150
2025-08-23 11:52:03,430 [INFO] OpenFileManager:355 - Change cursor
2025-08-23 11:52:03,459 [INFO] RulesReader:64 - Compatibility file has been processed (317 Rules)
2025-08-23 11:52:03,464 [INFO] Mcu:2029 - Initializing MCU STM32G030K(6-8)Tx STM32G030K6Tx STM32G030K6T6
2025-08-23 11:52:05,035 [INFO] Context:786 - Trying to add GPIOservice into a context  which must be forbidden
2025-08-23 11:52:05,469 [INFO] ImportTextPane:234 - (OptionalMessage_ERROR) Pin4 (VP_RIF_VS_RIF1) cannot be retrieved for this MCU
2025-08-23 11:52:05,667 [INFO] RtosManager:558 - Registered RTOS mode: class=CMSIS, group=RTOS, mode=CMSIS_V1, owner=FREERTOS
2025-08-23 11:52:05,667 [INFO] RtosManager:558 - Registered RTOS mode: class=CMSIS, group=RTOS2, mode=CMSIS_V2, owner=FREERTOS
2025-08-23 11:52:05,667 [INFO] RtosManager:558 - Registered RTOS mode: class=RTOS, group=Core, mode=CMSIS_V1, owner=FREERTOS
2025-08-23 11:52:05,667 [INFO] RtosManager:558 - Registered RTOS mode: class=RTOS, group=Core, mode=CMSIS_V2, owner=FREERTOS
2025-08-23 11:52:05,667 [WARN] ModelIntegratedComponent:184 - Missing modes for component STMicroelectronics:FreeRTOS:0.0.1:STMicroelectronics:RTOS:FreeRTOS:Core:::10.2.0:
2025-08-23 11:52:05,686 [WARN] ModelIntegratedComponent:63 - No mode defined for component null
2025-08-23 11:52:05,686 [WARN] ModelIntegratedComponent:63 - No mode defined for component null
2025-08-23 11:52:05,686 [WARN] ModelIntegratedComponent:63 - No mode defined for component null
2025-08-23 11:52:05,686 [WARN] ModelIntegratedComponent:63 - No mode defined for component null
2025-08-23 11:52:05,687 [WARN] ModelIntegratedComponent:63 - No mode defined for component null
2025-08-23 11:52:05,687 [WARN] ModelIntegratedComponent:63 - No mode defined for component null
2025-08-23 11:52:05,687 [WARN] ModelIntegratedComponent:63 - No mode defined for component null
2025-08-23 11:52:05,687 [WARN] ModelIntegratedComponent:63 - No mode defined for component null
2025-08-23 11:52:05,687 [WARN] ModelIntegratedComponent:63 - No mode defined for component null
2025-08-23 11:52:05,687 [WARN] ModelIntegratedComponent:63 - No mode defined for component null
2025-08-23 11:52:05,687 [WARN] ModelIntegratedComponent:63 - No mode defined for component null
2025-08-23 11:52:05,687 [WARN] ModelIntegratedComponent:63 - No mode defined for component null
2025-08-23 11:52:05,687 [WARN] ModelIntegratedComponent:63 - No mode defined for component null
2025-08-23 11:52:05,687 [WARN] ModelIntegratedComponent:63 - No mode defined for component null
2025-08-23 11:52:05,687 [WARN] ModelIntegratedComponent:63 - No mode defined for component null
2025-08-23 11:52:05,688 [WARN] ModelIntegratedComponent:63 - No mode defined for component null
2025-08-23 11:52:05,688 [WARN] ModelIntegratedComponent:63 - No mode defined for component null
2025-08-23 11:52:05,688 [WARN] ModelIntegratedComponent:63 - No mode defined for component null
2025-08-23 11:52:05,688 [WARN] ModelIntegratedComponent:63 - No mode defined for component null
2025-08-23 11:52:05,688 [WARN] ModelIntegratedComponent:63 - No mode defined for component null
2025-08-23 11:52:05,688 [WARN] ModelIntegratedComponent:63 - No mode defined for component null
2025-08-23 11:52:05,688 [WARN] ModelIntegratedComponent:63 - No mode defined for component null
2025-08-23 11:52:05,688 [WARN] ModelIntegratedComponent:63 - No mode defined for component null
2025-08-23 11:52:05,692 [WARN] ModelIntegratedComponent:63 - No mode defined for component null
2025-08-23 11:52:05,694 [WARN] ModelIntegratedComponent:63 - No mode defined for component null
2025-08-23 11:52:05,694 [WARN] ModelIntegratedComponent:63 - No mode defined for component null
2025-08-23 11:52:05,694 [WARN] ModelIntegratedComponent:63 - No mode defined for component null
2025-08-23 11:52:05,694 [WARN] ModelIntegratedComponent:63 - No mode defined for component null
2025-08-23 11:52:05,694 [WARN] ModelIntegratedComponent:63 - No mode defined for component null
2025-08-23 11:52:05,694 [WARN] ModelIntegratedComponent:63 - No mode defined for component null
2025-08-23 11:52:05,694 [WARN] ModelIntegratedComponent:63 - No mode defined for component null
2025-08-23 11:52:05,694 [WARN] ModelIntegratedComponent:63 - No mode defined for component null
2025-08-23 11:52:05,694 [WARN] ModelIntegratedComponent:63 - No mode defined for component null
2025-08-23 11:52:05,694 [WARN] ModelIntegratedComponent:63 - No mode defined for component null
2025-08-23 11:52:05,695 [WARN] ModelIntegratedComponent:63 - No mode defined for component null
2025-08-23 11:52:05,695 [WARN] ModelPack:524 - Component already loaded: STMicroelectronics:HAL Drivers:0.0.0:STMicroelectronics:Device:STMicro_Driver:XSPI:HAL::0.0.1:HAL_XSPI
2025-08-23 11:52:05,860 [INFO] ThirdPartyModel:298 - Start build external matchings
2025-08-23 11:52:07,648 [INFO] ThirdPartyModel:316 - End build external matchings
2025-08-23 11:52:07,680 [INFO] ImportTextPane:234 - (OptionalMessage_ERROR) IP (DMA) : Parameter (Instance) has Id (ADC1) currently not set
2025-08-23 11:52:07,681 [INFO] ImportTextPane:234 - (OptionalMessage_ERROR) IP (DMA) : Parameter (Request) has Id (ADC1) currently not set
2025-08-23 11:52:07,681 [INFO] ImportTextPane:234 - (OptionalMessage_ERROR) IP (DMA) : Parameter (Direction) has Id (ADC1) currently not set
2025-08-23 11:52:07,681 [INFO] ImportTextPane:234 - (OptionalMessage_ERROR) IP (DMA) : Parameter (PeriphInc) has Id (ADC1) currently not set
2025-08-23 11:52:07,681 [INFO] ImportTextPane:234 - (OptionalMessage_ERROR) IP (DMA) : Parameter (MemInc) has Id (ADC1) currently not set
2025-08-23 11:52:07,681 [INFO] ImportTextPane:234 - (OptionalMessage_ERROR) IP (DMA) : Parameter (PeriphDataAlignment) has Id (ADC1) currently not set
2025-08-23 11:52:07,681 [INFO] ImportTextPane:234 - (OptionalMessage_ERROR) IP (DMA) : Parameter (MemDataAlignment) has Id (ADC1) currently not set
2025-08-23 11:52:07,681 [INFO] ImportTextPane:234 - (OptionalMessage_ERROR) IP (DMA) : Parameter (Mode) has Id (ADC1) currently not set
2025-08-23 11:52:07,681 [INFO] ImportTextPane:234 - (OptionalMessage_ERROR) IP (DMA) : Parameter (Priority) has Id (ADC1) currently not set
2025-08-23 11:52:07,682 [INFO] ImportTextPane:234 - (OptionalMessage_ERROR) IP (DMA) : Parameter (SignalID) has Id (ADC1) currently not set
2025-08-23 11:52:07,682 [INFO] ImportTextPane:234 - (OptionalMessage_ERROR) IP (DMA) : Parameter (Polarity) has Id (ADC1) currently not set
2025-08-23 11:52:07,682 [INFO] ImportTextPane:234 - (OptionalMessage_ERROR) IP (DMA) : Parameter (RequestNumber) has Id (ADC1) currently not set
2025-08-23 11:52:07,682 [INFO] ImportTextPane:234 - (OptionalMessage_ERROR) IP (DMA) : Parameter (SyncSignalID) has Id (ADC1) currently not set
2025-08-23 11:52:07,682 [INFO] ImportTextPane:234 - (OptionalMessage_ERROR) IP (DMA) : Parameter (SyncPolarity) has Id (ADC1) currently not set
2025-08-23 11:52:07,682 [INFO] ImportTextPane:234 - (OptionalMessage_ERROR) IP (DMA) : Parameter (SyncEnable) has Id (ADC1) currently not set
2025-08-23 11:52:07,682 [INFO] ImportTextPane:234 - (OptionalMessage_ERROR) IP (DMA) : Parameter (EventEnable) has Id (ADC1) currently not set
2025-08-23 11:52:07,682 [INFO] ImportTextPane:234 - (OptionalMessage_ERROR) IP (DMA) : Parameter (SyncRequestNumber) has Id (ADC1) currently not set
2025-08-23 11:52:07,883 [INFO] UtilMem:75 - End LoadConfig() Used Memory: 945724136 Bytes (1073741824)
2025-08-23 11:52:07,913 [WARN] ThirdParty:833 - waiting for thirdparty lock release [change project]
2025-08-23 11:52:07,913 [INFO] ThirdParty:835 - entering critical section [change project]
2025-08-23 11:52:07,913 [INFO] ThirdParty:1030 - CMSIS Pack Vendor :STMicroelectronics X-CUBE-PM33A1 1.0.0
2025-08-23 11:52:07,913 [INFO] ThirdParty:1030 - CMSIS Pack Vendor :STMicroelectronics USBPD 4.1
2025-08-23 11:52:07,913 [INFO] ThirdParty:1030 - CMSIS Pack Vendor :STMicroelectronics X-CUBE-AZRTOS-H7 3.3.0
2025-08-23 11:52:07,913 [INFO] ThirdParty:1030 - CMSIS Pack Vendor :STMicroelectronics X-CUBE-NFC9 1.0.0
2025-08-23 11:52:07,913 [INFO] ThirdParty:1030 - CMSIS Pack Vendor :STMicroelectronics USB_HOST 2.0.0
2025-08-23 11:52:07,913 [INFO] ThirdParty:1030 - CMSIS Pack Vendor :STMicroelectronics FP-SNS-MOTENVWB1 1.4.0
2025-08-23 11:52:07,913 [INFO] ThirdParty:1030 - CMSIS Pack Vendor :STMicroelectronics X-CUBE-AZRTOS-F4 1.1.0
2025-08-23 11:52:07,913 [INFO] ThirdParty:1030 - CMSIS Pack Vendor :STMicroelectronics LIBJPEG 8.0.0
2025-08-23 11:52:07,914 [INFO] ThirdParty:1030 - CMSIS Pack Vendor :STMicroelectronics FP-ATR-ASTRA1 2.0.2
2025-08-23 11:52:07,914 [INFO] ThirdParty:1030 - CMSIS Pack Vendor :STMicroelectronics X-CUBE-BLE1 7.1.0
2025-08-23 11:52:07,914 [INFO] ThirdParty:1030 - CMSIS Pack Vendor :Avnet-IotConnect X-CUBE-IoTC-DA16k-PMOD 1.0.0
2025-08-23 11:52:07,914 [INFO] ThirdParty:1030 - CMSIS Pack Vendor :STMicroelectronics X-CUBE-SMBUS 2.1.0
2025-08-23 11:52:07,914 [INFO] ThirdParty:1030 - CMSIS Pack Vendor :wolfSSL I-CUBE-wolfMQTT 1.19.2
2025-08-23 11:52:07,914 [INFO] ThirdParty:1030 - CMSIS Pack Vendor :STMicroelectronics USB_DEVICE 3.0.0
2025-08-23 11:52:07,914 [INFO] ThirdParty:1030 - CMSIS Pack Vendor :STMicroelectronics X-CUBE-ISPU 2.1.0
2025-08-23 11:52:07,914 [INFO] ThirdParty:1030 - CMSIS Pack Vendor :STMicroelectronics X-CUBE-EEPRMA1 5.2.0
2025-08-23 11:52:07,914 [INFO] ThirdParty:1030 - CMSIS Pack Vendor :STMicroelectronics X-CUBE-BLEMGR 4.1.0
2025-08-23 11:52:07,914 [INFO] ThirdParty:1030 - CMSIS Pack Vendor :STMicroelectronics X-CUBE-AZRTOS-WB 2.0.0
2025-08-23 11:52:07,914 [INFO] ThirdParty:1030 - CMSIS Pack Vendor :STMicroelectronics X-CUBE-ST60 1.0.0
2025-08-23 11:52:07,914 [INFO] ThirdParty:1030 - CMSIS Pack Vendor :STMicroelectronics X-CUBE-GNSS1 7.0.1
2025-08-23 11:52:07,914 [INFO] ThirdParty:1030 - CMSIS Pack Vendor :STMicroelectronics X-CUBE-NFC12 1.0.0
2025-08-23 11:52:07,914 [INFO] ThirdParty:1030 - CMSIS Pack Vendor :STMicroelectronics X-CUBE-AZRTOS-F7 1.1.0
2025-08-23 11:52:07,914 [INFO] ThirdParty:1030 - CMSIS Pack Vendor :STMicroelectronics X-CUBE-AZRTOS-L5 2.0.0
2025-08-23 11:52:07,914 [INFO] ThirdParty:1030 - CMSIS Pack Vendor :STMicroelectronics X-CUBE-TOUCHGFX 4.25.0
2025-08-23 11:52:07,914 [INFO] ThirdParty:1030 - CMSIS Pack Vendor :STMicroelectronics USB_DEVICE 2.0.0
2025-08-23 11:52:07,914 [INFO] ThirdParty:1030 - CMSIS Pack Vendor :STMicroelectronics X-CUBE-NFC6 3.1.0
2025-08-23 11:52:07,914 [INFO] ThirdParty:1030 - CMSIS Pack Vendor :STMicroelectronics X-CUBE-AI 10.1.0
2025-08-23 11:52:07,915 [INFO] ThirdParty:1030 - CMSIS Pack Vendor :STMicroelectronics FP-SNS-STBOX1 2.0.0
2025-08-23 11:52:07,915 [INFO] ThirdParty:1030 - CMSIS Pack Vendor :STMicroelectronics X-CUBE-MEMS1 11.2.0
2025-08-23 11:52:07,915 [INFO] ThirdParty:1030 - CMSIS Pack Vendor :STMicroelectronics FreeRTOS 0.0.1
2025-08-23 11:52:07,915 [INFO] ThirdParty:1030 - CMSIS Pack Vendor :STMicroelectronics X-CUBE-AZRTOS-G0 1.1.0
2025-08-23 11:52:07,915 [INFO] ThirdParty:1030 - CMSIS Pack Vendor :STMicroelectronics X-CUBE-SAFEA1 1.2.2
2025-08-23 11:52:07,915 [INFO] ThirdParty:1030 - CMSIS Pack Vendor :STMicroelectronics X-CUBE-NFC4 3.0.0
2025-08-23 11:52:07,915 [INFO] ThirdParty:1030 - CMSIS Pack Vendor :STMicroelectronics X-CUBE-SUBG2 5.0.0
2025-08-23 11:52:07,915 [INFO] ThirdParty:1030 - CMSIS Pack Vendor :STMicroelectronics X-CUBE-AZRTOS-H7RS 1.1.0
2025-08-23 11:52:07,915 [INFO] ThirdParty:1030 - CMSIS Pack Vendor :STMicroelectronics STM32_WPAN 1.0.0
2025-08-23 11:52:07,915 [INFO] ThirdParty:1030 - CMSIS Pack Vendor :EmbeddedOffice I-CUBE-FS-RTOS 1.0.1
2025-08-23 11:52:07,915 [INFO] ThirdParty:1030 - CMSIS Pack Vendor :STMicroelectronics lwIP 2.0.3
2025-08-23 11:52:07,915 [INFO] ThirdParty:1030 - CMSIS Pack Vendor :Cesanta I-CUBE-Mongoose 7.13.0
2025-08-23 11:52:07,915 [INFO] ThirdParty:1030 - CMSIS Pack Vendor :STMicroelectronics USB_HOST 1.0.0
2025-08-23 11:52:07,915 [INFO] ThirdParty:1030 - CMSIS Pack Vendor :Infineon AIROC-Wi-Fi-Bluetooth-STM32 1.7.0
2025-08-23 11:52:07,915 [INFO] ThirdParty:1030 - CMSIS Pack Vendor :STMicroelectronics X-CUBE-AZRTOS-G4 2.0.0
2025-08-23 11:52:07,915 [INFO] ThirdParty:1030 - CMSIS Pack Vendor :STMicroelectronics X-CUBE-WB05N 2.0.0
2025-08-23 11:52:07,915 [INFO] ThirdParty:1030 - CMSIS Pack Vendor :STMicroelectronics PDM2PCM 3.1.0
2025-08-23 11:52:07,915 [INFO] ThirdParty:1030 - CMSIS Pack Vendor :STMicroelectronics PDM2PCM 3.3.0
2025-08-23 11:52:07,916 [INFO] ThirdParty:1030 - CMSIS Pack Vendor :wolfSSL I-CUBE-wolfTPM 3.8.0
2025-08-23 11:52:07,916 [INFO] ThirdParty:1030 - CMSIS Pack Vendor :STMicroelectronics X-CUBE-AZRTOS-H7 3.4.0
2025-08-23 11:52:07,916 [INFO] ThirdParty:1030 - CMSIS Pack Vendor :STMicroelectronics X-CUBE-DISPLAY 3.0.0
2025-08-23 11:52:07,916 [INFO] ThirdParty:1030 - CMSIS Pack Vendor :wolfSSL I-CUBE-wolfSSH 1.4.20
2025-08-23 11:52:07,916 [INFO] ThirdParty:1030 - CMSIS Pack Vendor :STMicroelectronics X-CUBE-NFC7 2.0.0
2025-08-23 11:52:07,916 [INFO] ThirdParty:1030 - CMSIS Pack Vendor :STMicroelectronics X-CUBE-TCPP 4.2.0
2025-08-23 11:52:07,916 [INFO] ThirdParty:1030 - CMSIS Pack Vendor :RealThread X-CUBE-RT-Thread_Nano 4.1.1
2025-08-23 11:52:07,916 [INFO] ThirdParty:1030 - CMSIS Pack Vendor :STMicroelectronics FP-ATR-SIGFOX1 3.2.0
2025-08-23 11:52:07,916 [INFO] ThirdParty:1030 - CMSIS Pack Vendor :STMicroelectronics X-CUBE-NFC10 1.0.0
2025-08-23 11:52:07,916 [INFO] ThirdParty:1030 - CMSIS Pack Vendor :STMicroelectronics X-CUBE-BLEMGR 4.0.0
2025-08-23 11:52:07,916 [INFO] ThirdParty:1030 - CMSIS Pack Vendor :STMicroelectronics X-CUBE-EEPRMA1 5.1.0
2025-08-23 11:52:07,916 [INFO] ThirdParty:1030 - CMSIS Pack Vendor :STMicroelectronics X-CUBE-FREERTOS 1.3.1
2025-08-23 11:52:07,916 [INFO] ThirdParty:1030 - CMSIS Pack Vendor :STMicroelectronics HAL Drivers 0.0.0
2025-08-23 11:52:07,916 [INFO] ThirdParty:1030 - CMSIS Pack Vendor :STMicroelectronics MBEDTLS 2.16.2
2025-08-23 11:52:07,916 [INFO] ThirdParty:1030 - CMSIS Pack Vendor :STMicroelectronics X-CUBE-IPS 3.1.0
2025-08-23 11:52:07,916 [INFO] ThirdParty:1030 - CMSIS Pack Vendor :STMicroelectronics X-CUBE-ALS 1.0.2
2025-08-23 11:52:07,916 [INFO] ThirdParty:1030 - CMSIS Pack Vendor :emotas I-CUBE-CANOPEN 1.3.0
2025-08-23 11:52:07,916 [INFO] ThirdParty:1030 - CMSIS Pack Vendor :STMicroelectronics X-CUBE-FREERTOS 1.3.0
2025-08-23 11:52:07,916 [INFO] ThirdParty:1030 - CMSIS Pack Vendor :STMicroelectronics X-CUBE-NFC7 1.0.1
2025-08-23 11:52:07,916 [INFO] ThirdParty:1030 - CMSIS Pack Vendor :STMicroelectronics MBEDTLS 2.14.1
2025-08-23 11:52:07,916 [INFO] ThirdParty:1030 - CMSIS Pack Vendor :wolfSSL I-CUBE-wolfSSL 5.7.6
2025-08-23 11:52:07,916 [INFO] ThirdParty:1030 - CMSIS Pack Vendor :ITTIA_DB I-CUBE-ITTIADB 8.9.0
2025-08-23 11:52:07,916 [INFO] ThirdParty:1030 - CMSIS Pack Vendor :portGmbH I-Cube-SoM-uGOAL 1.1.0
2025-08-23 11:52:07,916 [INFO] ThirdParty:1030 - CMSIS Pack Vendor :quantropi X-CUBE-qispace-sdk-base 2.0.0
2025-08-23 11:52:07,917 [INFO] ThirdParty:1030 - CMSIS Pack Vendor :STMicroelectronics X-CUBE-AI 10.0.0
2025-08-23 11:52:07,917 [INFO] ThirdParty:1030 - CMSIS Pack Vendor :STMicroelectronics X-CUBE-ST67W61 1.0.0
2025-08-23 11:52:07,917 [INFO] ThirdParty:1030 - CMSIS Pack Vendor :STMicroelectronics FP-SNS-STBOX1 2.1.0
2025-08-23 11:52:07,917 [INFO] ThirdParty:1030 - CMSIS Pack Vendor :STMicroelectronics X-CUBE-AI 10.2.0
2025-08-23 11:52:07,917 [INFO] ThirdParty:1030 - CMSIS Pack Vendor :STMicroelectronics FP-SNS-STAIOTCFT 1.0.0
2025-08-23 11:52:07,917 [INFO] ThirdParty:1030 - CMSIS Pack Vendor :STMicroelectronics ThreadX 1.0.0
2025-08-23 11:52:07,917 [INFO] ThirdParty:1030 - CMSIS Pack Vendor :STMicroelectronics FP-SNS-SMARTAG2 1.2.0
2025-08-23 11:52:07,917 [INFO] ThirdParty:1030 - CMSIS Pack Vendor :STMicroelectronics FP-SNS-FLIGHT1 5.1.0
2025-08-23 11:52:07,917 [INFO] ThirdParty:1030 - CMSIS Pack Vendor :STMicroelectronics X-CUBE-AZRTOS-WL 2.0.0
2025-08-23 11:52:07,917 [INFO] ThirdParty:1030 - CMSIS Pack Vendor :SEGGER I-CUBE-embOS 1.3.1
2025-08-23 11:52:07,917 [INFO] ThirdParty:1030 - CMSIS Pack Vendor :STMicroelectronics X-CUBE-ALGOBUILD 1.4.0
2025-08-23 11:52:07,917 [INFO] ThirdParty:1030 - CMSIS Pack Vendor :STMicroelectronics X-CUBE-DPower 1.3.0
2025-08-23 11:52:07,917 [INFO] ThirdParty:1030 - CMSIS Pack Vendor :STMicroelectronics X-CUBE-MEMS1 11.3.0
2025-08-23 11:52:07,917 [INFO] ThirdParty:1030 - CMSIS Pack Vendor :STMicroelectronics FP-SNS-MOTENV1 5.0.0
2025-08-23 11:52:07,917 [INFO] ThirdParty:1030 - CMSIS Pack Vendor :STMicroelectronics USB_DEVICE 1.0.0
2025-08-23 11:52:07,917 [INFO] ThirdParty:1030 - CMSIS Pack Vendor :STMicroelectronics X-CUBE-AZRTOS-L4 2.0.0
2025-08-23 11:52:07,917 [INFO] ThirdParty:1030 - CMSIS Pack Vendor :STMicroelectronics ThreadX 0.0.2
2025-08-23 11:52:07,917 [INFO] ThirdParty:1030 - CMSIS Pack Vendor :WES I-CUBE-Cesium 1.3.0
2025-08-23 11:52:07,918 [INFO] ThirdParty:1030 - CMSIS Pack Vendor :STMicroelectronics lwIP 2.1.2
2025-08-23 11:52:07,918 [INFO] ThirdParty:1030 - CMSIS Pack Vendor :STMicroelectronics X-CUBE-SFXS2LP1 4.0.0
2025-08-23 11:52:07,918 [INFO] ThirdParty:1030 - CMSIS Pack Vendor :STMicroelectronics X-CUBE-BLE2 3.3.0
2025-08-23 11:52:07,919 [INFO] ThirdParty:1030 - CMSIS Pack Vendor :STMicroelectronics X-CUBE-TOF1 3.4.3
2025-08-23 11:52:07,919 [INFO] ThirdParty:1030 - CMSIS Pack Vendor :STMicroelectronics PDM2PCM 3.2.0
2025-08-23 11:52:07,919 [INFO] ThirdParty:841 - exiting critical section [change project]
2025-08-23 11:52:08,057 [INFO] PinOutPanel:1589 - setPackage(No Configuration,No Configuration)
2025-08-23 11:52:08,058 [INFO] PinOutPanel:1589 - setPackage(STM32G030K6Tx,LQFP32)
2025-08-23 11:52:08,186 [INFO] UtilMem:75 - Before build in PCC Used Memory: 840943264 Bytes (1073741824)
2025-08-23 11:52:08,442 [INFO] UtilMem:75 - After build in PCC Used Memory: 910149280 Bytes (1073741824)
2025-08-23 11:52:08,462 [INFO] IPUIPlugin:80 - create IPUIPlugin
2025-08-23 11:52:08,462 [INFO] IPUIPlugin:80 - create IPUIPlugin
2025-08-23 11:52:08,462 [INFO] IPUIPlugin:80 - create IPUIPlugin
2025-08-23 11:52:08,462 [INFO] IPUIPlugin:80 - create IPUIPlugin
2025-08-23 11:52:08,462 [INFO] IPUIPlugin:80 - create IPUIPlugin
2025-08-23 11:52:08,462 [INFO] IPUIPlugin:80 - create IPUIPlugin
2025-08-23 11:52:08,462 [INFO] IPUIPlugin:80 - create IPUIPlugin
2025-08-23 11:52:08,462 [INFO] IPUIPlugin:80 - create IPUIPlugin
2025-08-23 11:52:08,463 [INFO] IPUIPlugin:80 - create IPUIPlugin
2025-08-23 11:52:08,463 [INFO] IPUIPlugin:80 - create IPUIPlugin
2025-08-23 11:52:08,463 [INFO] IPUIPlugin:80 - create IPUIPlugin
2025-08-23 11:52:08,463 [INFO] IPUIPlugin:80 - create IPUIPlugin
2025-08-23 11:52:08,463 [INFO] IPUIPlugin:80 - create IPUIPlugin
2025-08-23 11:52:08,463 [INFO] IPUIPlugin:80 - create IPUIPlugin
2025-08-23 11:52:08,463 [INFO] IPUIPlugin:80 - create IPUIPlugin
2025-08-23 11:52:08,463 [INFO] IPUIPlugin:80 - create IPUIPlugin
2025-08-23 11:52:08,464 [INFO] IPUIPlugin:80 - create IPUIPlugin
2025-08-23 11:52:08,464 [INFO] IPUIPlugin:80 - create IPUIPlugin
2025-08-23 11:52:08,464 [INFO] IPUIPlugin:80 - create IPUIPlugin
2025-08-23 11:52:08,464 [INFO] IPUIPlugin:80 - create IPUIPlugin
2025-08-23 11:52:08,464 [INFO] IPUIPlugin:80 - create IPUIPlugin
2025-08-23 11:52:08,464 [INFO] IPUIPlugin:80 - create IPUIPlugin
2025-08-23 11:52:08,464 [INFO] IPUIPlugin:80 - create IPUIPlugin
2025-08-23 11:52:08,464 [INFO] IPUIPlugin:80 - create IPUIPlugin
2025-08-23 11:52:08,465 [INFO] IPUIPlugin:80 - create IPUIPlugin
2025-08-23 11:52:08,510 [INFO] CADModel:165 - CPN selected for project levelSTM32G030K6T6
2025-08-23 11:52:08,510 [INFO] CADModel:114 - Register for checkConnection events
2025-08-23 11:52:08,562 [INFO] OpenFileManager:386 - Restore cursor
2025-08-23 11:52:09,179 [INFO] UtilMem:75 - End SaveConfig() Used Memory: 849443464 Bytes (1073741824)
2025-08-23 11:52:09,263 [INFO] UtilMem:75 - End SaveConfig() Used Memory: 861063256 Bytes (1073741824)
2025-08-23 11:52:09,472 [INFO] BlockDiagram:2775 - set Specific Code input for plugin: NVIC
2025-08-23 11:52:09,473 [INFO] BlockDiagram:2775 - set Specific Code input for plugin: DMA
2025-08-23 11:52:09,473 [INFO] BlockDiagram:2775 - set Specific Code input for plugin: SYS
2025-08-23 11:52:09,473 [INFO] BlockDiagram:2775 - set Specific Code input for plugin: GPIO
2025-08-23 11:52:09,473 [INFO] BlockDiagram:2775 - set Specific Code input for plugin: ADC
2025-08-23 11:52:09,473 [INFO] BlockDiagram:2775 - set Specific Code input for plugin: RCC
2025-08-23 11:52:09,475 [INFO] CodeGenerator:892 - code generatio: config db path: C:\ST\STM32CubeIDE_1.18.1\STM32CubeIDE\plugins\com.st.stm32cube.common.mx_6.15.0.202507011659\\db\
2025-08-23 11:52:09,487 [INFO] Argument:325 - Argument : hdmavalue: null
2025-08-23 11:52:09,487 [INFO] Argument:327 - 	 sub Args: 
2025-08-23 11:52:09,488 [INFO] Argument:325 - Argument : Instancevalue: DMA1_Channel1
2025-08-23 11:52:09,488 [INFO] Argument:335 - Argument : Instancevalue: DMA1_Channel1
2025-08-23 11:52:09,488 [INFO] Argument:325 - Argument : Initvalue: null
2025-08-23 11:52:09,488 [INFO] Argument:327 - 	 sub Args: 
2025-08-23 11:52:09,488 [INFO] Argument:325 - Argument : Requestvalue: DMA_REQUEST_ADC1
2025-08-23 11:52:09,488 [INFO] Argument:335 - Argument : Requestvalue: DMA_REQUEST_ADC1
2025-08-23 11:52:09,488 [INFO] Argument:325 - Argument : Directionvalue: DMA_PERIPH_TO_MEMORY
2025-08-23 11:52:09,488 [INFO] Argument:335 - Argument : Directionvalue: DMA_PERIPH_TO_MEMORY
2025-08-23 11:52:09,489 [INFO] Argument:325 - Argument : PeriphIncvalue: DMA_PINC_DISABLE
2025-08-23 11:52:09,489 [INFO] Argument:335 - Argument : PeriphIncvalue: DMA_PINC_DISABLE
2025-08-23 11:52:09,489 [INFO] Argument:325 - Argument : MemIncvalue: DMA_MINC_ENABLE
2025-08-23 11:52:09,489 [INFO] Argument:335 - Argument : MemIncvalue: DMA_MINC_ENABLE
2025-08-23 11:52:09,489 [INFO] Argument:325 - Argument : PeriphDataAlignmentvalue: DMA_PDATAALIGN_HALFWORD
2025-08-23 11:52:09,489 [INFO] Argument:335 - Argument : PeriphDataAlignmentvalue: DMA_PDATAALIGN_HALFWORD
2025-08-23 11:52:09,489 [INFO] Argument:325 - Argument : MemDataAlignmentvalue: DMA_MDATAALIGN_HALFWORD
2025-08-23 11:52:09,489 [INFO] Argument:335 - Argument : MemDataAlignmentvalue: DMA_MDATAALIGN_HALFWORD
2025-08-23 11:52:09,490 [INFO] Argument:325 - Argument : Modevalue: DMA_CIRCULAR
2025-08-23 11:52:09,490 [INFO] Argument:335 - Argument : Modevalue: DMA_CIRCULAR
2025-08-23 11:52:09,490 [INFO] Argument:325 - Argument : Priorityvalue: DMA_PRIORITY_LOW
2025-08-23 11:52:09,490 [INFO] Argument:335 - Argument : Priorityvalue: DMA_PRIORITY_LOW
2025-08-23 11:52:09,491 [INFO] Argument:325 - Argument : Lockvalue: null
2025-08-23 11:52:09,491 [INFO] Argument:335 - Argument : Lockvalue: null
2025-08-23 11:52:09,491 [INFO] Argument:325 - Argument : Statevalue: null
2025-08-23 11:52:09,491 [INFO] Argument:335 - Argument : Statevalue: null
2025-08-23 11:52:09,491 [INFO] Argument:325 - Argument : Parentvalue: null
2025-08-23 11:52:09,491 [INFO] Argument:335 - Argument : Parentvalue: null
2025-08-23 11:52:09,491 [INFO] Argument:325 - Argument : XferCpltCallbackvalue: null
2025-08-23 11:52:09,491 [INFO] Argument:335 - Argument : XferCpltCallbackvalue: null
2025-08-23 11:52:09,491 [INFO] Argument:325 - Argument : XferHalfCpltCallbackvalue: null
2025-08-23 11:52:09,491 [INFO] Argument:335 - Argument : XferHalfCpltCallbackvalue: null
2025-08-23 11:52:09,491 [INFO] Argument:325 - Argument : XferErrorCallbackvalue: null
2025-08-23 11:52:09,491 [INFO] Argument:335 - Argument : XferErrorCallbackvalue: null
2025-08-23 11:52:09,491 [INFO] Argument:325 - Argument : XferAbortCallbackvalue: null
2025-08-23 11:52:09,491 [INFO] Argument:335 - Argument : XferAbortCallbackvalue: null
2025-08-23 11:52:09,491 [INFO] Argument:325 - Argument : ErrorCodevalue: null
2025-08-23 11:52:09,491 [INFO] Argument:335 - Argument : ErrorCodevalue: null
2025-08-23 11:52:09,491 [INFO] Argument:325 - Argument : ChannelIndexvalue: null
2025-08-23 11:52:09,491 [INFO] Argument:335 - Argument : ChannelIndexvalue: null
2025-08-23 11:52:09,491 [INFO] Argument:325 - Argument : DMAmuxChannelvalue: null
2025-08-23 11:52:09,491 [INFO] Argument:335 - Argument : DMAmuxChannelvalue: null
2025-08-23 11:52:09,491 [INFO] Argument:325 - Argument : DMAmuxChannelStatusvalue: null
2025-08-23 11:52:09,491 [INFO] Argument:335 - Argument : DMAmuxChannelStatusvalue: null
2025-08-23 11:52:09,492 [INFO] Argument:325 - Argument : DMAmuxChannelStatusMaskvalue: null
2025-08-23 11:52:09,492 [INFO] Argument:335 - Argument : DMAmuxChannelStatusMaskvalue: null
2025-08-23 11:52:09,492 [INFO] Argument:325 - Argument : DMAmuxRequestGenvalue: null
2025-08-23 11:52:09,492 [INFO] Argument:335 - Argument : DMAmuxRequestGenvalue: null
2025-08-23 11:52:09,492 [INFO] Argument:325 - Argument : DMAmuxRequestGenStatusvalue: null
2025-08-23 11:52:09,492 [INFO] Argument:335 - Argument : DMAmuxRequestGenStatusvalue: null
2025-08-23 11:52:09,492 [INFO] Argument:325 - Argument : DMAmuxRequestGenStatusMaskvalue: null
2025-08-23 11:52:09,492 [INFO] Argument:335 - Argument : DMAmuxRequestGenStatusMaskvalue: null
2025-08-23 11:52:09,676 [INFO] CodeEngine:265 - oldGeneratedFile, C:\Users\singh\STM32CubeIDE\workspace_1.18.1\ADC_STM32G030\MXTmpFiles\license.tmp_save
2025-08-23 11:52:09,832 [INFO] CodeEngine:289 - Generated code: C:\Users\singh\STM32CubeIDE\workspace_1.18.1\ADC_STM32G030\MXTmpFiles\license.tmp
2025-08-23 11:52:09,895 [INFO] CodeEngine:265 - oldGeneratedFile, C:\Users\singh\STM32CubeIDE\workspace_1.18.1\ADC_STM32G030\MXTmpFiles\gpio.tmp_save
2025-08-23 11:52:10,026 [INFO] CodeEngine:289 - Generated code: C:\Users\singh\STM32CubeIDE\workspace_1.18.1\ADC_STM32G030\MXTmpFiles\gpio.tmp
2025-08-23 11:52:10,144 [INFO] CodeEngine:265 - oldGeneratedFile, C:\Users\singh\STM32CubeIDE\workspace_1.18.1\ADC_STM32G030\MXTmpFiles\dma.tmp_save
2025-08-23 11:52:10,241 [INFO] CodeEngine:289 - Generated code: C:\Users\singh\STM32CubeIDE\workspace_1.18.1\ADC_STM32G030\MXTmpFiles\dma.tmp
2025-08-23 11:52:10,250 [INFO] CodeEngine:265 - oldGeneratedFile, C:\Users\singh\STM32CubeIDE\workspace_1.18.1\ADC_STM32G030\MXTmpFiles\dma_GV.tmp_save
2025-08-23 11:52:10,381 [INFO] CodeEngine:289 - Generated code: C:\Users\singh\STM32CubeIDE\workspace_1.18.1\ADC_STM32G030\MXTmpFiles\dma_GV.tmp
2025-08-23 11:52:10,398 [INFO] CodeEngine:265 - oldGeneratedFile, C:\Users\singh\STM32CubeIDE\workspace_1.18.1\ADC_STM32G030\Core\Src\stm32g0xx_it.c_save
2025-08-23 11:52:10,557 [INFO] CodeEngine:289 - Generated code: C:\Users\singh\STM32CubeIDE\workspace_1.18.1\ADC_STM32G030\Core\Src\stm32g0xx_it.c
2025-08-23 11:52:10,571 [INFO] CodeEngine:265 - oldGeneratedFile, C:\Users\singh\STM32CubeIDE\workspace_1.18.1\ADC_STM32G030\Core\Inc\stm32g0xx_it.h_save
2025-08-23 11:52:10,690 [INFO] CodeEngine:289 - Generated code: C:\Users\singh\STM32CubeIDE\workspace_1.18.1\ADC_STM32G030\Core\Inc\stm32g0xx_it.h
2025-08-23 11:52:10,716 [INFO] CodeEngine:265 - oldGeneratedFile, C:\Users\singh\STM32CubeIDE\workspace_1.18.1\ADC_STM32G030\Core\Src\stm32g0xx_hal_msp.c_save
2025-08-23 11:52:10,878 [INFO] CodeEngine:289 - Generated code: C:\Users\singh\STM32CubeIDE\workspace_1.18.1\ADC_STM32G030\Core\Src\stm32g0xx_hal_msp.c
2025-08-23 11:52:10,885 [INFO] CodeEngine:265 - oldGeneratedFile, C:\Users\singh\STM32CubeIDE\workspace_1.18.1\ADC_STM32G030\MXTmpFiles\system.tmp_save
2025-08-23 11:52:10,964 [INFO] CodeEngine:289 - Generated code: C:\Users\singh\STM32CubeIDE\workspace_1.18.1\ADC_STM32G030\MXTmpFiles\system.tmp
2025-08-23 11:52:10,980 [INFO] CodeEngine:321 - oldGeneratedFile, C:\Users\singh\STM32CubeIDE\workspace_1.18.1\ADC_STM32G030\Core\Inc\stm32g0xx_hal_conf.h_save
2025-08-23 11:52:11,059 [INFO] CodeEngine:345 - Generated code: C:\Users\singh\STM32CubeIDE\workspace_1.18.1\ADC_STM32G030\Core\Inc\stm32g0xx_hal_conf.h
2025-08-23 11:52:11,088 [INFO] ApiDbMcu:532 - Load IP Config File for ADC1
2025-08-23 11:52:11,092 [INFO] ApiDbMcu:532 - Load IP Config File for RCC
2025-08-23 11:52:11,106 [INFO] CodeEngine:265 - oldGeneratedFile, C:\Users\singh\STM32CubeIDE\workspace_1.18.1\ADC_STM32G030\Core\Inc\main.h_save
2025-08-23 11:52:11,203 [INFO] CodeEngine:289 - Generated code: C:\Users\singh\STM32CubeIDE\workspace_1.18.1\ADC_STM32G030\Core\Inc\main.h
2025-08-23 11:52:11,211 [INFO] CodeEngine:265 - oldGeneratedFile, C:\Users\singh\STM32CubeIDE\workspace_1.18.1\ADC_STM32G030\Core\Src\main.c_save
2025-08-23 11:52:11,332 [INFO] CodeEngine:289 - Generated code: C:\Users\singh\STM32CubeIDE\workspace_1.18.1\ADC_STM32G030\Core\Src\main.c
2025-08-23 11:52:11,722 [INFO] ProjectBuilder:3606 - Time for Copy HAL[1] : 182mS.
2025-08-23 11:52:11,726 [INFO] ProjectBuilder:5216 - Project Generator version: 4.7.0-B52
2025-08-23 11:52:11,824 [INFO] ConfigFileManager:1595 - The Die is : DIE466
2025-08-23 11:52:11,827 [INFO] ApiDbMcu:532 - Load IP Config File for FATFS
2025-08-23 11:52:11,831 [INFO] ApiDbMcu:532 - Load IP Config File for FREERTOS
2025-08-23 11:52:13,408 [INFO] ProjectBuilder:5496 - Time for Generating toolchain IDE Files: 1681mS.
2025-08-23 11:52:13,409 [INFO] ProjectBuilder:3463 - Time for Copy CMSIS : 1mS.
2025-08-23 11:52:13,414 [INFO] ProjectBuilder:3463 - Time for Copy CMSIS : 0mS.
2025-08-23 11:52:14,144 [INFO] McuFinderGlobals:76 - Set McuFinderConnectedMode to true
2025-08-23 11:52:14,152 [INFO] ApiDb:448 - Save user favorites file C:\Users\singh/.stm32cubeide/favorites.mcus.txt: 0 item(s)
2025-08-23 11:52:14,153 [INFO] ApiDb:452 - User favorites MCUs=[]
2025-08-23 11:52:14,771 [ERROR] LogOutputStream:75 - [STDERR_REDIRECT] Exception in thread "AWT-EventQueue-0" java.awt.IllegalComponentStateException: Native resources unavailable
2025-08-23 11:52:14,775 [ERROR] LogOutputStream:75 - [STDERR_REDIRECT] 	at java.desktop/sun.awt.windows.WWindowPeer.getScreenImOn(Native Method)
2025-08-23 11:52:14,778 [ERROR] LogOutputStream:75 - [STDERR_REDIRECT] 	at java.desktop/sun.awt.windows.WWindowPeer.updateGC(WWindowPeer.java:566)
2025-08-23 11:52:14,781 [ERROR] LogOutputStream:75 - [STDERR_REDIRECT] 	at java.desktop/java.awt.event.InvocationEvent.dispatch(InvocationEvent.java:318)
2025-08-23 11:52:14,786 [ERROR] LogOutputStream:75 - [STDERR_REDIRECT] 	at java.desktop/java.awt.EventQueue.dispatchEventImpl(EventQueue.java:773)
2025-08-23 11:52:14,791 [ERROR] LogOutputStream:75 - [STDERR_REDIRECT] 	at java.desktop/java.awt.EventQueue$4.run(EventQueue.java:720)
2025-08-23 11:52:14,793 [ERROR] LogOutputStream:75 - [STDERR_REDIRECT] 	at java.desktop/java.awt.EventQueue$4.run(EventQueue.java:714)
2025-08-23 11:52:14,796 [ERROR] LogOutputStream:75 - [STDERR_REDIRECT] 	at java.base/java.security.AccessController.doPrivileged(AccessController.java:400)
2025-08-23 11:52:14,803 [ERROR] LogOutputStream:75 - [STDERR_REDIRECT] 	at java.base/java.security.ProtectionDomain$JavaSecurityAccessImpl.doIntersectionPrivilege(ProtectionDomain.java:87)
2025-08-23 11:52:14,808 [ERROR] LogOutputStream:75 - [STDERR_REDIRECT] 	at java.base/java.security.ProtectionDomain$JavaSecurityAccessImpl.doIntersectionPrivilege(ProtectionDomain.java:98)
2025-08-23 11:52:14,811 [ERROR] LogOutputStream:75 - [STDERR_REDIRECT] 	at java.desktop/java.awt.EventQueue$5.run(EventQueue.java:747)
2025-08-23 11:52:14,814 [ERROR] LogOutputStream:75 - [STDERR_REDIRECT] 	at java.desktop/java.awt.EventQueue$5.run(EventQueue.java:745)
2025-08-23 11:52:14,817 [ERROR] LogOutputStream:75 - [STDERR_REDIRECT] 	at java.base/java.security.AccessController.doPrivileged(AccessController.java:400)
2025-08-23 11:52:14,821 [ERROR] LogOutputStream:75 - [STDERR_REDIRECT] 	at java.base/java.security.ProtectionDomain$JavaSecurityAccessImpl.doIntersectionPrivilege(ProtectionDomain.java:87)
2025-08-23 11:52:14,823 [ERROR] LogOutputStream:75 - [STDERR_REDIRECT] 	at java.desktop/java.awt.EventQueue.dispatchEvent(EventQueue.java:744)
2025-08-23 11:52:14,826 [ERROR] LogOutputStream:75 - [STDERR_REDIRECT] 	at java.desktop/java.awt.EventDispatchThread.pumpOneEventForFilters(EventDispatchThread.java:203)
2025-08-23 11:52:14,831 [ERROR] LogOutputStream:75 - [STDERR_REDIRECT] 	at java.desktop/java.awt.EventDispatchThread.pumpEventsForFilter(EventDispatchThread.java:124)
2025-08-23 11:52:14,836 [ERROR] LogOutputStream:75 - [STDERR_REDIRECT] 	at java.desktop/java.awt.EventDispatchThread.pumpEventsForHierarchy(EventDispatchThread.java:113)
2025-08-23 11:52:14,841 [ERROR] LogOutputStream:75 - [STDERR_REDIRECT] 	at java.desktop/java.awt.EventDispatchThread.pumpEvents(EventDispatchThread.java:109)
2025-08-23 11:52:14,843 [ERROR] LogOutputStream:75 - [STDERR_REDIRECT] 	at java.desktop/java.awt.EventDispatchThread.pumpEvents(EventDispatchThread.java:101)
2025-08-23 11:52:14,848 [ERROR] LogOutputStream:75 - [STDERR_REDIRECT] 	at java.desktop/java.awt.EventDispatchThread.run(EventDispatchThread.java:90)
2025-08-23 11:52:58,783 [INFO] ADCParametersView:116 -                Rank 1 : false
2025-08-23 11:52:58,783 [INFO] ADCParametersView:116 -                Rank 1 : false
2025-08-23 11:52:58,783 [INFO] ADCParametersView:116 -                Rank 2 : false
2025-08-23 11:52:58,784 [INFO] ADCParametersView:116 -                Rank 1 : false
2025-08-23 11:52:58,784 [INFO] ADCParametersView:116 -                Rank 2 : false
2025-08-23 11:52:58,784 [INFO] ADCParametersView:116 -                Rank 3 : false
2025-08-23 11:52:58,968 [INFO] ADCParametersView:116 -                Rank 1 : false
2025-08-23 11:52:58,968 [INFO] ADCParametersView:116 -                Rank 2 : false
2025-08-23 11:52:58,968 [INFO] ADCParametersView:116 -                Rank 3 : false
2025-08-23 11:52:58,968 [INFO] ADCParametersView:116 -                Rank 1 : false
2025-08-23 11:52:58,968 [INFO] ADCParametersView:116 -                Rank 2 : false
2025-08-23 11:52:58,968 [INFO] ADCParametersView:116 -                Rank 3 : false
2025-08-23 11:52:58,968 [INFO] ADCParametersView:116 -                Rank 1 : false
2025-08-23 11:52:58,968 [INFO] ADCParametersView:116 -                Rank 2 : false
2025-08-23 11:52:58,968 [INFO] ADCParametersView:116 -                Rank 3 : false
2025-08-23 11:52:58,969 [INFO] ADCParametersView:116 -                Rank 1 : false
2025-08-23 11:52:58,969 [INFO] ADCParametersView:116 -                Rank 2 : false
2025-08-23 11:52:58,969 [INFO] ADCParametersView:116 -                Rank 3 : false
2025-08-23 11:52:58,969 [INFO] ADCParametersView:116 -                Rank 1 : false
2025-08-23 11:52:58,969 [INFO] ADCParametersView:116 -                Rank 2 : false
2025-08-23 11:52:58,969 [INFO] ADCParametersView:116 -                Rank 3 : false
2025-08-23 11:52:58,969 [INFO] ADCParametersView:116 -                Rank 1 : false
2025-08-23 11:52:58,969 [INFO] ADCParametersView:116 -                Rank 2 : false
2025-08-23 11:52:58,969 [INFO] ADCParametersView:116 -                Rank 3 : false
2025-08-23 11:52:58,969 [INFO] ADCParametersView:116 -                Rank 1 : false
2025-08-23 11:52:58,969 [INFO] ADCParametersView:116 -                Rank 2 : false
2025-08-23 11:52:58,969 [INFO] ADCParametersView:116 -                Rank 3 : false
2025-08-23 11:52:58,970 [INFO] ADCParametersView:116 -                Rank 1 : false
2025-08-23 11:52:58,970 [INFO] ADCParametersView:116 -                Rank 2 : false
2025-08-23 11:52:58,970 [INFO] ADCParametersView:116 -                Rank 3 : false
2025-08-23 11:52:58,970 [INFO] ADCParametersView:116 -                Rank 1 : false
2025-08-23 11:52:58,970 [INFO] ADCParametersView:116 -                Rank 2 : false
2025-08-23 11:52:58,970 [INFO] ADCParametersView:116 -                Rank 3 : false
2025-08-23 11:52:58,970 [INFO] ADCParametersView:116 -                Rank 1 : false
2025-08-23 11:52:58,970 [INFO] ADCParametersView:116 -                Rank 2 : false
2025-08-23 11:52:58,970 [INFO] ADCParametersView:116 -                Rank 3 : false
2025-08-23 11:52:58,971 [INFO] ADCParametersView:116 -                Rank 1 : false
2025-08-23 11:52:58,971 [INFO] ADCParametersView:116 -                Rank 2 : false
2025-08-23 11:52:58,971 [INFO] ADCParametersView:116 -                Rank 3 : false
2025-08-23 11:52:58,971 [INFO] ADCParametersView:116 -                Rank 1 : false
2025-08-23 11:52:58,972 [INFO] ADCParametersView:116 -                Rank 2 : false
2025-08-23 11:52:58,972 [INFO] ADCParametersView:116 -                Rank 3 : false
2025-08-23 11:52:58,972 [INFO] ADCParametersView:116 -                Rank 1 : false
2025-08-23 11:52:58,972 [INFO] ADCParametersView:116 -                Rank 2 : false
2025-08-23 11:52:58,972 [INFO] ADCParametersView:116 -                Rank 3 : false
2025-08-23 11:52:58,972 [INFO] ADCParametersView:116 -                Rank 1 : false
2025-08-23 11:52:58,972 [INFO] ADCParametersView:116 -                Rank 2 : false
2025-08-23 11:52:58,972 [INFO] ADCParametersView:116 -                Rank 3 : false
2025-08-23 11:52:58,973 [INFO] ADCParametersView:116 -                Rank 1 : false
2025-08-23 11:52:58,973 [INFO] ADCParametersView:116 -                Rank 2 : false
2025-08-23 11:52:58,973 [INFO] ADCParametersView:116 -                Rank 3 : false
2025-08-23 11:52:58,973 [INFO] ADCParametersView:116 -                Rank 1 : false
2025-08-23 11:52:58,973 [INFO] ADCParametersView:116 -                Rank 2 : false
2025-08-23 11:52:58,973 [INFO] ADCParametersView:116 -                Rank 3 : false
2025-08-23 11:52:58,973 [INFO] ADCParametersView:116 -                Rank 1 : false
2025-08-23 11:52:58,973 [INFO] ADCParametersView:116 -                Rank 2 : false
2025-08-23 11:52:58,973 [INFO] ADCParametersView:116 -                Rank 3 : false
2025-08-23 11:52:58,973 [INFO] ADCParametersView:116 -                Rank 1 : false
2025-08-23 11:52:58,973 [INFO] ADCParametersView:116 -                Rank 2 : false
2025-08-23 11:52:58,973 [INFO] ADCParametersView:116 -                Rank 3 : false
2025-08-23 11:52:58,973 [INFO] ADCParametersView:116 -                Rank 1 : false
2025-08-23 11:52:58,973 [INFO] ADCParametersView:116 -                Rank 2 : false
2025-08-23 11:52:58,973 [INFO] ADCParametersView:116 -                Rank 3 : false
2025-08-23 11:52:58,974 [INFO] ADCParametersView:116 -                Rank 1 : false
2025-08-23 11:52:58,974 [INFO] ADCParametersView:116 -                Rank 2 : false
2025-08-23 11:52:58,974 [INFO] ADCParametersView:116 -                Rank 3 : false
2025-08-23 11:52:58,974 [INFO] ADCParametersView:116 -                Rank 1 : false
2025-08-23 11:52:58,974 [INFO] ADCParametersView:116 -                Rank 2 : false
2025-08-23 11:52:58,974 [INFO] ADCParametersView:116 -                Rank 3 : false
2025-08-23 11:52:58,974 [INFO] ADCParametersView:116 -                Rank 1 : false
2025-08-23 11:52:58,974 [INFO] ADCParametersView:116 -                Rank 2 : false
2025-08-23 11:52:58,974 [INFO] ADCParametersView:116 -                Rank 3 : false
2025-08-23 11:52:58,974 [INFO] ADCParametersView:116 -                Rank 1 : false
2025-08-23 11:52:58,974 [INFO] ADCParametersView:116 -                Rank 2 : false
2025-08-23 11:52:58,974 [INFO] ADCParametersView:116 -                Rank 3 : false
2025-08-23 11:52:58,974 [INFO] ADCParametersView:116 -                Rank 1 : false
2025-08-23 11:52:58,974 [INFO] ADCParametersView:116 -                Rank 2 : false
2025-08-23 11:52:58,974 [INFO] ADCParametersView:116 -                Rank 3 : false
2025-08-23 11:52:58,974 [INFO] ADCParametersView:116 -                Rank 1 : false
2025-08-23 11:52:58,974 [INFO] ADCParametersView:116 -                Rank 2 : false
2025-08-23 11:52:58,974 [INFO] ADCParametersView:116 -                Rank 3 : false
2025-08-23 11:52:58,974 [INFO] ADCParametersView:116 -                Rank 2 : false
2025-08-23 11:52:58,974 [INFO] ADCParametersView:116 -                Rank 3 : false
2025-08-23 11:52:58,974 [INFO] ADCParametersView:116 -                Rank 3 : false
2025-08-23 11:52:59,001 [INFO] ADCParametersView:116 -                Rank 1 : false
2025-08-23 11:52:59,002 [INFO] ADCParametersView:116 -                Rank 1 : false
2025-08-23 11:52:59,002 [INFO] ADCParametersView:116 -                Rank 2 : false
2025-08-23 11:52:59,002 [INFO] ADCParametersView:116 -                Rank 1 : false
2025-08-23 11:52:59,003 [INFO] ADCParametersView:116 -                Rank 2 : false
2025-08-23 11:52:59,003 [INFO] ADCParametersView:116 -                Rank 3 : false
2025-08-23 11:52:59,050 [INFO] ADCParametersView:116 -                Rank 1 : false
2025-08-23 11:52:59,050 [INFO] ADCParametersView:116 -                Rank 2 : false
2025-08-23 11:52:59,050 [INFO] ADCParametersView:116 -                Rank 3 : false
2025-08-23 11:52:59,050 [INFO] ADCParametersView:116 -                Rank 1 : false
2025-08-23 11:52:59,050 [INFO] ADCParametersView:116 -                Rank 2 : false
2025-08-23 11:52:59,051 [INFO] ADCParametersView:116 -                Rank 3 : false
2025-08-23 11:52:59,051 [INFO] ADCParametersView:116 -                Rank 1 : false
2025-08-23 11:52:59,051 [INFO] ADCParametersView:116 -                Rank 2 : false
2025-08-23 11:52:59,051 [INFO] ADCParametersView:116 -                Rank 3 : false
2025-08-23 11:52:59,051 [INFO] ADCParametersView:116 -                Rank 1 : false
2025-08-23 11:52:59,051 [INFO] ADCParametersView:116 -                Rank 2 : false
2025-08-23 11:52:59,051 [INFO] ADCParametersView:116 -                Rank 3 : false
2025-08-23 11:52:59,051 [INFO] ADCParametersView:116 -                Rank 1 : false
2025-08-23 11:52:59,051 [INFO] ADCParametersView:116 -                Rank 2 : false
2025-08-23 11:52:59,051 [INFO] ADCParametersView:116 -                Rank 3 : false
2025-08-23 11:52:59,051 [INFO] ADCParametersView:116 -                Rank 1 : false
2025-08-23 11:52:59,051 [INFO] ADCParametersView:116 -                Rank 2 : false
2025-08-23 11:52:59,051 [INFO] ADCParametersView:116 -                Rank 3 : false
2025-08-23 11:52:59,052 [INFO] ADCParametersView:116 -                Rank 1 : false
2025-08-23 11:52:59,052 [INFO] ADCParametersView:116 -                Rank 2 : false
2025-08-23 11:52:59,052 [INFO] ADCParametersView:116 -                Rank 3 : false
2025-08-23 11:52:59,052 [INFO] ADCParametersView:116 -                Rank 1 : false
2025-08-23 11:52:59,052 [INFO] ADCParametersView:116 -                Rank 2 : false
2025-08-23 11:52:59,052 [INFO] ADCParametersView:116 -                Rank 3 : false
2025-08-23 11:52:59,052 [INFO] ADCParametersView:116 -                Rank 1 : false
2025-08-23 11:52:59,052 [INFO] ADCParametersView:116 -                Rank 2 : false
2025-08-23 11:52:59,052 [INFO] ADCParametersView:116 -                Rank 3 : false
2025-08-23 11:52:59,052 [INFO] ADCParametersView:116 -                Rank 1 : false
2025-08-23 11:52:59,052 [INFO] ADCParametersView:116 -                Rank 2 : false
2025-08-23 11:52:59,054 [INFO] ADCParametersView:116 -                Rank 3 : false
2025-08-23 11:52:59,054 [INFO] ADCParametersView:116 -                Rank 1 : false
2025-08-23 11:52:59,054 [INFO] ADCParametersView:116 -                Rank 2 : false
2025-08-23 11:52:59,054 [INFO] ADCParametersView:116 -                Rank 3 : false
2025-08-23 11:52:59,054 [INFO] ADCParametersView:116 -                Rank 1 : false
2025-08-23 11:52:59,055 [INFO] ADCParametersView:116 -                Rank 2 : false
2025-08-23 11:52:59,055 [INFO] ADCParametersView:116 -                Rank 3 : false
2025-08-23 11:52:59,056 [INFO] ADCParametersView:116 -                Rank 1 : false
2025-08-23 11:52:59,056 [INFO] ADCParametersView:116 -                Rank 2 : false
2025-08-23 11:52:59,056 [INFO] ADCParametersView:116 -                Rank 3 : false
2025-08-23 11:52:59,056 [INFO] ADCParametersView:116 -                Rank 1 : false
2025-08-23 11:52:59,056 [INFO] ADCParametersView:116 -                Rank 2 : false
2025-08-23 11:52:59,056 [INFO] ADCParametersView:116 -                Rank 3 : false
2025-08-23 11:52:59,056 [INFO] ADCParametersView:116 -                Rank 1 : false
2025-08-23 11:52:59,056 [INFO] ADCParametersView:116 -                Rank 2 : false
2025-08-23 11:52:59,056 [INFO] ADCParametersView:116 -                Rank 3 : false
2025-08-23 11:52:59,056 [INFO] ADCParametersView:116 -                Rank 1 : false
2025-08-23 11:52:59,056 [INFO] ADCParametersView:116 -                Rank 2 : false
2025-08-23 11:52:59,056 [INFO] ADCParametersView:116 -                Rank 3 : false
2025-08-23 11:52:59,056 [INFO] ADCParametersView:116 -                Rank 1 : false
2025-08-23 11:52:59,056 [INFO] ADCParametersView:116 -                Rank 2 : false
2025-08-23 11:52:59,057 [INFO] ADCParametersView:116 -                Rank 3 : false
2025-08-23 11:52:59,057 [INFO] ADCParametersView:116 -                Rank 1 : false
2025-08-23 11:52:59,057 [INFO] ADCParametersView:116 -                Rank 2 : false
2025-08-23 11:52:59,057 [INFO] ADCParametersView:116 -                Rank 3 : false
2025-08-23 11:52:59,057 [INFO] ADCParametersView:116 -                Rank 1 : false
2025-08-23 11:52:59,057 [INFO] ADCParametersView:116 -                Rank 2 : false
2025-08-23 11:52:59,057 [INFO] ADCParametersView:116 -                Rank 3 : false
2025-08-23 11:52:59,057 [INFO] ADCParametersView:116 -                Rank 1 : false
2025-08-23 11:52:59,057 [INFO] ADCParametersView:116 -                Rank 2 : false
2025-08-23 11:52:59,057 [INFO] ADCParametersView:116 -                Rank 3 : false
2025-08-23 11:52:59,057 [INFO] ADCParametersView:116 -                Rank 1 : false
2025-08-23 11:52:59,057 [INFO] ADCParametersView:116 -                Rank 2 : false
2025-08-23 11:52:59,057 [INFO] ADCParametersView:116 -                Rank 3 : false
2025-08-23 11:52:59,057 [INFO] ADCParametersView:116 -                Rank 1 : false
2025-08-23 11:52:59,058 [INFO] ADCParametersView:116 -                Rank 2 : false
2025-08-23 11:52:59,058 [INFO] ADCParametersView:116 -                Rank 3 : false
2025-08-23 11:52:59,058 [INFO] ADCParametersView:116 -                Rank 1 : false
2025-08-23 11:52:59,058 [INFO] ADCParametersView:116 -                Rank 2 : false
2025-08-23 11:52:59,058 [INFO] ADCParametersView:116 -                Rank 3 : false
2025-08-23 11:52:59,058 [INFO] ADCParametersView:116 -                Rank 1 : false
2025-08-23 11:52:59,058 [INFO] ADCParametersView:116 -                Rank 2 : false
2025-08-23 11:52:59,058 [INFO] ADCParametersView:116 -                Rank 3 : false
2025-08-23 11:52:59,058 [INFO] ADCParametersView:116 -                Rank 1 : false
2025-08-23 11:52:59,058 [INFO] ADCParametersView:116 -                Rank 2 : false
2025-08-23 11:52:59,058 [INFO] ADCParametersView:116 -                Rank 3 : false
2025-08-23 11:52:59,058 [INFO] ADCParametersView:116 -                Rank 2 : false
2025-08-23 11:52:59,058 [INFO] ADCParametersView:116 -                Rank 3 : false
2025-08-23 11:52:59,058 [INFO] ADCParametersView:116 -                Rank 3 : false
2025-08-23 11:52:59,083 [INFO] ADCParametersView:116 -                Rank 1 : false
2025-08-23 11:52:59,084 [INFO] ADCParametersView:116 -                Rank 1 : false
2025-08-23 11:52:59,084 [INFO] ADCParametersView:116 -                Rank 2 : false
2025-08-23 11:52:59,084 [INFO] ADCParametersView:116 -                Rank 1 : false
2025-08-23 11:52:59,084 [INFO] ADCParametersView:116 -                Rank 2 : false
2025-08-23 11:52:59,084 [INFO] ADCParametersView:116 -                Rank 3 : false
2025-08-23 11:52:59,197 [INFO] NvicIntPanel:101 - NVIC parent = com.st.microxplorer.plugins.ip.nvic.MultiNvicIntPanel[,0,0,0x0,invalid,layout=javax.swing.BoxLayout,alignmentX=0.0,alignmentY=0.0,border=,flags=9,maximumSize=,minimumSize=,preferredSize=]
2025-08-23 11:52:59,330 [INFO] NvicIntPanel:101 - NVIC parent = com.st.microxplorer.plugins.ip.nvic.MultiNvicIntPanel[,0,0,0x0,invalid,layout=javax.swing.BoxLayout,alignmentX=0.0,alignmentY=0.0,border=,flags=9,maximumSize=,minimumSize=,preferredSize=]
2025-08-23 11:52:59,367 [INFO] ADCParametersView:116 -                Rank 1 : false
2025-08-23 11:52:59,367 [INFO] ADCParametersView:116 -                Rank 2 : false
2025-08-23 11:52:59,367 [INFO] ADCParametersView:116 -                Rank 3 : false
2025-08-23 11:52:59,367 [INFO] ADCParametersView:116 -                Rank 1 : false
2025-08-23 11:52:59,367 [INFO] ADCParametersView:116 -                Rank 2 : false
2025-08-23 11:52:59,367 [INFO] ADCParametersView:116 -                Rank 3 : false
2025-08-23 11:52:59,367 [INFO] ADCParametersView:116 -                Rank 1 : false
2025-08-23 11:52:59,367 [INFO] ADCParametersView:116 -                Rank 2 : false
2025-08-23 11:52:59,367 [INFO] ADCParametersView:116 -                Rank 3 : false
2025-08-23 11:52:59,367 [INFO] ADCParametersView:116 -                Rank 1 : false
2025-08-23 11:52:59,368 [INFO] ADCParametersView:116 -                Rank 2 : false
2025-08-23 11:52:59,368 [INFO] ADCParametersView:116 -                Rank 3 : false
2025-08-23 11:52:59,368 [INFO] ADCParametersView:116 -                Rank 1 : false
2025-08-23 11:52:59,368 [INFO] ADCParametersView:116 -                Rank 2 : false
2025-08-23 11:52:59,368 [INFO] ADCParametersView:116 -                Rank 3 : false
2025-08-23 11:52:59,368 [INFO] ADCParametersView:116 -                Rank 1 : false
2025-08-23 11:52:59,368 [INFO] ADCParametersView:116 -                Rank 2 : false
2025-08-23 11:52:59,368 [INFO] ADCParametersView:116 -                Rank 3 : false
2025-08-23 11:52:59,368 [INFO] ADCParametersView:116 -                Rank 1 : false
2025-08-23 11:52:59,368 [INFO] ADCParametersView:116 -                Rank 2 : false
2025-08-23 11:52:59,368 [INFO] ADCParametersView:116 -                Rank 3 : false
2025-08-23 11:52:59,368 [INFO] ADCParametersView:116 -                Rank 1 : false
2025-08-23 11:52:59,368 [INFO] ADCParametersView:116 -                Rank 2 : false
2025-08-23 11:52:59,368 [INFO] ADCParametersView:116 -                Rank 3 : false
2025-08-23 11:52:59,368 [INFO] ADCParametersView:116 -                Rank 1 : false
2025-08-23 11:52:59,368 [INFO] ADCParametersView:116 -                Rank 2 : false
2025-08-23 11:52:59,368 [INFO] ADCParametersView:116 -                Rank 3 : false
2025-08-23 11:52:59,369 [INFO] ADCParametersView:116 -                Rank 1 : false
2025-08-23 11:52:59,369 [INFO] ADCParametersView:116 -                Rank 2 : false
2025-08-23 11:52:59,369 [INFO] ADCParametersView:116 -                Rank 3 : false
2025-08-23 11:52:59,369 [INFO] ADCParametersView:116 -                Rank 1 : false
2025-08-23 11:52:59,369 [INFO] ADCParametersView:116 -                Rank 2 : false
2025-08-23 11:52:59,369 [INFO] ADCParametersView:116 -                Rank 3 : false
2025-08-23 11:52:59,369 [INFO] ADCParametersView:116 -                Rank 1 : false
2025-08-23 11:52:59,369 [INFO] ADCParametersView:116 -                Rank 2 : false
2025-08-23 11:52:59,369 [INFO] ADCParametersView:116 -                Rank 3 : false
2025-08-23 11:52:59,369 [INFO] ADCParametersView:116 -                Rank 1 : false
2025-08-23 11:52:59,369 [INFO] ADCParametersView:116 -                Rank 2 : false
2025-08-23 11:52:59,369 [INFO] ADCParametersView:116 -                Rank 3 : false
2025-08-23 11:52:59,369 [INFO] ADCParametersView:116 -                Rank 1 : false
2025-08-23 11:52:59,369 [INFO] ADCParametersView:116 -                Rank 2 : false
2025-08-23 11:52:59,369 [INFO] ADCParametersView:116 -                Rank 3 : false
2025-08-23 11:52:59,369 [INFO] ADCParametersView:116 -                Rank 1 : false
2025-08-23 11:52:59,369 [INFO] ADCParametersView:116 -                Rank 2 : false
2025-08-23 11:52:59,369 [INFO] ADCParametersView:116 -                Rank 3 : false
2025-08-23 11:52:59,370 [INFO] ADCParametersView:116 -                Rank 1 : false
2025-08-23 11:52:59,370 [INFO] ADCParametersView:116 -                Rank 2 : false
2025-08-23 11:52:59,370 [INFO] ADCParametersView:116 -                Rank 3 : false
2025-08-23 11:52:59,370 [INFO] ADCParametersView:116 -                Rank 1 : false
2025-08-23 11:52:59,370 [INFO] ADCParametersView:116 -                Rank 2 : false
2025-08-23 11:52:59,370 [INFO] ADCParametersView:116 -                Rank 3 : false
2025-08-23 11:52:59,370 [INFO] ADCParametersView:116 -                Rank 1 : false
2025-08-23 11:52:59,370 [INFO] ADCParametersView:116 -                Rank 2 : false
2025-08-23 11:52:59,370 [INFO] ADCParametersView:116 -                Rank 3 : false
2025-08-23 11:52:59,371 [INFO] ADCParametersView:116 -                Rank 1 : false
2025-08-23 11:52:59,371 [INFO] ADCParametersView:116 -                Rank 2 : false
2025-08-23 11:52:59,371 [INFO] ADCParametersView:116 -                Rank 3 : false
2025-08-23 11:52:59,371 [INFO] ADCParametersView:116 -                Rank 1 : false
2025-08-23 11:52:59,373 [INFO] ADCParametersView:116 -                Rank 2 : false
2025-08-23 11:52:59,373 [INFO] ADCParametersView:116 -                Rank 3 : false
2025-08-23 11:52:59,373 [INFO] ADCParametersView:116 -                Rank 1 : false
2025-08-23 11:52:59,373 [INFO] ADCParametersView:116 -                Rank 2 : false
2025-08-23 11:52:59,373 [INFO] ADCParametersView:116 -                Rank 3 : false
2025-08-23 11:52:59,373 [INFO] ADCParametersView:116 -                Rank 1 : false
2025-08-23 11:52:59,373 [INFO] ADCParametersView:116 -                Rank 2 : false
2025-08-23 11:52:59,373 [INFO] ADCParametersView:116 -                Rank 3 : false
2025-08-23 11:52:59,373 [INFO] ADCParametersView:116 -                Rank 1 : false
2025-08-23 11:52:59,373 [INFO] ADCParametersView:116 -                Rank 2 : false
2025-08-23 11:52:59,373 [INFO] ADCParametersView:116 -                Rank 3 : false
2025-08-23 11:52:59,373 [INFO] ADCParametersView:116 -                Rank 1 : false
2025-08-23 11:52:59,373 [INFO] ADCParametersView:116 -                Rank 2 : false
2025-08-23 11:52:59,373 [INFO] ADCParametersView:116 -                Rank 3 : false
2025-08-23 11:52:59,373 [INFO] ADCParametersView:116 -                Rank 1 : false
2025-08-23 11:52:59,373 [INFO] ADCParametersView:116 -                Rank 2 : false
2025-08-23 11:52:59,374 [INFO] ADCParametersView:116 -                Rank 3 : false
2025-08-23 11:52:59,374 [INFO] ADCParametersView:116 -                Rank 2 : false
2025-08-23 11:52:59,374 [INFO] ADCParametersView:116 -                Rank 3 : false
2025-08-23 11:52:59,374 [INFO] ADCParametersView:116 -                Rank 3 : false
2025-08-23 11:52:59,452 [INFO] NvicIntPanel:101 - NVIC parent = com.st.microxplorer.plugins.ip.nvic.MultiNvicIntPanel[,0,0,0x0,invalid,layout=javax.swing.BoxLayout,alignmentX=0.0,alignmentY=0.0,border=,flags=9,maximumSize=,minimumSize=,preferredSize=]
2025-08-23 11:52:59,580 [INFO] NvicIntPanel:101 - NVIC parent = com.st.microxplorer.plugins.ip.nvic.MultiNvicIntPanel[,0,0,0x0,invalid,layout=javax.swing.BoxLayout,alignmentX=0.0,alignmentY=0.0,border=,flags=9,maximumSize=,minimumSize=,preferredSize=]
2025-08-23 11:52:59,697 [INFO] NvicIntPanel:101 - NVIC parent = com.st.microxplorer.plugins.ip.nvic.MultiNvicIntPanel[,0,0,0x0,invalid,layout=javax.swing.BoxLayout,alignmentX=0.0,alignmentY=0.0,border=,flags=9,maximumSize=,minimumSize=,preferredSize=]
2025-08-23 11:52:59,742 [INFO] ADCParametersView:116 -                Rank 1 : false
2025-08-23 11:52:59,742 [INFO] ADCParametersView:116 -                Rank 1 : false
2025-08-23 11:52:59,742 [INFO] ADCParametersView:116 -                Rank 2 : false
2025-08-23 11:52:59,742 [INFO] ADCParametersView:116 -                Rank 1 : false
2025-08-23 11:52:59,742 [INFO] ADCParametersView:116 -                Rank 2 : false
2025-08-23 11:52:59,742 [INFO] ADCParametersView:116 -                Rank 3 : false
2025-08-23 11:53:04,749 [INFO] ADCParametersView:116 -                Rank 1 : false
2025-08-23 11:53:04,749 [INFO] ADCParametersView:116 -                Rank 2 : false
2025-08-23 11:53:04,749 [INFO] ADCParametersView:116 -                Rank 3 : true
2025-08-23 11:53:05,540 [INFO] ADCParametersView:116 -                Rank 1 : false
2025-08-23 11:53:05,540 [INFO] ADCParametersView:116 -                Rank 2 : false
2025-08-23 11:53:05,540 [INFO] ADCParametersView:116 -                Rank 3 : false
2025-08-23 11:53:08,343 [INFO] UtilMem:75 - End SaveConfig() Used Memory: 944177376 Bytes (1073741824)
2025-08-23 11:53:12,557 [INFO] UtilMem:75 - End SaveConfig() Used Memory: 697788360 Bytes (1073741824)
2025-08-23 11:53:12,776 [INFO] BlockDiagram:2775 - set Specific Code input for plugin: NVIC
2025-08-23 11:53:12,776 [INFO] BlockDiagram:2775 - set Specific Code input for plugin: DMA
2025-08-23 11:53:12,776 [INFO] BlockDiagram:2775 - set Specific Code input for plugin: SYS
2025-08-23 11:53:12,776 [INFO] BlockDiagram:2775 - set Specific Code input for plugin: GPIO
2025-08-23 11:53:12,776 [INFO] BlockDiagram:2775 - set Specific Code input for plugin: ADC
2025-08-23 11:53:12,777 [INFO] BlockDiagram:2775 - set Specific Code input for plugin: RCC
2025-08-23 11:53:12,778 [INFO] CodeGenerator:892 - code generatio: config db path: C:\ST\STM32CubeIDE_1.18.1\STM32CubeIDE\plugins\com.st.stm32cube.common.mx_6.15.0.202507011659\\db\
2025-08-23 11:53:12,787 [INFO] Argument:325 - Argument : hdmavalue: null
2025-08-23 11:53:12,787 [INFO] Argument:327 - 	 sub Args: 
2025-08-23 11:53:12,787 [INFO] Argument:325 - Argument : Instancevalue: DMA1_Channel1
2025-08-23 11:53:12,787 [INFO] Argument:335 - Argument : Instancevalue: DMA1_Channel1
2025-08-23 11:53:12,787 [INFO] Argument:325 - Argument : Initvalue: null
2025-08-23 11:53:12,787 [INFO] Argument:327 - 	 sub Args: 
2025-08-23 11:53:12,788 [INFO] Argument:325 - Argument : Requestvalue: DMA_REQUEST_ADC1
2025-08-23 11:53:12,788 [INFO] Argument:335 - Argument : Requestvalue: DMA_REQUEST_ADC1
2025-08-23 11:53:12,789 [INFO] Argument:325 - Argument : Directionvalue: DMA_PERIPH_TO_MEMORY
2025-08-23 11:53:12,789 [INFO] Argument:335 - Argument : Directionvalue: DMA_PERIPH_TO_MEMORY
2025-08-23 11:53:12,789 [INFO] Argument:325 - Argument : PeriphIncvalue: DMA_PINC_DISABLE
2025-08-23 11:53:12,789 [INFO] Argument:335 - Argument : PeriphIncvalue: DMA_PINC_DISABLE
2025-08-23 11:53:12,789 [INFO] Argument:325 - Argument : MemIncvalue: DMA_MINC_ENABLE
2025-08-23 11:53:12,789 [INFO] Argument:335 - Argument : MemIncvalue: DMA_MINC_ENABLE
2025-08-23 11:53:12,789 [INFO] Argument:325 - Argument : PeriphDataAlignmentvalue: DMA_PDATAALIGN_HALFWORD
2025-08-23 11:53:12,790 [INFO] Argument:335 - Argument : PeriphDataAlignmentvalue: DMA_PDATAALIGN_HALFWORD
2025-08-23 11:53:12,790 [INFO] Argument:325 - Argument : MemDataAlignmentvalue: DMA_MDATAALIGN_HALFWORD
2025-08-23 11:53:12,790 [INFO] Argument:335 - Argument : MemDataAlignmentvalue: DMA_MDATAALIGN_HALFWORD
2025-08-23 11:53:12,790 [INFO] Argument:325 - Argument : Modevalue: DMA_CIRCULAR
2025-08-23 11:53:12,790 [INFO] Argument:335 - Argument : Modevalue: DMA_CIRCULAR
2025-08-23 11:53:12,790 [INFO] Argument:325 - Argument : Priorityvalue: DMA_PRIORITY_LOW
2025-08-23 11:53:12,790 [INFO] Argument:335 - Argument : Priorityvalue: DMA_PRIORITY_LOW
2025-08-23 11:53:12,790 [INFO] Argument:325 - Argument : Lockvalue: null
2025-08-23 11:53:12,790 [INFO] Argument:335 - Argument : Lockvalue: null
2025-08-23 11:53:12,790 [INFO] Argument:325 - Argument : Statevalue: null
2025-08-23 11:53:12,790 [INFO] Argument:335 - Argument : Statevalue: null
2025-08-23 11:53:12,790 [INFO] Argument:325 - Argument : Parentvalue: null
2025-08-23 11:53:12,790 [INFO] Argument:335 - Argument : Parentvalue: null
2025-08-23 11:53:12,790 [INFO] Argument:325 - Argument : XferCpltCallbackvalue: null
2025-08-23 11:53:12,790 [INFO] Argument:335 - Argument : XferCpltCallbackvalue: null
2025-08-23 11:53:12,790 [INFO] Argument:325 - Argument : XferHalfCpltCallbackvalue: null
2025-08-23 11:53:12,790 [INFO] Argument:335 - Argument : XferHalfCpltCallbackvalue: null
2025-08-23 11:53:12,790 [INFO] Argument:325 - Argument : XferErrorCallbackvalue: null
2025-08-23 11:53:12,790 [INFO] Argument:335 - Argument : XferErrorCallbackvalue: null
2025-08-23 11:53:12,790 [INFO] Argument:325 - Argument : XferAbortCallbackvalue: null
2025-08-23 11:53:12,790 [INFO] Argument:335 - Argument : XferAbortCallbackvalue: null
2025-08-23 11:53:12,790 [INFO] Argument:325 - Argument : ErrorCodevalue: null
2025-08-23 11:53:12,790 [INFO] Argument:335 - Argument : ErrorCodevalue: null
2025-08-23 11:53:12,791 [INFO] Argument:325 - Argument : ChannelIndexvalue: null
2025-08-23 11:53:12,791 [INFO] Argument:335 - Argument : ChannelIndexvalue: null
2025-08-23 11:53:12,791 [INFO] Argument:325 - Argument : DMAmuxChannelvalue: null
2025-08-23 11:53:12,791 [INFO] Argument:335 - Argument : DMAmuxChannelvalue: null
2025-08-23 11:53:12,791 [INFO] Argument:325 - Argument : DMAmuxChannelStatusvalue: null
2025-08-23 11:53:12,791 [INFO] Argument:335 - Argument : DMAmuxChannelStatusvalue: null
2025-08-23 11:53:12,791 [INFO] Argument:325 - Argument : DMAmuxChannelStatusMaskvalue: null
2025-08-23 11:53:12,791 [INFO] Argument:335 - Argument : DMAmuxChannelStatusMaskvalue: null
2025-08-23 11:53:12,791 [INFO] Argument:325 - Argument : DMAmuxRequestGenvalue: null
2025-08-23 11:53:12,791 [INFO] Argument:335 - Argument : DMAmuxRequestGenvalue: null
2025-08-23 11:53:12,791 [INFO] Argument:325 - Argument : DMAmuxRequestGenStatusvalue: null
2025-08-23 11:53:12,791 [INFO] Argument:335 - Argument : DMAmuxRequestGenStatusvalue: null
2025-08-23 11:53:12,791 [INFO] Argument:325 - Argument : DMAmuxRequestGenStatusMaskvalue: null
2025-08-23 11:53:12,791 [INFO] Argument:335 - Argument : DMAmuxRequestGenStatusMaskvalue: null
2025-08-23 11:53:12,920 [INFO] CodeEngine:265 - oldGeneratedFile, C:\Users\singh\STM32CubeIDE\workspace_1.18.1\ADC_STM32G030\MXTmpFiles\license.tmp_save
2025-08-23 11:53:13,005 [INFO] CodeEngine:289 - Generated code: C:\Users\singh\STM32CubeIDE\workspace_1.18.1\ADC_STM32G030\MXTmpFiles\license.tmp
2025-08-23 11:53:13,035 [INFO] CodeEngine:265 - oldGeneratedFile, C:\Users\singh\STM32CubeIDE\workspace_1.18.1\ADC_STM32G030\MXTmpFiles\gpio.tmp_save
2025-08-23 11:53:13,109 [INFO] CodeEngine:289 - Generated code: C:\Users\singh\STM32CubeIDE\workspace_1.18.1\ADC_STM32G030\MXTmpFiles\gpio.tmp
2025-08-23 11:53:13,159 [INFO] CodeEngine:265 - oldGeneratedFile, C:\Users\singh\STM32CubeIDE\workspace_1.18.1\ADC_STM32G030\MXTmpFiles\dma.tmp_save
2025-08-23 11:53:13,215 [INFO] CodeEngine:289 - Generated code: C:\Users\singh\STM32CubeIDE\workspace_1.18.1\ADC_STM32G030\MXTmpFiles\dma.tmp
2025-08-23 11:53:13,219 [INFO] CodeEngine:265 - oldGeneratedFile, C:\Users\singh\STM32CubeIDE\workspace_1.18.1\ADC_STM32G030\MXTmpFiles\dma_GV.tmp_save
2025-08-23 11:53:13,270 [INFO] CodeEngine:289 - Generated code: C:\Users\singh\STM32CubeIDE\workspace_1.18.1\ADC_STM32G030\MXTmpFiles\dma_GV.tmp
2025-08-23 11:53:13,282 [INFO] CodeEngine:265 - oldGeneratedFile, C:\Users\singh\STM32CubeIDE\workspace_1.18.1\ADC_STM32G030\Core\Src\stm32g0xx_it.c_save
2025-08-23 11:53:13,352 [INFO] CodeEngine:289 - Generated code: C:\Users\singh\STM32CubeIDE\workspace_1.18.1\ADC_STM32G030\Core\Src\stm32g0xx_it.c
2025-08-23 11:53:13,359 [INFO] CodeEngine:265 - oldGeneratedFile, C:\Users\singh\STM32CubeIDE\workspace_1.18.1\ADC_STM32G030\Core\Inc\stm32g0xx_it.h_save
2025-08-23 11:53:13,419 [INFO] CodeEngine:289 - Generated code: C:\Users\singh\STM32CubeIDE\workspace_1.18.1\ADC_STM32G030\Core\Inc\stm32g0xx_it.h
2025-08-23 11:53:13,431 [INFO] CodeEngine:265 - oldGeneratedFile, C:\Users\singh\STM32CubeIDE\workspace_1.18.1\ADC_STM32G030\Core\Src\stm32g0xx_hal_msp.c_save
2025-08-23 11:53:13,517 [INFO] CodeEngine:289 - Generated code: C:\Users\singh\STM32CubeIDE\workspace_1.18.1\ADC_STM32G030\Core\Src\stm32g0xx_hal_msp.c
2025-08-23 11:53:13,523 [INFO] CodeEngine:265 - oldGeneratedFile, C:\Users\singh\STM32CubeIDE\workspace_1.18.1\ADC_STM32G030\MXTmpFiles\system.tmp_save
2025-08-23 11:53:13,583 [INFO] CodeEngine:289 - Generated code: C:\Users\singh\STM32CubeIDE\workspace_1.18.1\ADC_STM32G030\MXTmpFiles\system.tmp
2025-08-23 11:53:13,597 [INFO] CodeEngine:321 - oldGeneratedFile, C:\Users\singh\STM32CubeIDE\workspace_1.18.1\ADC_STM32G030\Core\Inc\stm32g0xx_hal_conf.h_save
2025-08-23 11:53:13,659 [INFO] CodeEngine:345 - Generated code: C:\Users\singh\STM32CubeIDE\workspace_1.18.1\ADC_STM32G030\Core\Inc\stm32g0xx_hal_conf.h
2025-08-23 11:53:13,682 [INFO] CodeEngine:265 - oldGeneratedFile, C:\Users\singh\STM32CubeIDE\workspace_1.18.1\ADC_STM32G030\Core\Inc\main.h_save
2025-08-23 11:53:13,752 [INFO] CodeEngine:289 - Generated code: C:\Users\singh\STM32CubeIDE\workspace_1.18.1\ADC_STM32G030\Core\Inc\main.h
2025-08-23 11:53:13,759 [INFO] CodeEngine:265 - oldGeneratedFile, C:\Users\singh\STM32CubeIDE\workspace_1.18.1\ADC_STM32G030\Core\Src\main.c_save
2025-08-23 11:53:13,859 [INFO] CodeEngine:289 - Generated code: C:\Users\singh\STM32CubeIDE\workspace_1.18.1\ADC_STM32G030\Core\Src\main.c
2025-08-23 11:53:14,167 [INFO] ProjectBuilder:3606 - Time for Copy HAL[1] : 132mS.
2025-08-23 11:53:14,170 [INFO] ProjectBuilder:5216 - Project Generator version: 4.7.0-B52
2025-08-23 11:53:14,244 [INFO] ConfigFileManager:1595 - The Die is : DIE466
2025-08-23 11:53:15,170 [INFO] ProjectBuilder:5496 - Time for Generating toolchain IDE Files: 1000mS.
2025-08-23 11:53:15,172 [INFO] ProjectBuilder:3463 - Time for Copy CMSIS : 1mS.
2025-08-23 11:53:15,176 [INFO] ProjectBuilder:3463 - Time for Copy CMSIS : 0mS.
2025-08-23 11:57:06,076 [INFO] DmaTabbedPanel:205 - Cannot restore the selected Tab for DMA
2025-08-23 11:57:29,908 [INFO] ADCParametersView:116 -                Rank 1 : false
2025-08-23 11:57:29,908 [INFO] ADCParametersView:116 -                Rank 2 : false
2025-08-23 11:57:29,908 [INFO] ADCParametersView:116 -                Rank 3 : false
2025-08-23 11:57:29,909 [INFO] ADCParametersView:116 -                Rank 1 : false
2025-08-23 11:57:29,909 [INFO] ADCParametersView:116 -                Rank 2 : false
2025-08-23 11:57:29,909 [INFO] ADCParametersView:116 -                Rank 3 : false
2025-08-23 11:57:29,909 [INFO] ADCParametersView:116 -                Rank 1 : false
2025-08-23 11:57:29,909 [INFO] ADCParametersView:116 -                Rank 2 : false
2025-08-23 11:57:29,909 [INFO] ADCParametersView:116 -                Rank 3 : false
2025-08-23 11:57:29,909 [INFO] ADCParametersView:116 -                Rank 1 : false
2025-08-23 11:57:29,909 [INFO] ADCParametersView:116 -                Rank 2 : false
2025-08-23 11:57:29,909 [INFO] ADCParametersView:116 -                Rank 3 : false
2025-08-23 11:57:29,909 [INFO] ADCParametersView:116 -                Rank 1 : false
2025-08-23 11:57:29,909 [INFO] ADCParametersView:116 -                Rank 2 : false
2025-08-23 11:57:29,909 [INFO] ADCParametersView:116 -                Rank 3 : false
2025-08-23 11:57:29,909 [INFO] ADCParametersView:116 -                Rank 1 : false
2025-08-23 11:57:29,909 [INFO] ADCParametersView:116 -                Rank 2 : false
2025-08-23 11:57:29,909 [INFO] ADCParametersView:116 -                Rank 3 : false
2025-08-23 11:57:29,909 [INFO] ADCParametersView:116 -                Rank 1 : false
2025-08-23 11:57:29,909 [INFO] ADCParametersView:116 -                Rank 2 : false
2025-08-23 11:57:29,911 [INFO] ADCParametersView:116 -                Rank 3 : false
2025-08-23 11:57:29,911 [INFO] ADCParametersView:116 -                Rank 1 : false
2025-08-23 11:57:29,911 [INFO] ADCParametersView:116 -                Rank 2 : false
2025-08-23 11:57:29,911 [INFO] ADCParametersView:116 -                Rank 3 : false
2025-08-23 11:57:29,911 [INFO] ADCParametersView:116 -                Rank 1 : false
2025-08-23 11:57:29,911 [INFO] ADCParametersView:116 -                Rank 2 : false
2025-08-23 11:57:29,911 [INFO] ADCParametersView:116 -                Rank 3 : false
2025-08-23 11:57:29,911 [INFO] ADCParametersView:116 -                Rank 1 : false
2025-08-23 11:57:29,911 [INFO] ADCParametersView:116 -                Rank 2 : false
2025-08-23 11:57:29,911 [INFO] ADCParametersView:116 -                Rank 3 : false
2025-08-23 11:57:29,911 [INFO] ADCParametersView:116 -                Rank 1 : false
2025-08-23 11:57:29,911 [INFO] ADCParametersView:116 -                Rank 2 : false
2025-08-23 11:57:29,911 [INFO] ADCParametersView:116 -                Rank 3 : false
2025-08-23 11:57:29,911 [INFO] ADCParametersView:116 -                Rank 1 : false
2025-08-23 11:57:29,912 [INFO] ADCParametersView:116 -                Rank 2 : false
2025-08-23 11:57:29,912 [INFO] ADCParametersView:116 -                Rank 3 : false
2025-08-23 11:57:29,912 [INFO] ADCParametersView:116 -                Rank 1 : false
2025-08-23 11:57:29,912 [INFO] ADCParametersView:116 -                Rank 2 : false
2025-08-23 11:57:29,912 [INFO] ADCParametersView:116 -                Rank 3 : false
2025-08-23 11:57:29,912 [INFO] ADCParametersView:116 -                Rank 1 : false
2025-08-23 11:57:29,912 [INFO] ADCParametersView:116 -                Rank 2 : false
2025-08-23 11:57:29,912 [INFO] ADCParametersView:116 -                Rank 3 : false
2025-08-23 11:57:29,912 [INFO] ADCParametersView:116 -                Rank 1 : false
2025-08-23 11:57:29,912 [INFO] ADCParametersView:116 -                Rank 2 : false
2025-08-23 11:57:29,912 [INFO] ADCParametersView:116 -                Rank 3 : false
2025-08-23 11:57:29,912 [INFO] ADCParametersView:116 -                Rank 1 : false
2025-08-23 11:57:29,912 [INFO] ADCParametersView:116 -                Rank 2 : false
2025-08-23 11:57:29,912 [INFO] ADCParametersView:116 -                Rank 3 : false
2025-08-23 11:57:29,912 [INFO] ADCParametersView:116 -                Rank 1 : false
2025-08-23 11:57:29,912 [INFO] ADCParametersView:116 -                Rank 2 : false
2025-08-23 11:57:29,912 [INFO] ADCParametersView:116 -                Rank 3 : false
2025-08-23 11:57:29,912 [INFO] ADCParametersView:116 -                Rank 1 : false
2025-08-23 11:57:29,912 [INFO] ADCParametersView:116 -                Rank 2 : false
2025-08-23 11:57:29,912 [INFO] ADCParametersView:116 -                Rank 3 : false
2025-08-23 11:57:29,913 [INFO] ADCParametersView:116 -                Rank 1 : false
2025-08-23 11:57:29,913 [INFO] ADCParametersView:116 -                Rank 2 : false
2025-08-23 11:57:29,913 [INFO] ADCParametersView:116 -                Rank 3 : false
2025-08-23 11:57:29,913 [INFO] ADCParametersView:116 -                Rank 1 : false
2025-08-23 11:57:29,913 [INFO] ADCParametersView:116 -                Rank 2 : false
2025-08-23 11:57:29,913 [INFO] ADCParametersView:116 -                Rank 3 : false
2025-08-23 11:57:29,913 [INFO] ADCParametersView:116 -                Rank 1 : false
2025-08-23 11:57:29,913 [INFO] ADCParametersView:116 -                Rank 2 : false
2025-08-23 11:57:29,913 [INFO] ADCParametersView:116 -                Rank 3 : false
2025-08-23 11:57:29,913 [INFO] ADCParametersView:116 -                Rank 1 : false
2025-08-23 11:57:29,913 [INFO] ADCParametersView:116 -                Rank 2 : false
2025-08-23 11:57:29,913 [INFO] ADCParametersView:116 -                Rank 3 : false
2025-08-23 11:57:29,913 [INFO] ADCParametersView:116 -                Rank 1 : false
2025-08-23 11:57:29,913 [INFO] ADCParametersView:116 -                Rank 2 : false
2025-08-23 11:57:29,913 [INFO] ADCParametersView:116 -                Rank 3 : false
2025-08-23 11:57:29,913 [INFO] ADCParametersView:116 -                Rank 1 : false
2025-08-23 11:57:29,913 [INFO] ADCParametersView:116 -                Rank 2 : false
2025-08-23 11:57:29,913 [INFO] ADCParametersView:116 -                Rank 3 : false
2025-08-23 11:57:29,913 [INFO] ADCParametersView:116 -                Rank 1 : false
2025-08-23 11:57:29,914 [INFO] ADCParametersView:116 -                Rank 2 : false
2025-08-23 11:57:29,914 [INFO] ADCParametersView:116 -                Rank 3 : false
2025-08-23 11:57:29,914 [INFO] ADCParametersView:116 -                Rank 2 : false
2025-08-23 11:57:29,914 [INFO] ADCParametersView:116 -                Rank 3 : false
2025-08-23 11:57:29,914 [INFO] ADCParametersView:116 -                Rank 3 : false
2025-08-23 11:57:29,941 [INFO] ADCParametersView:116 -                Rank 1 : false
2025-08-23 11:57:29,941 [INFO] ADCParametersView:116 -                Rank 1 : false
2025-08-23 11:57:29,941 [INFO] ADCParametersView:116 -                Rank 2 : false
2025-08-23 11:57:29,942 [INFO] ADCParametersView:116 -                Rank 1 : false
2025-08-23 11:57:29,942 [INFO] ADCParametersView:116 -                Rank 2 : false
2025-08-23 11:57:29,942 [INFO] ADCParametersView:116 -                Rank 3 : false
2025-08-23 11:57:30,038 [INFO] ADCParametersView:116 -                Rank 1 : false
2025-08-23 11:57:30,038 [INFO] ADCParametersView:116 -                Rank 2 : false
2025-08-23 11:57:30,038 [INFO] ADCParametersView:116 -                Rank 3 : false
2025-08-23 11:57:30,038 [INFO] ADCParametersView:116 -                Rank 1 : false
2025-08-23 11:57:30,039 [INFO] ADCParametersView:116 -                Rank 2 : false
2025-08-23 11:57:30,039 [INFO] ADCParametersView:116 -                Rank 3 : false
2025-08-23 11:57:30,039 [INFO] ADCParametersView:116 -                Rank 1 : false
2025-08-23 11:57:30,039 [INFO] ADCParametersView:116 -                Rank 2 : false
2025-08-23 11:57:30,039 [INFO] ADCParametersView:116 -                Rank 3 : false
2025-08-23 11:57:30,039 [INFO] ADCParametersView:116 -                Rank 1 : false
2025-08-23 11:57:30,039 [INFO] ADCParametersView:116 -                Rank 2 : false
2025-08-23 11:57:30,039 [INFO] ADCParametersView:116 -                Rank 3 : false
2025-08-23 11:57:30,039 [INFO] ADCParametersView:116 -                Rank 1 : false
2025-08-23 11:57:30,039 [INFO] ADCParametersView:116 -                Rank 2 : false
2025-08-23 11:57:30,039 [INFO] ADCParametersView:116 -                Rank 3 : false
2025-08-23 11:57:30,039 [INFO] ADCParametersView:116 -                Rank 1 : false
2025-08-23 11:57:30,040 [INFO] ADCParametersView:116 -                Rank 2 : false
2025-08-23 11:57:30,040 [INFO] ADCParametersView:116 -                Rank 3 : false
2025-08-23 11:57:30,040 [INFO] ADCParametersView:116 -                Rank 1 : false
2025-08-23 11:57:30,040 [INFO] ADCParametersView:116 -                Rank 2 : false
2025-08-23 11:57:30,040 [INFO] ADCParametersView:116 -                Rank 3 : false
2025-08-23 11:57:30,040 [INFO] ADCParametersView:116 -                Rank 1 : false
2025-08-23 11:57:30,040 [INFO] ADCParametersView:116 -                Rank 2 : false
2025-08-23 11:57:30,040 [INFO] ADCParametersView:116 -                Rank 3 : false
2025-08-23 11:57:30,040 [INFO] ADCParametersView:116 -                Rank 1 : false
2025-08-23 11:57:30,040 [INFO] ADCParametersView:116 -                Rank 2 : false
2025-08-23 11:57:30,040 [INFO] ADCParametersView:116 -                Rank 3 : false
2025-08-23 11:57:30,040 [INFO] ADCParametersView:116 -                Rank 1 : false
2025-08-23 11:57:30,040 [INFO] ADCParametersView:116 -                Rank 2 : false
2025-08-23 11:57:30,040 [INFO] ADCParametersView:116 -                Rank 3 : false
2025-08-23 11:57:30,040 [INFO] ADCParametersView:116 -                Rank 1 : false
2025-08-23 11:57:30,040 [INFO] ADCParametersView:116 -                Rank 2 : false
2025-08-23 11:57:30,040 [INFO] ADCParametersView:116 -                Rank 3 : false
2025-08-23 11:57:30,041 [INFO] ADCParametersView:116 -                Rank 1 : false
2025-08-23 11:57:30,041 [INFO] ADCParametersView:116 -                Rank 2 : false
2025-08-23 11:57:30,041 [INFO] ADCParametersView:116 -                Rank 3 : false
2025-08-23 11:57:30,041 [INFO] ADCParametersView:116 -                Rank 1 : false
2025-08-23 11:57:30,041 [INFO] ADCParametersView:116 -                Rank 2 : false
2025-08-23 11:57:30,041 [INFO] ADCParametersView:116 -                Rank 3 : false
2025-08-23 11:57:30,041 [INFO] ADCParametersView:116 -                Rank 1 : false
2025-08-23 11:57:30,041 [INFO] ADCParametersView:116 -                Rank 2 : false
2025-08-23 11:57:30,041 [INFO] ADCParametersView:116 -                Rank 3 : false
2025-08-23 11:57:30,041 [INFO] ADCParametersView:116 -                Rank 1 : false
2025-08-23 11:57:30,041 [INFO] ADCParametersView:116 -                Rank 2 : false
2025-08-23 11:57:30,041 [INFO] ADCParametersView:116 -                Rank 3 : false
2025-08-23 11:57:30,041 [INFO] ADCParametersView:116 -                Rank 1 : false
2025-08-23 11:57:30,041 [INFO] ADCParametersView:116 -                Rank 2 : false
2025-08-23 11:57:30,041 [INFO] ADCParametersView:116 -                Rank 3 : false
2025-08-23 11:57:30,041 [INFO] ADCParametersView:116 -                Rank 1 : false
2025-08-23 11:57:30,041 [INFO] ADCParametersView:116 -                Rank 2 : false
2025-08-23 11:57:30,041 [INFO] ADCParametersView:116 -                Rank 3 : false
2025-08-23 11:57:30,041 [INFO] ADCParametersView:116 -                Rank 1 : false
2025-08-23 11:57:30,041 [INFO] ADCParametersView:116 -                Rank 2 : false
2025-08-23 11:57:30,041 [INFO] ADCParametersView:116 -                Rank 3 : false
2025-08-23 11:57:30,041 [INFO] ADCParametersView:116 -                Rank 1 : false
2025-08-23 11:57:30,042 [INFO] ADCParametersView:116 -                Rank 2 : false
2025-08-23 11:57:30,042 [INFO] ADCParametersView:116 -                Rank 3 : false
2025-08-23 11:57:30,042 [INFO] ADCParametersView:116 -                Rank 1 : false
2025-08-23 11:57:30,042 [INFO] ADCParametersView:116 -                Rank 2 : false
2025-08-23 11:57:30,042 [INFO] ADCParametersView:116 -                Rank 3 : false
2025-08-23 11:57:30,042 [INFO] ADCParametersView:116 -                Rank 1 : false
2025-08-23 11:57:30,042 [INFO] ADCParametersView:116 -                Rank 2 : false
2025-08-23 11:57:30,042 [INFO] ADCParametersView:116 -                Rank 3 : false
2025-08-23 11:57:30,042 [INFO] ADCParametersView:116 -                Rank 1 : false
2025-08-23 11:57:30,042 [INFO] ADCParametersView:116 -                Rank 2 : false
2025-08-23 11:57:30,042 [INFO] ADCParametersView:116 -                Rank 3 : false
2025-08-23 11:57:30,042 [INFO] ADCParametersView:116 -                Rank 1 : false
2025-08-23 11:57:30,042 [INFO] ADCParametersView:116 -                Rank 2 : false
2025-08-23 11:57:30,042 [INFO] ADCParametersView:116 -                Rank 3 : false
2025-08-23 11:57:30,042 [INFO] ADCParametersView:116 -                Rank 1 : false
2025-08-23 11:57:30,042 [INFO] ADCParametersView:116 -                Rank 2 : false
2025-08-23 11:57:30,042 [INFO] ADCParametersView:116 -                Rank 3 : false
2025-08-23 11:57:30,042 [INFO] ADCParametersView:116 -                Rank 1 : false
2025-08-23 11:57:30,042 [INFO] ADCParametersView:116 -                Rank 2 : false
2025-08-23 11:57:30,042 [INFO] ADCParametersView:116 -                Rank 3 : false
2025-08-23 11:57:30,042 [INFO] ADCParametersView:116 -                Rank 2 : false
2025-08-23 11:57:30,042 [INFO] ADCParametersView:116 -                Rank 3 : false
2025-08-23 11:57:30,042 [INFO] ADCParametersView:116 -                Rank 3 : false
2025-08-23 11:57:30,061 [INFO] ADCParametersView:116 -                Rank 1 : false
2025-08-23 11:57:30,061 [INFO] ADCParametersView:116 -                Rank 1 : false
2025-08-23 11:57:30,061 [INFO] ADCParametersView:116 -                Rank 2 : false
2025-08-23 11:57:30,062 [INFO] ADCParametersView:116 -                Rank 1 : false
2025-08-23 11:57:30,062 [INFO] ADCParametersView:116 -                Rank 2 : false
2025-08-23 11:57:30,062 [INFO] ADCParametersView:116 -                Rank 3 : false
2025-08-23 11:57:30,099 [INFO] ADCParametersView:116 -                Rank 1 : false
2025-08-23 11:57:30,099 [INFO] ADCParametersView:116 -                Rank 2 : false
2025-08-23 11:57:30,100 [INFO] ADCParametersView:116 -                Rank 3 : false
2025-08-23 11:57:30,100 [INFO] ADCParametersView:116 -                Rank 1 : false
2025-08-23 11:57:30,100 [INFO] ADCParametersView:116 -                Rank 2 : false
2025-08-23 11:57:30,100 [INFO] ADCParametersView:116 -                Rank 3 : false
2025-08-23 11:57:30,100 [INFO] ADCParametersView:116 -                Rank 1 : false
2025-08-23 11:57:30,100 [INFO] ADCParametersView:116 -                Rank 2 : false
2025-08-23 11:57:30,100 [INFO] ADCParametersView:116 -                Rank 3 : false
2025-08-23 11:57:30,100 [INFO] ADCParametersView:116 -                Rank 1 : false
2025-08-23 11:57:30,100 [INFO] ADCParametersView:116 -                Rank 2 : false
2025-08-23 11:57:30,100 [INFO] ADCParametersView:116 -                Rank 3 : false
2025-08-23 11:57:30,100 [INFO] ADCParametersView:116 -                Rank 1 : false
2025-08-23 11:57:30,100 [INFO] ADCParametersView:116 -                Rank 2 : false
2025-08-23 11:57:30,100 [INFO] ADCParametersView:116 -                Rank 3 : false
2025-08-23 11:57:30,100 [INFO] ADCParametersView:116 -                Rank 1 : false
2025-08-23 11:57:30,100 [INFO] ADCParametersView:116 -                Rank 2 : false
2025-08-23 11:57:30,100 [INFO] ADCParametersView:116 -                Rank 3 : false
2025-08-23 11:57:30,100 [INFO] ADCParametersView:116 -                Rank 1 : false
2025-08-23 11:57:30,100 [INFO] ADCParametersView:116 -                Rank 2 : false
2025-08-23 11:57:30,100 [INFO] ADCParametersView:116 -                Rank 3 : false
2025-08-23 11:57:30,100 [INFO] ADCParametersView:116 -                Rank 1 : false
2025-08-23 11:57:30,100 [INFO] ADCParametersView:116 -                Rank 2 : false
2025-08-23 11:57:30,101 [INFO] ADCParametersView:116 -                Rank 3 : false
2025-08-23 11:57:30,101 [INFO] ADCParametersView:116 -                Rank 1 : false
2025-08-23 11:57:30,101 [INFO] ADCParametersView:116 -                Rank 2 : false
2025-08-23 11:57:30,101 [INFO] ADCParametersView:116 -                Rank 3 : false
2025-08-23 11:57:30,101 [INFO] ADCParametersView:116 -                Rank 1 : false
2025-08-23 11:57:30,101 [INFO] ADCParametersView:116 -                Rank 2 : false
2025-08-23 11:57:30,101 [INFO] ADCParametersView:116 -                Rank 3 : false
2025-08-23 11:57:30,101 [INFO] ADCParametersView:116 -                Rank 1 : false
2025-08-23 11:57:30,101 [INFO] ADCParametersView:116 -                Rank 2 : false
2025-08-23 11:57:30,101 [INFO] ADCParametersView:116 -                Rank 3 : false
2025-08-23 11:57:30,101 [INFO] ADCParametersView:116 -                Rank 1 : false
2025-08-23 11:57:30,101 [INFO] ADCParametersView:116 -                Rank 2 : false
2025-08-23 11:57:30,101 [INFO] ADCParametersView:116 -                Rank 3 : false
2025-08-23 11:57:30,101 [INFO] ADCParametersView:116 -                Rank 1 : false
2025-08-23 11:57:30,101 [INFO] ADCParametersView:116 -                Rank 2 : false
2025-08-23 11:57:30,101 [INFO] ADCParametersView:116 -                Rank 3 : false
2025-08-23 11:57:30,101 [INFO] ADCParametersView:116 -                Rank 1 : false
2025-08-23 11:57:30,101 [INFO] ADCParametersView:116 -                Rank 2 : false
2025-08-23 11:57:30,101 [INFO] ADCParametersView:116 -                Rank 3 : false
2025-08-23 11:57:30,102 [INFO] ADCParametersView:116 -                Rank 1 : false
2025-08-23 11:57:30,102 [INFO] ADCParametersView:116 -                Rank 2 : false
2025-08-23 11:57:30,102 [INFO] ADCParametersView:116 -                Rank 3 : false
2025-08-23 11:57:30,102 [INFO] ADCParametersView:116 -                Rank 1 : false
2025-08-23 11:57:30,102 [INFO] ADCParametersView:116 -                Rank 2 : false
2025-08-23 11:57:30,102 [INFO] ADCParametersView:116 -                Rank 3 : false
2025-08-23 11:57:30,102 [INFO] ADCParametersView:116 -                Rank 1 : false
2025-08-23 11:57:30,102 [INFO] ADCParametersView:116 -                Rank 2 : false
2025-08-23 11:57:30,102 [INFO] ADCParametersView:116 -                Rank 3 : false
2025-08-23 11:57:30,102 [INFO] ADCParametersView:116 -                Rank 1 : false
2025-08-23 11:57:30,102 [INFO] ADCParametersView:116 -                Rank 2 : false
2025-08-23 11:57:30,102 [INFO] ADCParametersView:116 -                Rank 3 : false
2025-08-23 11:57:30,102 [INFO] ADCParametersView:116 -                Rank 1 : false
2025-08-23 11:57:30,102 [INFO] ADCParametersView:116 -                Rank 2 : false
2025-08-23 11:57:30,102 [INFO] ADCParametersView:116 -                Rank 3 : false
2025-08-23 11:57:30,102 [INFO] ADCParametersView:116 -                Rank 1 : false
2025-08-23 11:57:30,102 [INFO] ADCParametersView:116 -                Rank 2 : false
2025-08-23 11:57:30,102 [INFO] ADCParametersView:116 -                Rank 3 : false
2025-08-23 11:57:30,102 [INFO] ADCParametersView:116 -                Rank 1 : false
2025-08-23 11:57:30,102 [INFO] ADCParametersView:116 -                Rank 2 : false
2025-08-23 11:57:30,102 [INFO] ADCParametersView:116 -                Rank 3 : false
2025-08-23 11:57:30,102 [INFO] ADCParametersView:116 -                Rank 1 : false
2025-08-23 11:57:30,102 [INFO] ADCParametersView:116 -                Rank 2 : false
2025-08-23 11:57:30,102 [INFO] ADCParametersView:116 -                Rank 3 : false
2025-08-23 11:57:30,102 [INFO] ADCParametersView:116 -                Rank 1 : false
2025-08-23 11:57:30,102 [INFO] ADCParametersView:116 -                Rank 2 : false
2025-08-23 11:57:30,102 [INFO] ADCParametersView:116 -                Rank 3 : false
2025-08-23 11:57:30,103 [INFO] ADCParametersView:116 -                Rank 1 : false
2025-08-23 11:57:30,103 [INFO] ADCParametersView:116 -                Rank 2 : false
2025-08-23 11:57:30,103 [INFO] ADCParametersView:116 -                Rank 3 : false
2025-08-23 11:57:30,103 [INFO] ADCParametersView:116 -                Rank 1 : false
2025-08-23 11:57:30,103 [INFO] ADCParametersView:116 -                Rank 2 : false
2025-08-23 11:57:30,103 [INFO] ADCParametersView:116 -                Rank 3 : false
2025-08-23 11:57:30,103 [INFO] ADCParametersView:116 -                Rank 2 : false
2025-08-23 11:57:30,103 [INFO] ADCParametersView:116 -                Rank 3 : false
2025-08-23 11:57:30,103 [INFO] ADCParametersView:116 -                Rank 3 : false
2025-08-23 11:57:30,124 [INFO] ADCParametersView:116 -                Rank 1 : false
2025-08-23 11:57:30,124 [INFO] ADCParametersView:116 -                Rank 1 : false
2025-08-23 11:57:30,124 [INFO] ADCParametersView:116 -                Rank 2 : false
2025-08-23 11:57:30,124 [INFO] ADCParametersView:116 -                Rank 1 : false
2025-08-23 11:57:30,125 [INFO] ADCParametersView:116 -                Rank 2 : false
2025-08-23 11:57:30,125 [INFO] ADCParametersView:116 -                Rank 3 : false
2025-08-23 11:57:30,218 [INFO] NvicIntPanel:101 - NVIC parent = com.st.microxplorer.plugins.ip.nvic.MultiNvicIntPanel[,0,0,0x0,invalid,layout=javax.swing.BoxLayout,alignmentX=0.0,alignmentY=0.0,border=,flags=9,maximumSize=,minimumSize=,preferredSize=]
2025-08-23 11:57:30,320 [INFO] NvicIntPanel:101 - NVIC parent = com.st.microxplorer.plugins.ip.nvic.MultiNvicIntPanel[,0,0,0x0,invalid,layout=javax.swing.BoxLayout,alignmentX=0.0,alignmentY=0.0,border=,flags=9,maximumSize=,minimumSize=,preferredSize=]
2025-08-23 11:57:30,357 [INFO] ADCParametersView:116 -                Rank 1 : false
2025-08-23 11:57:30,357 [INFO] ADCParametersView:116 -                Rank 2 : false
2025-08-23 11:57:30,357 [INFO] ADCParametersView:116 -                Rank 3 : false
2025-08-23 11:57:30,357 [INFO] ADCParametersView:116 -                Rank 1 : false
2025-08-23 11:57:30,357 [INFO] ADCParametersView:116 -                Rank 2 : false
2025-08-23 11:57:30,358 [INFO] ADCParametersView:116 -                Rank 3 : false
2025-08-23 11:57:30,358 [INFO] ADCParametersView:116 -                Rank 1 : false
2025-08-23 11:57:30,358 [INFO] ADCParametersView:116 -                Rank 2 : false
2025-08-23 11:57:30,358 [INFO] ADCParametersView:116 -                Rank 3 : false
2025-08-23 11:57:30,358 [INFO] ADCParametersView:116 -                Rank 1 : false
2025-08-23 11:57:30,358 [INFO] ADCParametersView:116 -                Rank 2 : false
2025-08-23 11:57:30,358 [INFO] ADCParametersView:116 -                Rank 3 : false
2025-08-23 11:57:30,358 [INFO] ADCParametersView:116 -                Rank 1 : false
2025-08-23 11:57:30,358 [INFO] ADCParametersView:116 -                Rank 2 : false
2025-08-23 11:57:30,358 [INFO] ADCParametersView:116 -                Rank 3 : false
2025-08-23 11:57:30,358 [INFO] ADCParametersView:116 -                Rank 1 : false
2025-08-23 11:57:30,358 [INFO] ADCParametersView:116 -                Rank 2 : false
2025-08-23 11:57:30,358 [INFO] ADCParametersView:116 -                Rank 3 : false
2025-08-23 11:57:30,358 [INFO] ADCParametersView:116 -                Rank 1 : false
2025-08-23 11:57:30,358 [INFO] ADCParametersView:116 -                Rank 2 : false
2025-08-23 11:57:30,358 [INFO] ADCParametersView:116 -                Rank 3 : false
2025-08-23 11:57:30,358 [INFO] ADCParametersView:116 -                Rank 1 : false
2025-08-23 11:57:30,358 [INFO] ADCParametersView:116 -                Rank 2 : false
2025-08-23 11:57:30,358 [INFO] ADCParametersView:116 -                Rank 3 : false
2025-08-23 11:57:30,358 [INFO] ADCParametersView:116 -                Rank 1 : false
2025-08-23 11:57:30,358 [INFO] ADCParametersView:116 -                Rank 2 : false
2025-08-23 11:57:30,358 [INFO] ADCParametersView:116 -                Rank 3 : false
2025-08-23 11:57:30,358 [INFO] ADCParametersView:116 -                Rank 1 : false
2025-08-23 11:57:30,358 [INFO] ADCParametersView:116 -                Rank 2 : false
2025-08-23 11:57:30,359 [INFO] ADCParametersView:116 -                Rank 3 : false
2025-08-23 11:57:30,359 [INFO] ADCParametersView:116 -                Rank 1 : false
2025-08-23 11:57:30,359 [INFO] ADCParametersView:116 -                Rank 2 : false
2025-08-23 11:57:30,359 [INFO] ADCParametersView:116 -                Rank 3 : false
2025-08-23 11:57:30,359 [INFO] ADCParametersView:116 -                Rank 1 : false
2025-08-23 11:57:30,359 [INFO] ADCParametersView:116 -                Rank 2 : false
2025-08-23 11:57:30,359 [INFO] ADCParametersView:116 -                Rank 3 : false
2025-08-23 11:57:30,359 [INFO] ADCParametersView:116 -                Rank 1 : false
2025-08-23 11:57:30,359 [INFO] ADCParametersView:116 -                Rank 2 : false
2025-08-23 11:57:30,359 [INFO] ADCParametersView:116 -                Rank 3 : false
2025-08-23 11:57:30,359 [INFO] ADCParametersView:116 -                Rank 1 : false
2025-08-23 11:57:30,359 [INFO] ADCParametersView:116 -                Rank 2 : false
2025-08-23 11:57:30,359 [INFO] ADCParametersView:116 -                Rank 3 : false
2025-08-23 11:57:30,359 [INFO] ADCParametersView:116 -                Rank 1 : false
2025-08-23 11:57:30,359 [INFO] ADCParametersView:116 -                Rank 2 : false
2025-08-23 11:57:30,359 [INFO] ADCParametersView:116 -                Rank 3 : false
2025-08-23 11:57:30,359 [INFO] ADCParametersView:116 -                Rank 1 : false
2025-08-23 11:57:30,359 [INFO] ADCParametersView:116 -                Rank 2 : false
2025-08-23 11:57:30,359 [INFO] ADCParametersView:116 -                Rank 3 : false
2025-08-23 11:57:30,359 [INFO] ADCParametersView:116 -                Rank 1 : false
2025-08-23 11:57:30,359 [INFO] ADCParametersView:116 -                Rank 2 : false
2025-08-23 11:57:30,359 [INFO] ADCParametersView:116 -                Rank 3 : false
2025-08-23 11:57:30,359 [INFO] ADCParametersView:116 -                Rank 1 : false
2025-08-23 11:57:30,359 [INFO] ADCParametersView:116 -                Rank 2 : false
2025-08-23 11:57:30,359 [INFO] ADCParametersView:116 -                Rank 3 : false
2025-08-23 11:57:30,359 [INFO] ADCParametersView:116 -                Rank 1 : false
2025-08-23 11:57:30,359 [INFO] ADCParametersView:116 -                Rank 2 : false
2025-08-23 11:57:30,360 [INFO] ADCParametersView:116 -                Rank 3 : false
2025-08-23 11:57:30,360 [INFO] ADCParametersView:116 -                Rank 1 : false
2025-08-23 11:57:30,360 [INFO] ADCParametersView:116 -                Rank 2 : false
2025-08-23 11:57:30,360 [INFO] ADCParametersView:116 -                Rank 3 : false
2025-08-23 11:57:30,360 [INFO] ADCParametersView:116 -                Rank 1 : false
2025-08-23 11:57:30,360 [INFO] ADCParametersView:116 -                Rank 2 : false
2025-08-23 11:57:30,360 [INFO] ADCParametersView:116 -                Rank 3 : false
2025-08-23 11:57:30,360 [INFO] ADCParametersView:116 -                Rank 1 : false
2025-08-23 11:57:30,360 [INFO] ADCParametersView:116 -                Rank 2 : false
2025-08-23 11:57:30,360 [INFO] ADCParametersView:116 -                Rank 3 : false
2025-08-23 11:57:30,360 [INFO] ADCParametersView:116 -                Rank 1 : false
2025-08-23 11:57:30,360 [INFO] ADCParametersView:116 -                Rank 2 : false
2025-08-23 11:57:30,360 [INFO] ADCParametersView:116 -                Rank 3 : false
2025-08-23 11:57:30,360 [INFO] ADCParametersView:116 -                Rank 1 : false
2025-08-23 11:57:30,360 [INFO] ADCParametersView:116 -                Rank 2 : false
2025-08-23 11:57:30,360 [INFO] ADCParametersView:116 -                Rank 3 : false
2025-08-23 11:57:30,360 [INFO] ADCParametersView:116 -                Rank 1 : false
2025-08-23 11:57:30,360 [INFO] ADCParametersView:116 -                Rank 2 : false
2025-08-23 11:57:30,360 [INFO] ADCParametersView:116 -                Rank 3 : false
2025-08-23 11:57:30,360 [INFO] ADCParametersView:116 -                Rank 2 : false
2025-08-23 11:57:30,360 [INFO] ADCParametersView:116 -                Rank 3 : false
2025-08-23 11:57:30,360 [INFO] ADCParametersView:116 -                Rank 3 : false
2025-08-23 11:57:30,451 [INFO] NvicIntPanel:101 - NVIC parent = com.st.microxplorer.plugins.ip.nvic.MultiNvicIntPanel[,0,0,0x0,invalid,layout=javax.swing.BoxLayout,alignmentX=0.0,alignmentY=0.0,border=,flags=9,maximumSize=,minimumSize=,preferredSize=]
2025-08-23 11:57:30,573 [INFO] NvicIntPanel:101 - NVIC parent = com.st.microxplorer.plugins.ip.nvic.MultiNvicIntPanel[,0,0,0x0,invalid,layout=javax.swing.BoxLayout,alignmentX=0.0,alignmentY=0.0,border=,flags=9,maximumSize=,minimumSize=,preferredSize=]
2025-08-23 11:57:30,670 [INFO] NvicIntPanel:101 - NVIC parent = com.st.microxplorer.plugins.ip.nvic.MultiNvicIntPanel[,0,0,0x0,invalid,layout=javax.swing.BoxLayout,alignmentX=0.0,alignmentY=0.0,border=,flags=9,maximumSize=,minimumSize=,preferredSize=]
2025-08-23 11:57:30,702 [INFO] ADCParametersView:116 -                Rank 1 : false
2025-08-23 11:57:30,702 [INFO] ADCParametersView:116 -                Rank 1 : false
2025-08-23 11:57:30,702 [INFO] ADCParametersView:116 -                Rank 2 : false
2025-08-23 11:57:30,703 [INFO] ADCParametersView:116 -                Rank 1 : false
2025-08-23 11:57:30,703 [INFO] ADCParametersView:116 -                Rank 2 : false
2025-08-23 11:57:30,703 [INFO] ADCParametersView:116 -                Rank 3 : false
2025-08-23 11:57:36,030 [INFO] ADCParametersView:116 -                Rank 1 : false
2025-08-23 11:57:36,030 [INFO] ADCParametersView:116 -                Rank 2 : false
2025-08-23 11:57:36,030 [INFO] ADCParametersView:116 -                Rank 3 : false
2025-08-23 11:57:36,030 [INFO] ADCParametersView:116 -                Rank 1 : false
2025-08-23 11:57:36,030 [INFO] ADCParametersView:116 -                Rank 2 : false
2025-08-23 11:57:36,030 [INFO] ADCParametersView:116 -                Rank 3 : false
2025-08-23 11:57:36,030 [INFO] ADCParametersView:116 -                Rank 1 : false
2025-08-23 11:57:36,030 [INFO] ADCParametersView:116 -                Rank 2 : false
2025-08-23 11:57:36,030 [INFO] ADCParametersView:116 -                Rank 3 : false
2025-08-23 11:57:36,030 [INFO] ADCParametersView:116 -                Rank 1 : false
2025-08-23 11:57:36,030 [INFO] ADCParametersView:116 -                Rank 2 : false
2025-08-23 11:57:36,030 [INFO] ADCParametersView:116 -                Rank 3 : false
2025-08-23 11:57:36,030 [INFO] ADCParametersView:116 -                Rank 1 : false
2025-08-23 11:57:36,031 [INFO] ADCParametersView:116 -                Rank 2 : false
2025-08-23 11:57:36,031 [INFO] ADCParametersView:116 -                Rank 3 : false
2025-08-23 11:57:36,031 [INFO] ADCParametersView:116 -                Rank 1 : false
2025-08-23 11:57:36,031 [INFO] ADCParametersView:116 -                Rank 2 : false
2025-08-23 11:57:36,031 [INFO] ADCParametersView:116 -                Rank 3 : false
2025-08-23 11:57:36,031 [INFO] ADCParametersView:116 -                Rank 1 : false
2025-08-23 11:57:36,031 [INFO] ADCParametersView:116 -                Rank 2 : false
2025-08-23 11:57:36,031 [INFO] ADCParametersView:116 -                Rank 3 : false
2025-08-23 11:57:36,031 [INFO] ADCParametersView:116 -                Rank 1 : false
2025-08-23 11:57:36,031 [INFO] ADCParametersView:116 -                Rank 2 : false
2025-08-23 11:57:36,031 [INFO] ADCParametersView:116 -                Rank 3 : false
2025-08-23 11:57:36,031 [INFO] ADCParametersView:116 -                Rank 1 : false
2025-08-23 11:57:36,031 [INFO] ADCParametersView:116 -                Rank 2 : false
2025-08-23 11:57:36,031 [INFO] ADCParametersView:116 -                Rank 3 : false
2025-08-23 11:57:36,031 [INFO] ADCParametersView:116 -                Rank 1 : false
2025-08-23 11:57:36,031 [INFO] ADCParametersView:116 -                Rank 2 : false
2025-08-23 11:57:36,031 [INFO] ADCParametersView:116 -                Rank 3 : false
2025-08-23 11:57:36,031 [INFO] ADCParametersView:116 -                Rank 1 : false
2025-08-23 11:57:36,031 [INFO] ADCParametersView:116 -                Rank 2 : false
2025-08-23 11:57:36,031 [INFO] ADCParametersView:116 -                Rank 3 : false
2025-08-23 11:57:36,031 [INFO] ADCParametersView:116 -                Rank 1 : false
2025-08-23 11:57:36,031 [INFO] ADCParametersView:116 -                Rank 2 : false
2025-08-23 11:57:36,031 [INFO] ADCParametersView:116 -                Rank 3 : false
2025-08-23 11:57:36,032 [INFO] ADCParametersView:116 -                Rank 1 : false
2025-08-23 11:57:36,032 [INFO] ADCParametersView:116 -                Rank 2 : false
2025-08-23 11:57:36,032 [INFO] ADCParametersView:116 -                Rank 3 : false
2025-08-23 11:57:36,032 [INFO] ADCParametersView:116 -                Rank 1 : false
2025-08-23 11:57:36,032 [INFO] ADCParametersView:116 -                Rank 2 : false
2025-08-23 11:57:36,032 [INFO] ADCParametersView:116 -                Rank 3 : false
2025-08-23 11:57:36,032 [INFO] ADCParametersView:116 -                Rank 1 : false
2025-08-23 11:57:36,032 [INFO] ADCParametersView:116 -                Rank 2 : false
2025-08-23 11:57:36,032 [INFO] ADCParametersView:116 -                Rank 3 : false
2025-08-23 11:57:36,032 [INFO] ADCParametersView:116 -                Rank 1 : false
2025-08-23 11:57:36,032 [INFO] ADCParametersView:116 -                Rank 2 : false
2025-08-23 11:57:36,032 [INFO] ADCParametersView:116 -                Rank 3 : false
2025-08-23 11:57:36,032 [INFO] ADCParametersView:116 -                Rank 1 : false
2025-08-23 11:57:36,032 [INFO] ADCParametersView:116 -                Rank 2 : false
2025-08-23 11:57:36,032 [INFO] ADCParametersView:116 -                Rank 3 : false
2025-08-23 11:57:36,032 [INFO] ADCParametersView:116 -                Rank 1 : false
2025-08-23 11:57:36,032 [INFO] ADCParametersView:116 -                Rank 2 : false
2025-08-23 11:57:36,032 [INFO] ADCParametersView:116 -                Rank 3 : false
2025-08-23 11:57:36,032 [INFO] ADCParametersView:116 -                Rank 1 : false
2025-08-23 11:57:36,032 [INFO] ADCParametersView:116 -                Rank 2 : false
2025-08-23 11:57:36,032 [INFO] ADCParametersView:116 -                Rank 3 : false
2025-08-23 11:57:36,032 [INFO] ADCParametersView:116 -                Rank 1 : false
2025-08-23 11:57:36,032 [INFO] ADCParametersView:116 -                Rank 2 : false
2025-08-23 11:57:36,032 [INFO] ADCParametersView:116 -                Rank 3 : false
2025-08-23 11:57:36,032 [INFO] ADCParametersView:116 -                Rank 1 : false
2025-08-23 11:57:36,032 [INFO] ADCParametersView:116 -                Rank 2 : false
2025-08-23 11:57:36,032 [INFO] ADCParametersView:116 -                Rank 3 : false
2025-08-23 11:57:36,033 [INFO] ADCParametersView:116 -                Rank 1 : false
2025-08-23 11:57:36,033 [INFO] ADCParametersView:116 -                Rank 2 : false
2025-08-23 11:57:36,033 [INFO] ADCParametersView:116 -                Rank 3 : false
2025-08-23 11:57:36,033 [INFO] ADCParametersView:116 -                Rank 1 : false
2025-08-23 11:57:36,033 [INFO] ADCParametersView:116 -                Rank 2 : false
2025-08-23 11:57:36,033 [INFO] ADCParametersView:116 -                Rank 3 : false
2025-08-23 11:57:36,033 [INFO] ADCParametersView:116 -                Rank 1 : false
2025-08-23 11:57:36,033 [INFO] ADCParametersView:116 -                Rank 2 : false
2025-08-23 11:57:36,033 [INFO] ADCParametersView:116 -                Rank 3 : false
2025-08-23 11:57:36,033 [INFO] ADCParametersView:116 -                Rank 1 : false
2025-08-23 11:57:36,033 [INFO] ADCParametersView:116 -                Rank 2 : false
2025-08-23 11:57:36,033 [INFO] ADCParametersView:116 -                Rank 3 : false
2025-08-23 11:57:36,033 [INFO] ADCParametersView:116 -                Rank 2 : false
2025-08-23 11:57:36,033 [INFO] ADCParametersView:116 -                Rank 3 : false
2025-08-23 11:57:36,033 [INFO] ADCParametersView:116 -                Rank 3 : false
2025-08-23 11:57:36,105 [INFO] NvicIntPanel:101 - NVIC parent = com.st.microxplorer.plugins.ip.nvic.MultiNvicIntPanel[,0,0,0x0,invalid,layout=javax.swing.BoxLayout,alignmentX=0.0,alignmentY=0.0,border=,flags=9,maximumSize=,minimumSize=,preferredSize=]
2025-08-23 11:57:36,208 [INFO] NvicIntPanel:101 - NVIC parent = com.st.microxplorer.plugins.ip.nvic.MultiNvicIntPanel[,0,0,0x0,invalid,layout=javax.swing.BoxLayout,alignmentX=0.0,alignmentY=0.0,border=,flags=9,maximumSize=,minimumSize=,preferredSize=]
2025-08-23 11:57:36,310 [INFO] NvicIntPanel:101 - NVIC parent = com.st.microxplorer.plugins.ip.nvic.MultiNvicIntPanel[,0,0,0x0,invalid,layout=javax.swing.BoxLayout,alignmentX=0.0,alignmentY=0.0,border=,flags=9,maximumSize=,minimumSize=,preferredSize=]
2025-08-23 11:57:36,347 [INFO] ADCParametersView:116 -                Rank 1 : false
2025-08-23 11:57:36,348 [INFO] ADCParametersView:116 -                Rank 1 : false
2025-08-23 11:57:36,348 [INFO] ADCParametersView:116 -                Rank 2 : false
2025-08-23 11:57:36,348 [INFO] ADCParametersView:116 -                Rank 1 : false
2025-08-23 11:57:36,348 [INFO] ADCParametersView:116 -                Rank 2 : false
2025-08-23 11:57:36,348 [INFO] ADCParametersView:116 -                Rank 3 : false
2025-08-23 11:57:43,637 [INFO] NvicIntPanel:101 - NVIC parent = com.st.microxplorer.plugins.ip.nvic.MultiNvicIntPanel[,0,0,0x0,invalid,layout=javax.swing.BoxLayout,alignmentX=0.0,alignmentY=0.0,border=,flags=9,maximumSize=,minimumSize=,preferredSize=]
2025-08-23 11:57:43,729 [INFO] NvicIntPanel:101 - NVIC parent = com.st.microxplorer.plugins.ip.nvic.MultiNvicIntPanel[,0,0,0x0,invalid,layout=javax.swing.BoxLayout,alignmentX=0.0,alignmentY=0.0,border=,flags=9,maximumSize=,minimumSize=,preferredSize=]
2025-08-23 11:57:44,264 [INFO] ADCParametersView:116 -                Rank 1 : false
2025-08-23 11:57:44,265 [INFO] ADCParametersView:116 -                Rank 2 : false
2025-08-23 11:57:44,265 [INFO] ADCParametersView:116 -                Rank 3 : false
2025-08-23 11:57:44,265 [INFO] ADCParametersView:116 -                Rank 1 : false
2025-08-23 11:57:44,265 [INFO] ADCParametersView:116 -                Rank 2 : false
2025-08-23 11:57:44,265 [INFO] ADCParametersView:116 -                Rank 3 : false
2025-08-23 11:57:44,265 [INFO] ADCParametersView:116 -                Rank 1 : false
2025-08-23 11:57:44,265 [INFO] ADCParametersView:116 -                Rank 2 : false
2025-08-23 11:57:44,265 [INFO] ADCParametersView:116 -                Rank 3 : false
2025-08-23 11:57:44,265 [INFO] ADCParametersView:116 -                Rank 1 : false
2025-08-23 11:57:44,265 [INFO] ADCParametersView:116 -                Rank 2 : false
2025-08-23 11:57:44,265 [INFO] ADCParametersView:116 -                Rank 3 : false
2025-08-23 11:57:44,265 [INFO] ADCParametersView:116 -                Rank 1 : false
2025-08-23 11:57:44,265 [INFO] ADCParametersView:116 -                Rank 2 : false
2025-08-23 11:57:44,265 [INFO] ADCParametersView:116 -                Rank 3 : false
2025-08-23 11:57:44,265 [INFO] ADCParametersView:116 -                Rank 1 : false
2025-08-23 11:57:44,265 [INFO] ADCParametersView:116 -                Rank 2 : false
2025-08-23 11:57:44,265 [INFO] ADCParametersView:116 -                Rank 3 : false
2025-08-23 11:57:44,265 [INFO] ADCParametersView:116 -                Rank 1 : false
2025-08-23 11:57:44,265 [INFO] ADCParametersView:116 -                Rank 2 : false
2025-08-23 11:57:44,265 [INFO] ADCParametersView:116 -                Rank 3 : false
2025-08-23 11:57:44,266 [INFO] ADCParametersView:116 -                Rank 1 : false
2025-08-23 11:57:44,266 [INFO] ADCParametersView:116 -                Rank 2 : false
2025-08-23 11:57:44,266 [INFO] ADCParametersView:116 -                Rank 3 : false
2025-08-23 11:57:44,266 [INFO] ADCParametersView:116 -                Rank 1 : false
2025-08-23 11:57:44,266 [INFO] ADCParametersView:116 -                Rank 2 : false
2025-08-23 11:57:44,266 [INFO] ADCParametersView:116 -                Rank 3 : false
2025-08-23 11:57:44,266 [INFO] ADCParametersView:116 -                Rank 1 : false
2025-08-23 11:57:44,266 [INFO] ADCParametersView:116 -                Rank 2 : false
2025-08-23 11:57:44,266 [INFO] ADCParametersView:116 -                Rank 3 : false
2025-08-23 11:57:44,266 [INFO] ADCParametersView:116 -                Rank 1 : false
2025-08-23 11:57:44,266 [INFO] ADCParametersView:116 -                Rank 2 : false
2025-08-23 11:57:44,266 [INFO] ADCParametersView:116 -                Rank 3 : false
2025-08-23 11:57:44,266 [INFO] ADCParametersView:116 -                Rank 1 : false
2025-08-23 11:57:44,266 [INFO] ADCParametersView:116 -                Rank 2 : false
2025-08-23 11:57:44,266 [INFO] ADCParametersView:116 -                Rank 3 : false
2025-08-23 11:57:44,266 [INFO] ADCParametersView:116 -                Rank 1 : false
2025-08-23 11:57:44,266 [INFO] ADCParametersView:116 -                Rank 2 : false
2025-08-23 11:57:44,266 [INFO] ADCParametersView:116 -                Rank 3 : false
2025-08-23 11:57:44,266 [INFO] ADCParametersView:116 -                Rank 1 : false
2025-08-23 11:57:44,266 [INFO] ADCParametersView:116 -                Rank 2 : false
2025-08-23 11:57:44,266 [INFO] ADCParametersView:116 -                Rank 3 : false
2025-08-23 11:57:44,266 [INFO] ADCParametersView:116 -                Rank 1 : false
2025-08-23 11:57:44,266 [INFO] ADCParametersView:116 -                Rank 2 : false
2025-08-23 11:57:44,266 [INFO] ADCParametersView:116 -                Rank 3 : false
2025-08-23 11:57:44,266 [INFO] ADCParametersView:116 -                Rank 1 : false
2025-08-23 11:57:44,266 [INFO] ADCParametersView:116 -                Rank 2 : false
2025-08-23 11:57:44,267 [INFO] ADCParametersView:116 -                Rank 3 : false
2025-08-23 11:57:44,267 [INFO] ADCParametersView:116 -                Rank 1 : false
2025-08-23 11:57:44,267 [INFO] ADCParametersView:116 -                Rank 2 : false
2025-08-23 11:57:44,267 [INFO] ADCParametersView:116 -                Rank 3 : false
2025-08-23 11:57:44,267 [INFO] ADCParametersView:116 -                Rank 1 : false
2025-08-23 11:57:44,267 [INFO] ADCParametersView:116 -                Rank 2 : false
2025-08-23 11:57:44,267 [INFO] ADCParametersView:116 -                Rank 3 : false
2025-08-23 11:57:44,267 [INFO] ADCParametersView:116 -                Rank 1 : false
2025-08-23 11:57:44,267 [INFO] ADCParametersView:116 -                Rank 2 : false
2025-08-23 11:57:44,267 [INFO] ADCParametersView:116 -                Rank 3 : false
2025-08-23 11:57:44,267 [INFO] ADCParametersView:116 -                Rank 1 : false
2025-08-23 11:57:44,267 [INFO] ADCParametersView:116 -                Rank 2 : false
2025-08-23 11:57:44,267 [INFO] ADCParametersView:116 -                Rank 3 : false
2025-08-23 11:57:44,267 [INFO] ADCParametersView:116 -                Rank 1 : false
2025-08-23 11:57:44,267 [INFO] ADCParametersView:116 -                Rank 2 : false
2025-08-23 11:57:44,267 [INFO] ADCParametersView:116 -                Rank 3 : false
2025-08-23 11:57:44,267 [INFO] ADCParametersView:116 -                Rank 1 : false
2025-08-23 11:57:44,267 [INFO] ADCParametersView:116 -                Rank 2 : false
2025-08-23 11:57:44,267 [INFO] ADCParametersView:116 -                Rank 3 : false
2025-08-23 11:57:44,267 [INFO] ADCParametersView:116 -                Rank 1 : false
2025-08-23 11:57:44,267 [INFO] ADCParametersView:116 -                Rank 2 : false
2025-08-23 11:57:44,267 [INFO] ADCParametersView:116 -                Rank 3 : false
2025-08-23 11:57:44,267 [INFO] ADCParametersView:116 -                Rank 1 : false
2025-08-23 11:57:44,267 [INFO] ADCParametersView:116 -                Rank 2 : false
2025-08-23 11:57:44,267 [INFO] ADCParametersView:116 -                Rank 3 : false
2025-08-23 11:57:44,267 [INFO] ADCParametersView:116 -                Rank 1 : false
2025-08-23 11:57:44,267 [INFO] ADCParametersView:116 -                Rank 2 : false
2025-08-23 11:57:44,268 [INFO] ADCParametersView:116 -                Rank 3 : false
2025-08-23 11:57:44,268 [INFO] ADCParametersView:116 -                Rank 2 : false
2025-08-23 11:57:44,268 [INFO] ADCParametersView:116 -                Rank 3 : false
2025-08-23 11:57:44,268 [INFO] ADCParametersView:116 -                Rank 3 : false
2025-08-23 11:57:44,370 [INFO] NvicIntPanel:101 - NVIC parent = com.st.microxplorer.plugins.ip.nvic.MultiNvicIntPanel[,0,0,0x0,invalid,layout=javax.swing.BoxLayout,alignmentX=0.0,alignmentY=0.0,border=,flags=9,maximumSize=,minimumSize=,preferredSize=]
2025-08-23 11:57:44,484 [INFO] NvicIntPanel:101 - NVIC parent = com.st.microxplorer.plugins.ip.nvic.MultiNvicIntPanel[,0,0,0x0,invalid,layout=javax.swing.BoxLayout,alignmentX=0.0,alignmentY=0.0,border=,flags=9,maximumSize=,minimumSize=,preferredSize=]
2025-08-23 11:57:44,586 [INFO] NvicIntPanel:101 - NVIC parent = com.st.microxplorer.plugins.ip.nvic.MultiNvicIntPanel[,0,0,0x0,invalid,layout=javax.swing.BoxLayout,alignmentX=0.0,alignmentY=0.0,border=,flags=9,maximumSize=,minimumSize=,preferredSize=]
2025-08-23 11:57:44,622 [INFO] ADCParametersView:116 -                Rank 1 : false
2025-08-23 11:57:44,622 [INFO] ADCParametersView:116 -                Rank 1 : false
2025-08-23 11:57:44,622 [INFO] ADCParametersView:116 -                Rank 2 : false
2025-08-23 11:57:44,623 [INFO] ADCParametersView:116 -                Rank 1 : false
2025-08-23 11:57:44,623 [INFO] ADCParametersView:116 -                Rank 2 : false
2025-08-23 11:57:44,623 [INFO] ADCParametersView:116 -                Rank 3 : false
2025-08-23 11:57:44,623 [INFO] ADCParametersView:116 -                Rank 1 : false
2025-08-23 11:57:44,623 [INFO] ADCParametersView:116 -                Rank 2 : false
2025-08-23 11:57:44,623 [INFO] ADCParametersView:116 -                Rank 3 : false
2025-08-23 11:57:44,623 [INFO] ADCParametersView:116 -                Rank 1 : false
2025-08-23 11:57:44,623 [INFO] ADCParametersView:116 -                Rank 2 : false
2025-08-23 11:57:44,624 [INFO] ADCParametersView:116 -                Rank 3 : false
2025-08-23 11:57:44,624 [INFO] ADCParametersView:116 -                Rank 1 : false
2025-08-23 11:57:44,624 [INFO] ADCParametersView:116 -                Rank 2 : false
2025-08-23 11:57:44,624 [INFO] ADCParametersView:116 -                Rank 3 : false
2025-08-23 11:57:44,624 [INFO] ADCParametersView:116 -                Rank 1 : false
2025-08-23 11:57:44,624 [INFO] ADCParametersView:116 -                Rank 2 : false
2025-08-23 11:57:44,624 [INFO] ADCParametersView:116 -                Rank 3 : false
2025-08-23 11:57:44,624 [INFO] ADCParametersView:116 -                Rank 1 : false
2025-08-23 11:57:44,624 [INFO] ADCParametersView:116 -                Rank 2 : false
2025-08-23 11:57:44,624 [INFO] ADCParametersView:116 -                Rank 3 : false
2025-08-23 11:57:44,624 [INFO] ADCParametersView:116 -                Rank 1 : false
2025-08-23 11:57:44,624 [INFO] ADCParametersView:116 -                Rank 2 : false
2025-08-23 11:57:44,624 [INFO] ADCParametersView:116 -                Rank 3 : false
2025-08-23 11:57:44,624 [INFO] ADCParametersView:116 -                Rank 1 : false
2025-08-23 11:57:44,624 [INFO] ADCParametersView:116 -                Rank 2 : false
2025-08-23 11:57:44,624 [INFO] ADCParametersView:116 -                Rank 3 : false
2025-08-23 11:57:44,624 [INFO] ADCParametersView:116 -                Rank 1 : false
2025-08-23 11:57:44,624 [INFO] ADCParametersView:116 -                Rank 2 : false
2025-08-23 11:57:44,624 [INFO] ADCParametersView:116 -                Rank 3 : false
2025-08-23 11:57:44,624 [INFO] ADCParametersView:116 -                Rank 1 : false
2025-08-23 11:57:44,624 [INFO] ADCParametersView:116 -                Rank 2 : false
2025-08-23 11:57:44,624 [INFO] ADCParametersView:116 -                Rank 3 : false
2025-08-23 11:57:44,624 [INFO] ADCParametersView:116 -                Rank 1 : false
2025-08-23 11:57:44,625 [INFO] ADCParametersView:116 -                Rank 2 : false
2025-08-23 11:57:44,625 [INFO] ADCParametersView:116 -                Rank 3 : false
2025-08-23 11:57:44,625 [INFO] ADCParametersView:116 -                Rank 1 : false
2025-08-23 11:57:44,625 [INFO] ADCParametersView:116 -                Rank 2 : false
2025-08-23 11:57:44,625 [INFO] ADCParametersView:116 -                Rank 3 : false
2025-08-23 11:57:44,625 [INFO] ADCParametersView:116 -                Rank 1 : false
2025-08-23 11:57:44,625 [INFO] ADCParametersView:116 -                Rank 2 : false
2025-08-23 11:57:44,625 [INFO] ADCParametersView:116 -                Rank 3 : false
2025-08-23 11:57:44,625 [INFO] ADCParametersView:116 -                Rank 1 : false
2025-08-23 11:57:44,625 [INFO] ADCParametersView:116 -                Rank 2 : false
2025-08-23 11:57:44,625 [INFO] ADCParametersView:116 -                Rank 3 : false
2025-08-23 11:57:44,625 [INFO] ADCParametersView:116 -                Rank 1 : false
2025-08-23 11:57:44,625 [INFO] ADCParametersView:116 -                Rank 2 : false
2025-08-23 11:57:44,625 [INFO] ADCParametersView:116 -                Rank 3 : false
2025-08-23 11:57:44,625 [INFO] ADCParametersView:116 -                Rank 1 : false
2025-08-23 11:57:44,625 [INFO] ADCParametersView:116 -                Rank 2 : false
2025-08-23 11:57:44,625 [INFO] ADCParametersView:116 -                Rank 3 : false
2025-08-23 11:57:44,625 [INFO] ADCParametersView:116 -                Rank 1 : false
2025-08-23 11:57:44,625 [INFO] ADCParametersView:116 -                Rank 2 : false
2025-08-23 11:57:44,625 [INFO] ADCParametersView:116 -                Rank 3 : false
2025-08-23 11:57:44,625 [INFO] ADCParametersView:116 -                Rank 1 : false
2025-08-23 11:57:44,625 [INFO] ADCParametersView:116 -                Rank 2 : false
2025-08-23 11:57:44,625 [INFO] ADCParametersView:116 -                Rank 3 : false
2025-08-23 11:57:44,625 [INFO] ADCParametersView:116 -                Rank 1 : false
2025-08-23 11:57:44,625 [INFO] ADCParametersView:116 -                Rank 2 : false
2025-08-23 11:57:44,625 [INFO] ADCParametersView:116 -                Rank 3 : false
2025-08-23 11:57:44,626 [INFO] ADCParametersView:116 -                Rank 1 : false
2025-08-23 11:57:44,626 [INFO] ADCParametersView:116 -                Rank 2 : false
2025-08-23 11:57:44,626 [INFO] ADCParametersView:116 -                Rank 3 : false
2025-08-23 11:57:44,626 [INFO] ADCParametersView:116 -                Rank 1 : false
2025-08-23 11:57:44,626 [INFO] ADCParametersView:116 -                Rank 2 : false
2025-08-23 11:57:44,626 [INFO] ADCParametersView:116 -                Rank 3 : false
2025-08-23 11:57:44,626 [INFO] ADCParametersView:116 -                Rank 1 : false
2025-08-23 11:57:44,626 [INFO] ADCParametersView:116 -                Rank 2 : false
2025-08-23 11:57:44,626 [INFO] ADCParametersView:116 -                Rank 3 : false
2025-08-23 11:57:44,626 [INFO] ADCParametersView:116 -                Rank 1 : false
2025-08-23 11:57:44,626 [INFO] ADCParametersView:116 -                Rank 2 : false
2025-08-23 11:57:44,626 [INFO] ADCParametersView:116 -                Rank 3 : false
2025-08-23 11:57:44,626 [INFO] ADCParametersView:116 -                Rank 1 : false
2025-08-23 11:57:44,626 [INFO] ADCParametersView:116 -                Rank 2 : false
2025-08-23 11:57:44,626 [INFO] ADCParametersView:116 -                Rank 3 : false
2025-08-23 11:57:44,626 [INFO] ADCParametersView:116 -                Rank 1 : false
2025-08-23 11:57:44,626 [INFO] ADCParametersView:116 -                Rank 2 : false
2025-08-23 11:57:44,626 [INFO] ADCParametersView:116 -                Rank 3 : false
2025-08-23 11:57:44,626 [INFO] ADCParametersView:116 -                Rank 1 : false
2025-08-23 11:57:44,626 [INFO] ADCParametersView:116 -                Rank 2 : false
2025-08-23 11:57:44,626 [INFO] ADCParametersView:116 -                Rank 3 : false
2025-08-23 11:57:44,626 [INFO] ADCParametersView:116 -                Rank 2 : false
2025-08-23 11:57:44,626 [INFO] ADCParametersView:116 -                Rank 3 : false
2025-08-23 11:57:44,626 [INFO] ADCParametersView:116 -                Rank 3 : false
2025-08-23 11:57:44,699 [INFO] NvicIntPanel:101 - NVIC parent = com.st.microxplorer.plugins.ip.nvic.MultiNvicIntPanel[,0,0,0x0,invalid,layout=javax.swing.BoxLayout,alignmentX=0.0,alignmentY=0.0,border=,flags=9,maximumSize=,minimumSize=,preferredSize=]
2025-08-23 11:57:44,797 [INFO] NvicIntPanel:101 - NVIC parent = com.st.microxplorer.plugins.ip.nvic.MultiNvicIntPanel[,0,0,0x0,invalid,layout=javax.swing.BoxLayout,alignmentX=0.0,alignmentY=0.0,border=,flags=9,maximumSize=,minimumSize=,preferredSize=]
2025-08-23 11:57:44,900 [INFO] NvicIntPanel:101 - NVIC parent = com.st.microxplorer.plugins.ip.nvic.MultiNvicIntPanel[,0,0,0x0,invalid,layout=javax.swing.BoxLayout,alignmentX=0.0,alignmentY=0.0,border=,flags=9,maximumSize=,minimumSize=,preferredSize=]
2025-08-23 11:57:44,937 [INFO] ADCParametersView:116 -                Rank 1 : false
2025-08-23 11:57:44,937 [INFO] ADCParametersView:116 -                Rank 1 : false
2025-08-23 11:57:44,937 [INFO] ADCParametersView:116 -                Rank 2 : false
2025-08-23 11:57:44,937 [INFO] ADCParametersView:116 -                Rank 1 : false
2025-08-23 11:57:44,937 [INFO] ADCParametersView:116 -                Rank 2 : false
2025-08-23 11:57:44,937 [INFO] ADCParametersView:116 -                Rank 3 : false
2025-08-23 11:57:44,938 [INFO] ADCParametersView:116 -                Rank 1 : false
2025-08-23 11:57:44,938 [INFO] ADCParametersView:116 -                Rank 2 : false
2025-08-23 11:57:44,938 [INFO] ADCParametersView:116 -                Rank 3 : false
2025-08-23 11:57:44,938 [INFO] ADCParametersView:116 -                Rank 1 : false
2025-08-23 11:57:44,938 [INFO] ADCParametersView:116 -                Rank 2 : false
2025-08-23 11:57:44,938 [INFO] ADCParametersView:116 -                Rank 3 : false
2025-08-23 11:57:44,938 [INFO] ADCParametersView:116 -                Rank 1 : false
2025-08-23 11:57:44,938 [INFO] ADCParametersView:116 -                Rank 2 : false
2025-08-23 11:57:44,938 [INFO] ADCParametersView:116 -                Rank 3 : false
2025-08-23 11:57:44,938 [INFO] ADCParametersView:116 -                Rank 1 : false
2025-08-23 11:57:44,938 [INFO] ADCParametersView:116 -                Rank 2 : false
2025-08-23 11:57:44,938 [INFO] ADCParametersView:116 -                Rank 3 : false
2025-08-23 11:57:44,938 [INFO] ADCParametersView:116 -                Rank 1 : false
2025-08-23 11:57:44,938 [INFO] ADCParametersView:116 -                Rank 2 : false
2025-08-23 11:57:44,938 [INFO] ADCParametersView:116 -                Rank 3 : false
2025-08-23 11:57:44,938 [INFO] ADCParametersView:116 -                Rank 1 : false
2025-08-23 11:57:44,938 [INFO] ADCParametersView:116 -                Rank 2 : false
2025-08-23 11:57:44,938 [INFO] ADCParametersView:116 -                Rank 3 : false
2025-08-23 11:57:44,938 [INFO] ADCParametersView:116 -                Rank 1 : false
2025-08-23 11:57:44,938 [INFO] ADCParametersView:116 -                Rank 2 : false
2025-08-23 11:57:44,938 [INFO] ADCParametersView:116 -                Rank 3 : false
2025-08-23 11:57:44,940 [INFO] ADCParametersView:116 -                Rank 1 : false
2025-08-23 11:57:44,940 [INFO] ADCParametersView:116 -                Rank 2 : false
2025-08-23 11:57:44,940 [INFO] ADCParametersView:116 -                Rank 3 : false
2025-08-23 11:57:44,940 [INFO] ADCParametersView:116 -                Rank 1 : false
2025-08-23 11:57:44,940 [INFO] ADCParametersView:116 -                Rank 2 : false
2025-08-23 11:57:44,940 [INFO] ADCParametersView:116 -                Rank 3 : false
2025-08-23 11:57:44,940 [INFO] ADCParametersView:116 -                Rank 1 : false
2025-08-23 11:57:44,940 [INFO] ADCParametersView:116 -                Rank 2 : false
2025-08-23 11:57:44,940 [INFO] ADCParametersView:116 -                Rank 3 : false
2025-08-23 11:57:44,940 [INFO] ADCParametersView:116 -                Rank 1 : false
2025-08-23 11:57:44,941 [INFO] ADCParametersView:116 -                Rank 2 : false
2025-08-23 11:57:44,941 [INFO] ADCParametersView:116 -                Rank 3 : false
2025-08-23 11:57:44,941 [INFO] ADCParametersView:116 -                Rank 1 : false
2025-08-23 11:57:44,941 [INFO] ADCParametersView:116 -                Rank 2 : false
2025-08-23 11:57:44,941 [INFO] ADCParametersView:116 -                Rank 3 : false
2025-08-23 11:57:44,941 [INFO] ADCParametersView:116 -                Rank 1 : false
2025-08-23 11:57:44,941 [INFO] ADCParametersView:116 -                Rank 2 : false
2025-08-23 11:57:44,941 [INFO] ADCParametersView:116 -                Rank 3 : false
2025-08-23 11:57:44,941 [INFO] ADCParametersView:116 -                Rank 1 : false
2025-08-23 11:57:44,941 [INFO] ADCParametersView:116 -                Rank 2 : false
2025-08-23 11:57:44,941 [INFO] ADCParametersView:116 -                Rank 3 : false
2025-08-23 11:57:44,941 [INFO] ADCParametersView:116 -                Rank 1 : false
2025-08-23 11:57:44,941 [INFO] ADCParametersView:116 -                Rank 2 : false
2025-08-23 11:57:44,941 [INFO] ADCParametersView:116 -                Rank 3 : false
2025-08-23 11:57:44,941 [INFO] ADCParametersView:116 -                Rank 1 : false
2025-08-23 11:57:44,942 [INFO] ADCParametersView:116 -                Rank 2 : false
2025-08-23 11:57:44,942 [INFO] ADCParametersView:116 -                Rank 3 : false
2025-08-23 11:57:44,942 [INFO] ADCParametersView:116 -                Rank 1 : false
2025-08-23 11:57:44,942 [INFO] ADCParametersView:116 -                Rank 2 : false
2025-08-23 11:57:44,942 [INFO] ADCParametersView:116 -                Rank 3 : false
2025-08-23 11:57:44,942 [INFO] ADCParametersView:116 -                Rank 1 : false
2025-08-23 11:57:44,942 [INFO] ADCParametersView:116 -                Rank 2 : false
2025-08-23 11:57:44,942 [INFO] ADCParametersView:116 -                Rank 3 : false
2025-08-23 11:57:44,942 [INFO] ADCParametersView:116 -                Rank 1 : false
2025-08-23 11:57:44,942 [INFO] ADCParametersView:116 -                Rank 2 : false
2025-08-23 11:57:44,942 [INFO] ADCParametersView:116 -                Rank 3 : false
2025-08-23 11:57:44,942 [INFO] ADCParametersView:116 -                Rank 1 : false
2025-08-23 11:57:44,942 [INFO] ADCParametersView:116 -                Rank 2 : false
2025-08-23 11:57:44,942 [INFO] ADCParametersView:116 -                Rank 3 : false
2025-08-23 11:57:44,942 [INFO] ADCParametersView:116 -                Rank 1 : false
2025-08-23 11:57:44,942 [INFO] ADCParametersView:116 -                Rank 2 : false
2025-08-23 11:57:44,943 [INFO] ADCParametersView:116 -                Rank 3 : false
2025-08-23 11:57:44,943 [INFO] ADCParametersView:116 -                Rank 1 : false
2025-08-23 11:57:44,943 [INFO] ADCParametersView:116 -                Rank 2 : false
2025-08-23 11:57:44,943 [INFO] ADCParametersView:116 -                Rank 3 : false
2025-08-23 11:57:44,943 [INFO] ADCParametersView:116 -                Rank 1 : false
2025-08-23 11:57:44,943 [INFO] ADCParametersView:116 -                Rank 2 : false
2025-08-23 11:57:44,943 [INFO] ADCParametersView:116 -                Rank 3 : false
2025-08-23 11:57:44,943 [INFO] ADCParametersView:116 -                Rank 1 : false
2025-08-23 11:57:44,943 [INFO] ADCParametersView:116 -                Rank 2 : false
2025-08-23 11:57:44,943 [INFO] ADCParametersView:116 -                Rank 3 : false
2025-08-23 11:57:44,943 [INFO] ADCParametersView:116 -                Rank 1 : false
2025-08-23 11:57:44,943 [INFO] ADCParametersView:116 -                Rank 2 : false
2025-08-23 11:57:44,943 [INFO] ADCParametersView:116 -                Rank 3 : false
2025-08-23 11:57:44,943 [INFO] ADCParametersView:116 -                Rank 2 : false
2025-08-23 11:57:44,943 [INFO] ADCParametersView:116 -                Rank 3 : false
2025-08-23 11:57:44,943 [INFO] ADCParametersView:116 -                Rank 3 : false
2025-08-23 11:57:45,017 [INFO] NvicIntPanel:101 - NVIC parent = com.st.microxplorer.plugins.ip.nvic.MultiNvicIntPanel[,0,0,0x0,invalid,layout=javax.swing.BoxLayout,alignmentX=0.0,alignmentY=0.0,border=,flags=9,maximumSize=,minimumSize=,preferredSize=]
2025-08-23 11:57:45,113 [INFO] NvicIntPanel:101 - NVIC parent = com.st.microxplorer.plugins.ip.nvic.MultiNvicIntPanel[,0,0,0x0,invalid,layout=javax.swing.BoxLayout,alignmentX=0.0,alignmentY=0.0,border=,flags=9,maximumSize=,minimumSize=,preferredSize=]
2025-08-23 11:57:45,219 [INFO] NvicIntPanel:101 - NVIC parent = com.st.microxplorer.plugins.ip.nvic.MultiNvicIntPanel[,0,0,0x0,invalid,layout=javax.swing.BoxLayout,alignmentX=0.0,alignmentY=0.0,border=,flags=9,maximumSize=,minimumSize=,preferredSize=]
2025-08-23 11:57:45,269 [INFO] ADCParametersView:116 -                Rank 1 : false
2025-08-23 11:57:45,269 [INFO] ADCParametersView:116 -                Rank 1 : false
2025-08-23 11:57:45,269 [INFO] ADCParametersView:116 -                Rank 2 : false
2025-08-23 11:57:45,269 [INFO] ADCParametersView:116 -                Rank 1 : false
2025-08-23 11:57:45,269 [INFO] ADCParametersView:116 -                Rank 2 : false
2025-08-23 11:57:45,269 [INFO] ADCParametersView:116 -                Rank 3 : false
2025-08-23 11:57:45,269 [INFO] ADCParametersView:116 -                Rank 1 : false
2025-08-23 11:57:45,269 [INFO] ADCParametersView:116 -                Rank 2 : false
2025-08-23 11:57:45,269 [INFO] ADCParametersView:116 -                Rank 3 : false
2025-08-23 11:57:45,270 [INFO] ADCParametersView:116 -                Rank 1 : false
2025-08-23 11:57:45,270 [INFO] ADCParametersView:116 -                Rank 2 : false
2025-08-23 11:57:45,270 [INFO] ADCParametersView:116 -                Rank 3 : false
2025-08-23 11:57:45,270 [INFO] ADCParametersView:116 -                Rank 1 : false
2025-08-23 11:57:45,270 [INFO] ADCParametersView:116 -                Rank 2 : false
2025-08-23 11:57:45,270 [INFO] ADCParametersView:116 -                Rank 3 : false
2025-08-23 11:57:45,270 [INFO] ADCParametersView:116 -                Rank 1 : false
2025-08-23 11:57:45,270 [INFO] ADCParametersView:116 -                Rank 2 : false
2025-08-23 11:57:45,270 [INFO] ADCParametersView:116 -                Rank 3 : false
2025-08-23 11:57:45,270 [INFO] ADCParametersView:116 -                Rank 1 : false
2025-08-23 11:57:45,270 [INFO] ADCParametersView:116 -                Rank 2 : false
2025-08-23 11:57:45,270 [INFO] ADCParametersView:116 -                Rank 3 : false
2025-08-23 11:57:45,270 [INFO] ADCParametersView:116 -                Rank 1 : false
2025-08-23 11:57:45,270 [INFO] ADCParametersView:116 -                Rank 2 : false
2025-08-23 11:57:45,270 [INFO] ADCParametersView:116 -                Rank 3 : false
2025-08-23 11:57:45,270 [INFO] ADCParametersView:116 -                Rank 1 : false
2025-08-23 11:57:45,270 [INFO] ADCParametersView:116 -                Rank 2 : false
2025-08-23 11:57:45,270 [INFO] ADCParametersView:116 -                Rank 3 : false
2025-08-23 11:57:45,270 [INFO] ADCParametersView:116 -                Rank 1 : false
2025-08-23 11:57:45,270 [INFO] ADCParametersView:116 -                Rank 2 : false
2025-08-23 11:57:45,270 [INFO] ADCParametersView:116 -                Rank 3 : false
2025-08-23 11:57:45,270 [INFO] ADCParametersView:116 -                Rank 1 : false
2025-08-23 11:57:45,270 [INFO] ADCParametersView:116 -                Rank 2 : false
2025-08-23 11:57:45,270 [INFO] ADCParametersView:116 -                Rank 3 : false
2025-08-23 11:57:45,271 [INFO] ADCParametersView:116 -                Rank 1 : false
2025-08-23 11:57:45,271 [INFO] ADCParametersView:116 -                Rank 2 : false
2025-08-23 11:57:45,271 [INFO] ADCParametersView:116 -                Rank 3 : false
2025-08-23 11:57:45,271 [INFO] ADCParametersView:116 -                Rank 1 : false
2025-08-23 11:57:45,271 [INFO] ADCParametersView:116 -                Rank 2 : false
2025-08-23 11:57:45,271 [INFO] ADCParametersView:116 -                Rank 3 : false
2025-08-23 11:57:45,271 [INFO] ADCParametersView:116 -                Rank 1 : false
2025-08-23 11:57:45,271 [INFO] ADCParametersView:116 -                Rank 2 : false
2025-08-23 11:57:45,271 [INFO] ADCParametersView:116 -                Rank 3 : false
2025-08-23 11:57:45,271 [INFO] ADCParametersView:116 -                Rank 1 : false
2025-08-23 11:57:45,271 [INFO] ADCParametersView:116 -                Rank 2 : false
2025-08-23 11:57:45,271 [INFO] ADCParametersView:116 -                Rank 3 : false
2025-08-23 11:57:45,271 [INFO] ADCParametersView:116 -                Rank 1 : false
2025-08-23 11:57:45,271 [INFO] ADCParametersView:116 -                Rank 2 : false
2025-08-23 11:57:45,271 [INFO] ADCParametersView:116 -                Rank 3 : false
2025-08-23 11:57:45,271 [INFO] ADCParametersView:116 -                Rank 1 : false
2025-08-23 11:57:45,271 [INFO] ADCParametersView:116 -                Rank 2 : false
2025-08-23 11:57:45,271 [INFO] ADCParametersView:116 -                Rank 3 : false
2025-08-23 11:57:45,271 [INFO] ADCParametersView:116 -                Rank 1 : false
2025-08-23 11:57:45,271 [INFO] ADCParametersView:116 -                Rank 2 : false
2025-08-23 11:57:45,271 [INFO] ADCParametersView:116 -                Rank 3 : false
2025-08-23 11:57:45,271 [INFO] ADCParametersView:116 -                Rank 1 : false
2025-08-23 11:57:45,271 [INFO] ADCParametersView:116 -                Rank 2 : false
2025-08-23 11:57:45,271 [INFO] ADCParametersView:116 -                Rank 3 : false
2025-08-23 11:57:45,272 [INFO] ADCParametersView:116 -                Rank 1 : false
2025-08-23 11:57:45,272 [INFO] ADCParametersView:116 -                Rank 2 : false
2025-08-23 11:57:45,272 [INFO] ADCParametersView:116 -                Rank 3 : false
2025-08-23 11:57:45,272 [INFO] ADCParametersView:116 -                Rank 1 : false
2025-08-23 11:57:45,272 [INFO] ADCParametersView:116 -                Rank 2 : false
2025-08-23 11:57:45,272 [INFO] ADCParametersView:116 -                Rank 3 : false
2025-08-23 11:57:45,272 [INFO] ADCParametersView:116 -                Rank 1 : false
2025-08-23 11:57:45,272 [INFO] ADCParametersView:116 -                Rank 2 : false
2025-08-23 11:57:45,272 [INFO] ADCParametersView:116 -                Rank 3 : false
2025-08-23 11:57:45,272 [INFO] ADCParametersView:116 -                Rank 1 : false
2025-08-23 11:57:45,272 [INFO] ADCParametersView:116 -                Rank 2 : false
2025-08-23 11:57:45,272 [INFO] ADCParametersView:116 -                Rank 3 : false
2025-08-23 11:57:45,272 [INFO] ADCParametersView:116 -                Rank 1 : false
2025-08-23 11:57:45,272 [INFO] ADCParametersView:116 -                Rank 2 : false
2025-08-23 11:57:45,272 [INFO] ADCParametersView:116 -                Rank 3 : false
2025-08-23 11:57:45,272 [INFO] ADCParametersView:116 -                Rank 1 : false
2025-08-23 11:57:45,272 [INFO] ADCParametersView:116 -                Rank 2 : false
2025-08-23 11:57:45,272 [INFO] ADCParametersView:116 -                Rank 3 : false
2025-08-23 11:57:45,272 [INFO] ADCParametersView:116 -                Rank 1 : false
2025-08-23 11:57:45,272 [INFO] ADCParametersView:116 -                Rank 2 : false
2025-08-23 11:57:45,272 [INFO] ADCParametersView:116 -                Rank 3 : false
2025-08-23 11:57:45,273 [INFO] ADCParametersView:116 -                Rank 1 : false
2025-08-23 11:57:45,273 [INFO] ADCParametersView:116 -                Rank 2 : false
2025-08-23 11:57:45,273 [INFO] ADCParametersView:116 -                Rank 3 : false
2025-08-23 11:57:45,273 [INFO] ADCParametersView:116 -                Rank 2 : false
2025-08-23 11:57:45,273 [INFO] ADCParametersView:116 -                Rank 3 : false
2025-08-23 11:57:45,273 [INFO] ADCParametersView:116 -                Rank 3 : false
2025-08-23 11:57:45,348 [INFO] NvicIntPanel:101 - NVIC parent = com.st.microxplorer.plugins.ip.nvic.MultiNvicIntPanel[,0,0,0x0,invalid,layout=javax.swing.BoxLayout,alignmentX=0.0,alignmentY=0.0,border=,flags=9,maximumSize=,minimumSize=,preferredSize=]
2025-08-23 11:57:45,470 [INFO] NvicIntPanel:101 - NVIC parent = com.st.microxplorer.plugins.ip.nvic.MultiNvicIntPanel[,0,0,0x0,invalid,layout=javax.swing.BoxLayout,alignmentX=0.0,alignmentY=0.0,border=,flags=9,maximumSize=,minimumSize=,preferredSize=]
2025-08-23 11:57:45,586 [INFO] NvicIntPanel:101 - NVIC parent = com.st.microxplorer.plugins.ip.nvic.MultiNvicIntPanel[,0,0,0x0,invalid,layout=javax.swing.BoxLayout,alignmentX=0.0,alignmentY=0.0,border=,flags=9,maximumSize=,minimumSize=,preferredSize=]
2025-08-23 11:57:45,618 [INFO] ADCParametersView:116 -                Rank 1 : false
2025-08-23 11:57:45,618 [INFO] ADCParametersView:116 -                Rank 1 : false
2025-08-23 11:57:45,618 [INFO] ADCParametersView:116 -                Rank 2 : false
2025-08-23 11:57:45,618 [INFO] ADCParametersView:116 -                Rank 1 : false
2025-08-23 11:57:45,618 [INFO] ADCParametersView:116 -                Rank 2 : false
2025-08-23 11:57:45,618 [INFO] ADCParametersView:116 -                Rank 3 : false
2025-08-23 11:57:45,618 [INFO] ADCParametersView:116 -                Rank 1 : false
2025-08-23 11:57:45,618 [INFO] ADCParametersView:116 -                Rank 2 : false
2025-08-23 11:57:45,618 [INFO] ADCParametersView:116 -                Rank 3 : false
2025-08-23 11:57:45,618 [INFO] ADCParametersView:116 -                Rank 1 : false
2025-08-23 11:57:45,618 [INFO] ADCParametersView:116 -                Rank 2 : false
2025-08-23 11:57:45,618 [INFO] ADCParametersView:116 -                Rank 3 : false
2025-08-23 11:57:45,618 [INFO] ADCParametersView:116 -                Rank 1 : false
2025-08-23 11:57:45,618 [INFO] ADCParametersView:116 -                Rank 2 : false
2025-08-23 11:57:45,618 [INFO] ADCParametersView:116 -                Rank 3 : false
2025-08-23 11:57:45,618 [INFO] ADCParametersView:116 -                Rank 1 : false
2025-08-23 11:57:45,618 [INFO] ADCParametersView:116 -                Rank 2 : false
2025-08-23 11:57:45,618 [INFO] ADCParametersView:116 -                Rank 3 : false
2025-08-23 11:57:45,618 [INFO] ADCParametersView:116 -                Rank 1 : false
2025-08-23 11:57:45,620 [INFO] ADCParametersView:116 -                Rank 2 : false
2025-08-23 11:57:45,620 [INFO] ADCParametersView:116 -                Rank 3 : false
2025-08-23 11:57:45,620 [INFO] ADCParametersView:116 -                Rank 1 : false
2025-08-23 11:57:45,620 [INFO] ADCParametersView:116 -                Rank 2 : false
2025-08-23 11:57:45,620 [INFO] ADCParametersView:116 -                Rank 3 : false
2025-08-23 11:57:45,620 [INFO] ADCParametersView:116 -                Rank 1 : false
2025-08-23 11:57:45,620 [INFO] ADCParametersView:116 -                Rank 2 : false
2025-08-23 11:57:45,620 [INFO] ADCParametersView:116 -                Rank 3 : false
2025-08-23 11:57:45,620 [INFO] ADCParametersView:116 -                Rank 1 : false
2025-08-23 11:57:45,620 [INFO] ADCParametersView:116 -                Rank 2 : false
2025-08-23 11:57:45,620 [INFO] ADCParametersView:116 -                Rank 3 : false
2025-08-23 11:57:45,620 [INFO] ADCParametersView:116 -                Rank 1 : false
2025-08-23 11:57:45,620 [INFO] ADCParametersView:116 -                Rank 2 : false
2025-08-23 11:57:45,620 [INFO] ADCParametersView:116 -                Rank 3 : false
2025-08-23 11:57:45,620 [INFO] ADCParametersView:116 -                Rank 1 : false
2025-08-23 11:57:45,620 [INFO] ADCParametersView:116 -                Rank 2 : false
2025-08-23 11:57:45,620 [INFO] ADCParametersView:116 -                Rank 3 : false
2025-08-23 11:57:45,620 [INFO] ADCParametersView:116 -                Rank 1 : false
2025-08-23 11:57:45,620 [INFO] ADCParametersView:116 -                Rank 2 : false
2025-08-23 11:57:45,620 [INFO] ADCParametersView:116 -                Rank 3 : false
2025-08-23 11:57:45,620 [INFO] ADCParametersView:116 -                Rank 1 : false
2025-08-23 11:57:45,620 [INFO] ADCParametersView:116 -                Rank 2 : false
2025-08-23 11:57:45,620 [INFO] ADCParametersView:116 -                Rank 3 : false
2025-08-23 11:57:45,620 [INFO] ADCParametersView:116 -                Rank 1 : false
2025-08-23 11:57:45,620 [INFO] ADCParametersView:116 -                Rank 2 : false
2025-08-23 11:57:45,620 [INFO] ADCParametersView:116 -                Rank 3 : false
2025-08-23 11:57:45,620 [INFO] ADCParametersView:116 -                Rank 1 : false
2025-08-23 11:57:45,620 [INFO] ADCParametersView:116 -                Rank 2 : false
2025-08-23 11:57:45,620 [INFO] ADCParametersView:116 -                Rank 3 : false
2025-08-23 11:57:45,621 [INFO] ADCParametersView:116 -                Rank 1 : false
2025-08-23 11:57:45,621 [INFO] ADCParametersView:116 -                Rank 2 : false
2025-08-23 11:57:45,621 [INFO] ADCParametersView:116 -                Rank 3 : false
2025-08-23 11:57:45,621 [INFO] ADCParametersView:116 -                Rank 1 : false
2025-08-23 11:57:45,621 [INFO] ADCParametersView:116 -                Rank 2 : false
2025-08-23 11:57:45,621 [INFO] ADCParametersView:116 -                Rank 3 : false
2025-08-23 11:57:45,621 [INFO] ADCParametersView:116 -                Rank 1 : false
2025-08-23 11:57:45,621 [INFO] ADCParametersView:116 -                Rank 2 : false
2025-08-23 11:57:45,621 [INFO] ADCParametersView:116 -                Rank 3 : false
2025-08-23 11:57:45,621 [INFO] ADCParametersView:116 -                Rank 1 : false
2025-08-23 11:57:45,621 [INFO] ADCParametersView:116 -                Rank 2 : false
2025-08-23 11:57:45,621 [INFO] ADCParametersView:116 -                Rank 3 : false
2025-08-23 11:57:45,621 [INFO] ADCParametersView:116 -                Rank 1 : false
2025-08-23 11:57:45,621 [INFO] ADCParametersView:116 -                Rank 2 : false
2025-08-23 11:57:45,621 [INFO] ADCParametersView:116 -                Rank 3 : false
2025-08-23 11:57:45,621 [INFO] ADCParametersView:116 -                Rank 1 : false
2025-08-23 11:57:45,621 [INFO] ADCParametersView:116 -                Rank 2 : false
2025-08-23 11:57:45,621 [INFO] ADCParametersView:116 -                Rank 3 : false
2025-08-23 11:57:45,621 [INFO] ADCParametersView:116 -                Rank 1 : false
2025-08-23 11:57:45,621 [INFO] ADCParametersView:116 -                Rank 2 : false
2025-08-23 11:57:45,621 [INFO] ADCParametersView:116 -                Rank 3 : false
2025-08-23 11:57:45,621 [INFO] ADCParametersView:116 -                Rank 1 : false
2025-08-23 11:57:45,621 [INFO] ADCParametersView:116 -                Rank 2 : false
2025-08-23 11:57:45,621 [INFO] ADCParametersView:116 -                Rank 3 : false
2025-08-23 11:57:45,621 [INFO] ADCParametersView:116 -                Rank 1 : false
2025-08-23 11:57:45,621 [INFO] ADCParametersView:116 -                Rank 2 : false
2025-08-23 11:57:45,621 [INFO] ADCParametersView:116 -                Rank 3 : false
2025-08-23 11:57:45,621 [INFO] ADCParametersView:116 -                Rank 1 : false
2025-08-23 11:57:45,622 [INFO] ADCParametersView:116 -                Rank 2 : false
2025-08-23 11:57:45,622 [INFO] ADCParametersView:116 -                Rank 3 : false
2025-08-23 11:57:45,622 [INFO] ADCParametersView:116 -                Rank 1 : false
2025-08-23 11:57:45,622 [INFO] ADCParametersView:116 -                Rank 2 : false
2025-08-23 11:57:45,622 [INFO] ADCParametersView:116 -                Rank 3 : false
2025-08-23 11:57:45,622 [INFO] ADCParametersView:116 -                Rank 2 : false
2025-08-23 11:57:45,622 [INFO] ADCParametersView:116 -                Rank 3 : false
2025-08-23 11:57:45,622 [INFO] ADCParametersView:116 -                Rank 3 : false
2025-08-23 11:57:45,686 [INFO] NvicIntPanel:101 - NVIC parent = com.st.microxplorer.plugins.ip.nvic.MultiNvicIntPanel[,0,0,0x0,invalid,layout=javax.swing.BoxLayout,alignmentX=0.0,alignmentY=0.0,border=,flags=9,maximumSize=,minimumSize=,preferredSize=]
2025-08-23 11:57:45,775 [INFO] NvicIntPanel:101 - NVIC parent = com.st.microxplorer.plugins.ip.nvic.MultiNvicIntPanel[,0,0,0x0,invalid,layout=javax.swing.BoxLayout,alignmentX=0.0,alignmentY=0.0,border=,flags=9,maximumSize=,minimumSize=,preferredSize=]
2025-08-23 11:57:45,869 [INFO] NvicIntPanel:101 - NVIC parent = com.st.microxplorer.plugins.ip.nvic.MultiNvicIntPanel[,0,0,0x0,invalid,layout=javax.swing.BoxLayout,alignmentX=0.0,alignmentY=0.0,border=,flags=9,maximumSize=,minimumSize=,preferredSize=]
2025-08-23 11:57:45,909 [INFO] ADCParametersView:116 -                Rank 1 : false
2025-08-23 11:57:45,909 [INFO] ADCParametersView:116 -                Rank 1 : false
2025-08-23 11:57:45,909 [INFO] ADCParametersView:116 -                Rank 2 : false
2025-08-23 11:57:45,909 [INFO] ADCParametersView:116 -                Rank 1 : false
2025-08-23 11:57:45,909 [INFO] ADCParametersView:116 -                Rank 2 : false
2025-08-23 11:57:45,909 [INFO] ADCParametersView:116 -                Rank 3 : false
2025-08-23 11:57:45,910 [INFO] ADCParametersView:116 -                Rank 1 : false
2025-08-23 11:57:45,910 [INFO] ADCParametersView:116 -                Rank 2 : false
2025-08-23 11:57:45,910 [INFO] ADCParametersView:116 -                Rank 3 : false
2025-08-23 11:57:45,910 [INFO] ADCParametersView:116 -                Rank 1 : false
2025-08-23 11:57:45,910 [INFO] ADCParametersView:116 -                Rank 2 : false
2025-08-23 11:57:45,910 [INFO] ADCParametersView:116 -                Rank 3 : false
2025-08-23 11:57:45,910 [INFO] ADCParametersView:116 -                Rank 1 : false
2025-08-23 11:57:45,910 [INFO] ADCParametersView:116 -                Rank 2 : false
2025-08-23 11:57:45,910 [INFO] ADCParametersView:116 -                Rank 3 : false
2025-08-23 11:57:45,910 [INFO] ADCParametersView:116 -                Rank 1 : false
2025-08-23 11:57:45,910 [INFO] ADCParametersView:116 -                Rank 2 : false
2025-08-23 11:57:45,910 [INFO] ADCParametersView:116 -                Rank 3 : false
2025-08-23 11:57:45,910 [INFO] ADCParametersView:116 -                Rank 1 : false
2025-08-23 11:57:45,910 [INFO] ADCParametersView:116 -                Rank 2 : false
2025-08-23 11:57:45,910 [INFO] ADCParametersView:116 -                Rank 3 : false
2025-08-23 11:57:45,910 [INFO] ADCParametersView:116 -                Rank 1 : false
2025-08-23 11:57:45,910 [INFO] ADCParametersView:116 -                Rank 2 : false
2025-08-23 11:57:45,910 [INFO] ADCParametersView:116 -                Rank 3 : false
2025-08-23 11:57:45,910 [INFO] ADCParametersView:116 -                Rank 1 : false
2025-08-23 11:57:45,910 [INFO] ADCParametersView:116 -                Rank 2 : false
2025-08-23 11:57:45,910 [INFO] ADCParametersView:116 -                Rank 3 : false
2025-08-23 11:57:45,910 [INFO] ADCParametersView:116 -                Rank 1 : false
2025-08-23 11:57:45,910 [INFO] ADCParametersView:116 -                Rank 2 : false
2025-08-23 11:57:45,910 [INFO] ADCParametersView:116 -                Rank 3 : false
2025-08-23 11:57:45,911 [INFO] ADCParametersView:116 -                Rank 1 : false
2025-08-23 11:57:45,911 [INFO] ADCParametersView:116 -                Rank 2 : false
2025-08-23 11:57:45,911 [INFO] ADCParametersView:116 -                Rank 3 : false
2025-08-23 11:57:45,911 [INFO] ADCParametersView:116 -                Rank 1 : false
2025-08-23 11:57:45,911 [INFO] ADCParametersView:116 -                Rank 2 : false
2025-08-23 11:57:45,911 [INFO] ADCParametersView:116 -                Rank 3 : false
2025-08-23 11:57:45,911 [INFO] ADCParametersView:116 -                Rank 1 : false
2025-08-23 11:57:45,911 [INFO] ADCParametersView:116 -                Rank 2 : false
2025-08-23 11:57:45,911 [INFO] ADCParametersView:116 -                Rank 3 : false
2025-08-23 11:57:45,911 [INFO] ADCParametersView:116 -                Rank 1 : false
2025-08-23 11:57:45,911 [INFO] ADCParametersView:116 -                Rank 2 : false
2025-08-23 11:57:45,911 [INFO] ADCParametersView:116 -                Rank 3 : false
2025-08-23 11:57:45,911 [INFO] ADCParametersView:116 -                Rank 1 : false
2025-08-23 11:57:45,911 [INFO] ADCParametersView:116 -                Rank 2 : false
2025-08-23 11:57:45,911 [INFO] ADCParametersView:116 -                Rank 3 : false
2025-08-23 11:57:45,911 [INFO] ADCParametersView:116 -                Rank 1 : false
2025-08-23 11:57:45,911 [INFO] ADCParametersView:116 -                Rank 2 : false
2025-08-23 11:57:45,911 [INFO] ADCParametersView:116 -                Rank 3 : false
2025-08-23 11:57:45,911 [INFO] ADCParametersView:116 -                Rank 1 : false
2025-08-23 11:57:45,911 [INFO] ADCParametersView:116 -                Rank 2 : false
2025-08-23 11:57:45,911 [INFO] ADCParametersView:116 -                Rank 3 : false
2025-08-23 11:57:45,911 [INFO] ADCParametersView:116 -                Rank 1 : false
2025-08-23 11:57:45,911 [INFO] ADCParametersView:116 -                Rank 2 : false
2025-08-23 11:57:45,911 [INFO] ADCParametersView:116 -                Rank 3 : false
2025-08-23 11:57:45,911 [INFO] ADCParametersView:116 -                Rank 1 : false
2025-08-23 11:57:45,912 [INFO] ADCParametersView:116 -                Rank 2 : false
2025-08-23 11:57:45,912 [INFO] ADCParametersView:116 -                Rank 3 : false
2025-08-23 11:57:45,912 [INFO] ADCParametersView:116 -                Rank 1 : false
2025-08-23 11:57:45,912 [INFO] ADCParametersView:116 -                Rank 2 : false
2025-08-23 11:57:45,912 [INFO] ADCParametersView:116 -                Rank 3 : false
2025-08-23 11:57:45,912 [INFO] ADCParametersView:116 -                Rank 1 : false
2025-08-23 11:57:45,912 [INFO] ADCParametersView:116 -                Rank 2 : false
2025-08-23 11:57:45,912 [INFO] ADCParametersView:116 -                Rank 3 : false
2025-08-23 11:57:45,912 [INFO] ADCParametersView:116 -                Rank 1 : false
2025-08-23 11:57:45,912 [INFO] ADCParametersView:116 -                Rank 2 : false
2025-08-23 11:57:45,912 [INFO] ADCParametersView:116 -                Rank 3 : false
2025-08-23 11:57:45,912 [INFO] ADCParametersView:116 -                Rank 1 : false
2025-08-23 11:57:45,912 [INFO] ADCParametersView:116 -                Rank 2 : false
2025-08-23 11:57:45,912 [INFO] ADCParametersView:116 -                Rank 3 : false
2025-08-23 11:57:45,912 [INFO] ADCParametersView:116 -                Rank 1 : false
2025-08-23 11:57:45,912 [INFO] ADCParametersView:116 -                Rank 2 : false
2025-08-23 11:57:45,912 [INFO] ADCParametersView:116 -                Rank 3 : false
2025-08-23 11:57:45,912 [INFO] ADCParametersView:116 -                Rank 1 : false
2025-08-23 11:57:45,912 [INFO] ADCParametersView:116 -                Rank 2 : false
2025-08-23 11:57:45,912 [INFO] ADCParametersView:116 -                Rank 3 : false
2025-08-23 11:57:45,912 [INFO] ADCParametersView:116 -                Rank 1 : false
2025-08-23 11:57:45,912 [INFO] ADCParametersView:116 -                Rank 2 : false
2025-08-23 11:57:45,912 [INFO] ADCParametersView:116 -                Rank 3 : false
2025-08-23 11:57:45,912 [INFO] ADCParametersView:116 -                Rank 1 : false
2025-08-23 11:57:45,912 [INFO] ADCParametersView:116 -                Rank 2 : false
2025-08-23 11:57:45,912 [INFO] ADCParametersView:116 -                Rank 3 : false
2025-08-23 11:57:45,912 [INFO] ADCParametersView:116 -                Rank 2 : false
2025-08-23 11:57:45,913 [INFO] ADCParametersView:116 -                Rank 3 : false
2025-08-23 11:57:45,913 [INFO] ADCParametersView:116 -                Rank 3 : false
2025-08-23 11:57:45,984 [INFO] NvicIntPanel:101 - NVIC parent = com.st.microxplorer.plugins.ip.nvic.MultiNvicIntPanel[,0,0,0x0,invalid,layout=javax.swing.BoxLayout,alignmentX=0.0,alignmentY=0.0,border=,flags=9,maximumSize=,minimumSize=,preferredSize=]
2025-08-23 11:57:46,076 [INFO] NvicIntPanel:101 - NVIC parent = com.st.microxplorer.plugins.ip.nvic.MultiNvicIntPanel[,0,0,0x0,invalid,layout=javax.swing.BoxLayout,alignmentX=0.0,alignmentY=0.0,border=,flags=9,maximumSize=,minimumSize=,preferredSize=]
2025-08-23 11:57:46,178 [INFO] NvicIntPanel:101 - NVIC parent = com.st.microxplorer.plugins.ip.nvic.MultiNvicIntPanel[,0,0,0x0,invalid,layout=javax.swing.BoxLayout,alignmentX=0.0,alignmentY=0.0,border=,flags=9,maximumSize=,minimumSize=,preferredSize=]
2025-08-23 11:57:46,217 [INFO] ADCParametersView:116 -                Rank 1 : false
2025-08-23 11:57:46,218 [INFO] ADCParametersView:116 -                Rank 1 : false
2025-08-23 11:57:46,218 [INFO] ADCParametersView:116 -                Rank 2 : false
2025-08-23 11:57:46,218 [INFO] ADCParametersView:116 -                Rank 1 : false
2025-08-23 11:57:46,218 [INFO] ADCParametersView:116 -                Rank 2 : false
2025-08-23 11:57:46,218 [INFO] ADCParametersView:116 -                Rank 3 : false
2025-08-23 11:58:10,109 [INFO] Gpio:278 - dependency for GPIO [ADC1]
2025-08-23 11:58:30,491 [INFO] ADCParametersView:116 -                Rank 1 : false
2025-08-23 11:58:30,491 [INFO] ADCParametersView:116 -                Rank 2 : false
2025-08-23 11:58:30,491 [INFO] ADCParametersView:116 -                Rank 3 : false
2025-08-23 11:58:30,491 [INFO] ADCParametersView:116 -                Rank 1 : false
2025-08-23 11:58:30,491 [INFO] ADCParametersView:116 -                Rank 2 : false
2025-08-23 11:58:30,491 [INFO] ADCParametersView:116 -                Rank 3 : false
2025-08-23 11:58:30,491 [INFO] ADCParametersView:116 -                Rank 1 : false
2025-08-23 11:58:30,491 [INFO] ADCParametersView:116 -                Rank 2 : false
2025-08-23 11:58:30,491 [INFO] ADCParametersView:116 -                Rank 3 : false
2025-08-23 11:58:30,492 [INFO] ADCParametersView:116 -                Rank 1 : false
2025-08-23 11:58:30,492 [INFO] ADCParametersView:116 -                Rank 2 : false
2025-08-23 11:58:30,492 [INFO] ADCParametersView:116 -                Rank 3 : false
2025-08-23 11:58:30,492 [INFO] ADCParametersView:116 -                Rank 1 : false
2025-08-23 11:58:30,492 [INFO] ADCParametersView:116 -                Rank 2 : false
2025-08-23 11:58:30,492 [INFO] ADCParametersView:116 -                Rank 3 : false
2025-08-23 11:58:30,492 [INFO] ADCParametersView:116 -                Rank 1 : false
2025-08-23 11:58:30,492 [INFO] ADCParametersView:116 -                Rank 2 : false
2025-08-23 11:58:30,492 [INFO] ADCParametersView:116 -                Rank 3 : false
2025-08-23 11:58:30,492 [INFO] ADCParametersView:116 -                Rank 1 : false
2025-08-23 11:58:30,492 [INFO] ADCParametersView:116 -                Rank 2 : false
2025-08-23 11:58:30,492 [INFO] ADCParametersView:116 -                Rank 3 : false
2025-08-23 11:58:30,492 [INFO] ADCParametersView:116 -                Rank 1 : false
2025-08-23 11:58:30,492 [INFO] ADCParametersView:116 -                Rank 2 : false
2025-08-23 11:58:30,492 [INFO] ADCParametersView:116 -                Rank 3 : false
2025-08-23 11:58:30,492 [INFO] ADCParametersView:116 -                Rank 1 : false
2025-08-23 11:58:30,492 [INFO] ADCParametersView:116 -                Rank 2 : false
2025-08-23 11:58:30,492 [INFO] ADCParametersView:116 -                Rank 3 : false
2025-08-23 11:58:30,492 [INFO] ADCParametersView:116 -                Rank 1 : false
2025-08-23 11:58:30,492 [INFO] ADCParametersView:116 -                Rank 2 : false
2025-08-23 11:58:30,492 [INFO] ADCParametersView:116 -                Rank 3 : false
2025-08-23 11:58:30,492 [INFO] ADCParametersView:116 -                Rank 1 : false
2025-08-23 11:58:30,492 [INFO] ADCParametersView:116 -                Rank 2 : false
2025-08-23 11:58:30,492 [INFO] ADCParametersView:116 -                Rank 3 : false
2025-08-23 11:58:30,492 [INFO] ADCParametersView:116 -                Rank 1 : false
2025-08-23 11:58:30,492 [INFO] ADCParametersView:116 -                Rank 2 : false
2025-08-23 11:58:30,492 [INFO] ADCParametersView:116 -                Rank 3 : false
2025-08-23 11:58:30,492 [INFO] ADCParametersView:116 -                Rank 1 : false
2025-08-23 11:58:30,492 [INFO] ADCParametersView:116 -                Rank 2 : false
2025-08-23 11:58:30,492 [INFO] ADCParametersView:116 -                Rank 3 : false
2025-08-23 11:58:30,493 [INFO] ADCParametersView:116 -                Rank 1 : false
2025-08-23 11:58:30,493 [INFO] ADCParametersView:116 -                Rank 2 : false
2025-08-23 11:58:30,493 [INFO] ADCParametersView:116 -                Rank 3 : false
2025-08-23 11:58:30,493 [INFO] ADCParametersView:116 -                Rank 1 : false
2025-08-23 11:58:30,493 [INFO] ADCParametersView:116 -                Rank 2 : false
2025-08-23 11:58:30,493 [INFO] ADCParametersView:116 -                Rank 3 : false
2025-08-23 11:58:30,493 [INFO] ADCParametersView:116 -                Rank 1 : false
2025-08-23 11:58:30,493 [INFO] ADCParametersView:116 -                Rank 2 : false
2025-08-23 11:58:30,493 [INFO] ADCParametersView:116 -                Rank 3 : false
2025-08-23 11:58:30,493 [INFO] ADCParametersView:116 -                Rank 1 : false
2025-08-23 11:58:30,493 [INFO] ADCParametersView:116 -                Rank 2 : false
2025-08-23 11:58:30,493 [INFO] ADCParametersView:116 -                Rank 3 : false
2025-08-23 11:58:30,493 [INFO] ADCParametersView:116 -                Rank 1 : false
2025-08-23 11:58:30,493 [INFO] ADCParametersView:116 -                Rank 2 : false
2025-08-23 11:58:30,493 [INFO] ADCParametersView:116 -                Rank 3 : false
2025-08-23 11:58:30,493 [INFO] ADCParametersView:116 -                Rank 1 : false
2025-08-23 11:58:30,493 [INFO] ADCParametersView:116 -                Rank 2 : false
2025-08-23 11:58:30,493 [INFO] ADCParametersView:116 -                Rank 3 : false
2025-08-23 11:58:30,493 [INFO] ADCParametersView:116 -                Rank 1 : false
2025-08-23 11:58:30,493 [INFO] ADCParametersView:116 -                Rank 2 : false
2025-08-23 11:58:30,493 [INFO] ADCParametersView:116 -                Rank 3 : false
2025-08-23 11:58:30,493 [INFO] ADCParametersView:116 -                Rank 1 : false
2025-08-23 11:58:30,493 [INFO] ADCParametersView:116 -                Rank 2 : false
2025-08-23 11:58:30,493 [INFO] ADCParametersView:116 -                Rank 3 : false
2025-08-23 11:58:30,493 [INFO] ADCParametersView:116 -                Rank 1 : false
2025-08-23 11:58:30,493 [INFO] ADCParametersView:116 -                Rank 2 : false
2025-08-23 11:58:30,493 [INFO] ADCParametersView:116 -                Rank 3 : false
2025-08-23 11:58:30,493 [INFO] ADCParametersView:116 -                Rank 1 : false
2025-08-23 11:58:30,493 [INFO] ADCParametersView:116 -                Rank 2 : false
2025-08-23 11:58:30,493 [INFO] ADCParametersView:116 -                Rank 3 : false
2025-08-23 11:58:30,493 [INFO] ADCParametersView:116 -                Rank 1 : false
2025-08-23 11:58:30,493 [INFO] ADCParametersView:116 -                Rank 2 : false
2025-08-23 11:58:30,493 [INFO] ADCParametersView:116 -                Rank 3 : false
2025-08-23 11:58:30,494 [INFO] ADCParametersView:116 -                Rank 1 : false
2025-08-23 11:58:30,494 [INFO] ADCParametersView:116 -                Rank 2 : false
2025-08-23 11:58:30,494 [INFO] ADCParametersView:116 -                Rank 3 : false
2025-08-23 11:58:30,494 [INFO] ADCParametersView:116 -                Rank 2 : false
2025-08-23 11:58:30,494 [INFO] ADCParametersView:116 -                Rank 3 : false
2025-08-23 11:58:30,494 [INFO] ADCParametersView:116 -                Rank 3 : false
2025-08-23 11:58:30,517 [INFO] ADCParametersView:116 -                Rank 1 : false
2025-08-23 11:58:30,517 [INFO] ADCParametersView:116 -                Rank 1 : false
2025-08-23 11:58:30,517 [INFO] ADCParametersView:116 -                Rank 2 : false
2025-08-23 11:58:30,517 [INFO] ADCParametersView:116 -                Rank 1 : false
2025-08-23 11:58:30,517 [INFO] ADCParametersView:116 -                Rank 2 : false
2025-08-23 11:58:30,517 [INFO] ADCParametersView:116 -                Rank 3 : false
2025-08-23 11:58:30,584 [INFO] ADCParametersView:116 -                Rank 1 : false
2025-08-23 11:58:30,584 [INFO] ADCParametersView:116 -                Rank 2 : false
2025-08-23 11:58:30,584 [INFO] ADCParametersView:116 -                Rank 3 : false
2025-08-23 11:58:30,584 [INFO] ADCParametersView:116 -                Rank 1 : false
2025-08-23 11:58:30,584 [INFO] ADCParametersView:116 -                Rank 2 : false
2025-08-23 11:58:30,584 [INFO] ADCParametersView:116 -                Rank 3 : false
2025-08-23 11:58:30,584 [INFO] ADCParametersView:116 -                Rank 1 : false
2025-08-23 11:58:30,584 [INFO] ADCParametersView:116 -                Rank 2 : false
2025-08-23 11:58:30,584 [INFO] ADCParametersView:116 -                Rank 3 : false
2025-08-23 11:58:30,584 [INFO] ADCParametersView:116 -                Rank 1 : false
2025-08-23 11:58:30,584 [INFO] ADCParametersView:116 -                Rank 2 : false
2025-08-23 11:58:30,584 [INFO] ADCParametersView:116 -                Rank 3 : false
2025-08-23 11:58:30,585 [INFO] ADCParametersView:116 -                Rank 1 : false
2025-08-23 11:58:30,585 [INFO] ADCParametersView:116 -                Rank 2 : false
2025-08-23 11:58:30,585 [INFO] ADCParametersView:116 -                Rank 3 : false
2025-08-23 11:58:30,585 [INFO] ADCParametersView:116 -                Rank 1 : false
2025-08-23 11:58:30,585 [INFO] ADCParametersView:116 -                Rank 2 : false
2025-08-23 11:58:30,585 [INFO] ADCParametersView:116 -                Rank 3 : false
2025-08-23 11:58:30,585 [INFO] ADCParametersView:116 -                Rank 1 : false
2025-08-23 11:58:30,585 [INFO] ADCParametersView:116 -                Rank 2 : false
2025-08-23 11:58:30,585 [INFO] ADCParametersView:116 -                Rank 3 : false
2025-08-23 11:58:30,585 [INFO] ADCParametersView:116 -                Rank 1 : false
2025-08-23 11:58:30,585 [INFO] ADCParametersView:116 -                Rank 2 : false
2025-08-23 11:58:30,585 [INFO] ADCParametersView:116 -                Rank 3 : false
2025-08-23 11:58:30,585 [INFO] ADCParametersView:116 -                Rank 1 : false
2025-08-23 11:58:30,585 [INFO] ADCParametersView:116 -                Rank 2 : false
2025-08-23 11:58:30,585 [INFO] ADCParametersView:116 -                Rank 3 : false
2025-08-23 11:58:30,585 [INFO] ADCParametersView:116 -                Rank 1 : false
2025-08-23 11:58:30,585 [INFO] ADCParametersView:116 -                Rank 2 : false
2025-08-23 11:58:30,585 [INFO] ADCParametersView:116 -                Rank 3 : false
2025-08-23 11:58:30,585 [INFO] ADCParametersView:116 -                Rank 1 : false
2025-08-23 11:58:30,585 [INFO] ADCParametersView:116 -                Rank 2 : false
2025-08-23 11:58:30,585 [INFO] ADCParametersView:116 -                Rank 3 : false
2025-08-23 11:58:30,585 [INFO] ADCParametersView:116 -                Rank 1 : false
2025-08-23 11:58:30,585 [INFO] ADCParametersView:116 -                Rank 2 : false
2025-08-23 11:58:30,585 [INFO] ADCParametersView:116 -                Rank 3 : false
2025-08-23 11:58:30,585 [INFO] ADCParametersView:116 -                Rank 1 : false
2025-08-23 11:58:30,585 [INFO] ADCParametersView:116 -                Rank 2 : false
2025-08-23 11:58:30,585 [INFO] ADCParametersView:116 -                Rank 3 : false
2025-08-23 11:58:30,585 [INFO] ADCParametersView:116 -                Rank 1 : false
2025-08-23 11:58:30,585 [INFO] ADCParametersView:116 -                Rank 2 : false
2025-08-23 11:58:30,586 [INFO] ADCParametersView:116 -                Rank 3 : false
2025-08-23 11:58:30,586 [INFO] ADCParametersView:116 -                Rank 1 : false
2025-08-23 11:58:30,586 [INFO] ADCParametersView:116 -                Rank 2 : false
2025-08-23 11:58:30,586 [INFO] ADCParametersView:116 -                Rank 3 : false
2025-08-23 11:58:30,586 [INFO] ADCParametersView:116 -                Rank 1 : false
2025-08-23 11:58:30,586 [INFO] ADCParametersView:116 -                Rank 2 : false
2025-08-23 11:58:30,586 [INFO] ADCParametersView:116 -                Rank 3 : false
2025-08-23 11:58:30,586 [INFO] ADCParametersView:116 -                Rank 1 : false
2025-08-23 11:58:30,586 [INFO] ADCParametersView:116 -                Rank 2 : false
2025-08-23 11:58:30,586 [INFO] ADCParametersView:116 -                Rank 3 : false
2025-08-23 11:58:30,586 [INFO] ADCParametersView:116 -                Rank 1 : false
2025-08-23 11:58:30,586 [INFO] ADCParametersView:116 -                Rank 2 : false
2025-08-23 11:58:30,586 [INFO] ADCParametersView:116 -                Rank 3 : false
2025-08-23 11:58:30,586 [INFO] ADCParametersView:116 -                Rank 1 : false
2025-08-23 11:58:30,586 [INFO] ADCParametersView:116 -                Rank 2 : false
2025-08-23 11:58:30,586 [INFO] ADCParametersView:116 -                Rank 3 : false
2025-08-23 11:58:30,586 [INFO] ADCParametersView:116 -                Rank 1 : false
2025-08-23 11:58:30,586 [INFO] ADCParametersView:116 -                Rank 2 : false
2025-08-23 11:58:30,586 [INFO] ADCParametersView:116 -                Rank 3 : false
2025-08-23 11:58:30,586 [INFO] ADCParametersView:116 -                Rank 1 : false
2025-08-23 11:58:30,586 [INFO] ADCParametersView:116 -                Rank 2 : false
2025-08-23 11:58:30,586 [INFO] ADCParametersView:116 -                Rank 3 : false
2025-08-23 11:58:30,586 [INFO] ADCParametersView:116 -                Rank 1 : false
2025-08-23 11:58:30,586 [INFO] ADCParametersView:116 -                Rank 2 : false
2025-08-23 11:58:30,586 [INFO] ADCParametersView:116 -                Rank 3 : false
2025-08-23 11:58:30,586 [INFO] ADCParametersView:116 -                Rank 1 : false
2025-08-23 11:58:30,586 [INFO] ADCParametersView:116 -                Rank 2 : false
2025-08-23 11:58:30,586 [INFO] ADCParametersView:116 -                Rank 3 : false
2025-08-23 11:58:30,586 [INFO] ADCParametersView:116 -                Rank 1 : false
2025-08-23 11:58:30,586 [INFO] ADCParametersView:116 -                Rank 2 : false
2025-08-23 11:58:30,586 [INFO] ADCParametersView:116 -                Rank 3 : false
2025-08-23 11:58:30,586 [INFO] ADCParametersView:116 -                Rank 1 : false
2025-08-23 11:58:30,586 [INFO] ADCParametersView:116 -                Rank 2 : false
2025-08-23 11:58:30,586 [INFO] ADCParametersView:116 -                Rank 3 : false
2025-08-23 11:58:30,586 [INFO] ADCParametersView:116 -                Rank 2 : false
2025-08-23 11:58:30,587 [INFO] ADCParametersView:116 -                Rank 3 : false
2025-08-23 11:58:30,587 [INFO] ADCParametersView:116 -                Rank 3 : false
2025-08-23 11:58:30,609 [INFO] ADCParametersView:116 -                Rank 1 : false
2025-08-23 11:58:30,610 [INFO] ADCParametersView:116 -                Rank 1 : false
2025-08-23 11:58:30,610 [INFO] ADCParametersView:116 -                Rank 2 : false
2025-08-23 11:58:30,610 [INFO] ADCParametersView:116 -                Rank 1 : false
2025-08-23 11:58:30,610 [INFO] ADCParametersView:116 -                Rank 2 : false
2025-08-23 11:58:30,610 [INFO] ADCParametersView:116 -                Rank 3 : false
2025-08-23 11:58:30,644 [INFO] ADCParametersView:116 -                Rank 1 : false
2025-08-23 11:58:30,644 [INFO] ADCParametersView:116 -                Rank 2 : false
2025-08-23 11:58:30,644 [INFO] ADCParametersView:116 -                Rank 3 : false
2025-08-23 11:58:30,644 [INFO] ADCParametersView:116 -                Rank 1 : false
2025-08-23 11:58:30,644 [INFO] ADCParametersView:116 -                Rank 2 : false
2025-08-23 11:58:30,644 [INFO] ADCParametersView:116 -                Rank 3 : false
2025-08-23 11:58:30,644 [INFO] ADCParametersView:116 -                Rank 1 : false
2025-08-23 11:58:30,644 [INFO] ADCParametersView:116 -                Rank 2 : false
2025-08-23 11:58:30,644 [INFO] ADCParametersView:116 -                Rank 3 : false
2025-08-23 11:58:30,644 [INFO] ADCParametersView:116 -                Rank 1 : false
2025-08-23 11:58:30,644 [INFO] ADCParametersView:116 -                Rank 2 : false
2025-08-23 11:58:30,644 [INFO] ADCParametersView:116 -                Rank 3 : false
2025-08-23 11:58:30,644 [INFO] ADCParametersView:116 -                Rank 1 : false
2025-08-23 11:58:30,644 [INFO] ADCParametersView:116 -                Rank 2 : false
2025-08-23 11:58:30,644 [INFO] ADCParametersView:116 -                Rank 3 : false
2025-08-23 11:58:30,644 [INFO] ADCParametersView:116 -                Rank 1 : false
2025-08-23 11:58:30,644 [INFO] ADCParametersView:116 -                Rank 2 : false
2025-08-23 11:58:30,644 [INFO] ADCParametersView:116 -                Rank 3 : false
2025-08-23 11:58:30,645 [INFO] ADCParametersView:116 -                Rank 1 : false
2025-08-23 11:58:30,645 [INFO] ADCParametersView:116 -                Rank 2 : false
2025-08-23 11:58:30,645 [INFO] ADCParametersView:116 -                Rank 3 : false
2025-08-23 11:58:30,645 [INFO] ADCParametersView:116 -                Rank 1 : false
2025-08-23 11:58:30,645 [INFO] ADCParametersView:116 -                Rank 2 : false
2025-08-23 11:58:30,645 [INFO] ADCParametersView:116 -                Rank 3 : false
2025-08-23 11:58:30,645 [INFO] ADCParametersView:116 -                Rank 1 : false
2025-08-23 11:58:30,645 [INFO] ADCParametersView:116 -                Rank 2 : false
2025-08-23 11:58:30,645 [INFO] ADCParametersView:116 -                Rank 3 : false
2025-08-23 11:58:30,645 [INFO] ADCParametersView:116 -                Rank 1 : false
2025-08-23 11:58:30,645 [INFO] ADCParametersView:116 -                Rank 2 : false
2025-08-23 11:58:30,645 [INFO] ADCParametersView:116 -                Rank 3 : false
2025-08-23 11:58:30,645 [INFO] ADCParametersView:116 -                Rank 1 : false
2025-08-23 11:58:30,645 [INFO] ADCParametersView:116 -                Rank 2 : false
2025-08-23 11:58:30,645 [INFO] ADCParametersView:116 -                Rank 3 : false
2025-08-23 11:58:30,645 [INFO] ADCParametersView:116 -                Rank 1 : false
2025-08-23 11:58:30,645 [INFO] ADCParametersView:116 -                Rank 2 : false
2025-08-23 11:58:30,645 [INFO] ADCParametersView:116 -                Rank 3 : false
2025-08-23 11:58:30,645 [INFO] ADCParametersView:116 -                Rank 1 : false
2025-08-23 11:58:30,645 [INFO] ADCParametersView:116 -                Rank 2 : false
2025-08-23 11:58:30,645 [INFO] ADCParametersView:116 -                Rank 3 : false
2025-08-23 11:58:30,645 [INFO] ADCParametersView:116 -                Rank 1 : false
2025-08-23 11:58:30,645 [INFO] ADCParametersView:116 -                Rank 2 : false
2025-08-23 11:58:30,645 [INFO] ADCParametersView:116 -                Rank 3 : false
2025-08-23 11:58:30,645 [INFO] ADCParametersView:116 -                Rank 1 : false
2025-08-23 11:58:30,645 [INFO] ADCParametersView:116 -                Rank 2 : false
2025-08-23 11:58:30,645 [INFO] ADCParametersView:116 -                Rank 3 : false
2025-08-23 11:58:30,646 [INFO] ADCParametersView:116 -                Rank 1 : false
2025-08-23 11:58:30,646 [INFO] ADCParametersView:116 -                Rank 2 : false
2025-08-23 11:58:30,646 [INFO] ADCParametersView:116 -                Rank 3 : false
2025-08-23 11:58:30,646 [INFO] ADCParametersView:116 -                Rank 1 : false
2025-08-23 11:58:30,646 [INFO] ADCParametersView:116 -                Rank 2 : false
2025-08-23 11:58:30,646 [INFO] ADCParametersView:116 -                Rank 3 : false
2025-08-23 11:58:30,646 [INFO] ADCParametersView:116 -                Rank 1 : false
2025-08-23 11:58:30,646 [INFO] ADCParametersView:116 -                Rank 2 : false
2025-08-23 11:58:30,646 [INFO] ADCParametersView:116 -                Rank 3 : false
2025-08-23 11:58:30,646 [INFO] ADCParametersView:116 -                Rank 1 : false
2025-08-23 11:58:30,646 [INFO] ADCParametersView:116 -                Rank 2 : false
2025-08-23 11:58:30,646 [INFO] ADCParametersView:116 -                Rank 3 : false
2025-08-23 11:58:30,646 [INFO] ADCParametersView:116 -                Rank 1 : false
2025-08-23 11:58:30,646 [INFO] ADCParametersView:116 -                Rank 2 : false
2025-08-23 11:58:30,646 [INFO] ADCParametersView:116 -                Rank 3 : false
2025-08-23 11:58:30,646 [INFO] ADCParametersView:116 -                Rank 1 : false
2025-08-23 11:58:30,646 [INFO] ADCParametersView:116 -                Rank 2 : false
2025-08-23 11:58:30,646 [INFO] ADCParametersView:116 -                Rank 3 : false
2025-08-23 11:58:30,646 [INFO] ADCParametersView:116 -                Rank 1 : false
2025-08-23 11:58:30,646 [INFO] ADCParametersView:116 -                Rank 2 : false
2025-08-23 11:58:30,646 [INFO] ADCParametersView:116 -                Rank 3 : false
2025-08-23 11:58:30,646 [INFO] ADCParametersView:116 -                Rank 1 : false
2025-08-23 11:58:30,646 [INFO] ADCParametersView:116 -                Rank 2 : false
2025-08-23 11:58:30,646 [INFO] ADCParametersView:116 -                Rank 3 : false
2025-08-23 11:58:30,646 [INFO] ADCParametersView:116 -                Rank 1 : false
2025-08-23 11:58:30,646 [INFO] ADCParametersView:116 -                Rank 2 : false
2025-08-23 11:58:30,646 [INFO] ADCParametersView:116 -                Rank 3 : false
2025-08-23 11:58:30,646 [INFO] ADCParametersView:116 -                Rank 1 : false
2025-08-23 11:58:30,646 [INFO] ADCParametersView:116 -                Rank 2 : false
2025-08-23 11:58:30,646 [INFO] ADCParametersView:116 -                Rank 3 : false
2025-08-23 11:58:30,646 [INFO] ADCParametersView:116 -                Rank 2 : false
2025-08-23 11:58:30,646 [INFO] ADCParametersView:116 -                Rank 3 : false
2025-08-23 11:58:30,646 [INFO] ADCParametersView:116 -                Rank 3 : false
2025-08-23 11:58:30,667 [INFO] ADCParametersView:116 -                Rank 1 : false
2025-08-23 11:58:30,667 [INFO] ADCParametersView:116 -                Rank 1 : false
2025-08-23 11:58:30,667 [INFO] ADCParametersView:116 -                Rank 2 : false
2025-08-23 11:58:30,667 [INFO] ADCParametersView:116 -                Rank 1 : false
2025-08-23 11:58:30,667 [INFO] ADCParametersView:116 -                Rank 2 : false
2025-08-23 11:58:30,667 [INFO] ADCParametersView:116 -                Rank 3 : false
2025-08-23 11:58:30,748 [INFO] NvicIntPanel:101 - NVIC parent = com.st.microxplorer.plugins.ip.nvic.MultiNvicIntPanel[,0,0,0x0,invalid,layout=javax.swing.BoxLayout,alignmentX=0.0,alignmentY=0.0,border=,flags=9,maximumSize=,minimumSize=,preferredSize=]
2025-08-23 11:58:30,842 [INFO] NvicIntPanel:101 - NVIC parent = com.st.microxplorer.plugins.ip.nvic.MultiNvicIntPanel[,0,0,0x0,invalid,layout=javax.swing.BoxLayout,alignmentX=0.0,alignmentY=0.0,border=,flags=9,maximumSize=,minimumSize=,preferredSize=]
2025-08-23 11:58:30,875 [INFO] ADCParametersView:116 -                Rank 1 : false
2025-08-23 11:58:30,875 [INFO] ADCParametersView:116 -                Rank 2 : false
2025-08-23 11:58:30,875 [INFO] ADCParametersView:116 -                Rank 3 : false
2025-08-23 11:58:30,875 [INFO] ADCParametersView:116 -                Rank 1 : false
2025-08-23 11:58:30,875 [INFO] ADCParametersView:116 -                Rank 2 : false
2025-08-23 11:58:30,875 [INFO] ADCParametersView:116 -                Rank 3 : false
2025-08-23 11:58:30,875 [INFO] ADCParametersView:116 -                Rank 1 : false
2025-08-23 11:58:30,875 [INFO] ADCParametersView:116 -                Rank 2 : false
2025-08-23 11:58:30,875 [INFO] ADCParametersView:116 -                Rank 3 : false
2025-08-23 11:58:30,875 [INFO] ADCParametersView:116 -                Rank 1 : false
2025-08-23 11:58:30,875 [INFO] ADCParametersView:116 -                Rank 2 : false
2025-08-23 11:58:30,875 [INFO] ADCParametersView:116 -                Rank 3 : false
2025-08-23 11:58:30,875 [INFO] ADCParametersView:116 -                Rank 1 : false
2025-08-23 11:58:30,875 [INFO] ADCParametersView:116 -                Rank 2 : false
2025-08-23 11:58:30,875 [INFO] ADCParametersView:116 -                Rank 3 : false
2025-08-23 11:58:30,876 [INFO] ADCParametersView:116 -                Rank 1 : false
2025-08-23 11:58:30,876 [INFO] ADCParametersView:116 -                Rank 2 : false
2025-08-23 11:58:30,876 [INFO] ADCParametersView:116 -                Rank 3 : false
2025-08-23 11:58:30,876 [INFO] ADCParametersView:116 -                Rank 1 : false
2025-08-23 11:58:30,876 [INFO] ADCParametersView:116 -                Rank 2 : false
2025-08-23 11:58:30,876 [INFO] ADCParametersView:116 -                Rank 3 : false
2025-08-23 11:58:30,876 [INFO] ADCParametersView:116 -                Rank 1 : false
2025-08-23 11:58:30,876 [INFO] ADCParametersView:116 -                Rank 2 : false
2025-08-23 11:58:30,876 [INFO] ADCParametersView:116 -                Rank 3 : false
2025-08-23 11:58:30,876 [INFO] ADCParametersView:116 -                Rank 1 : false
2025-08-23 11:58:30,876 [INFO] ADCParametersView:116 -                Rank 2 : false
2025-08-23 11:58:30,876 [INFO] ADCParametersView:116 -                Rank 3 : false
2025-08-23 11:58:30,876 [INFO] ADCParametersView:116 -                Rank 1 : false
2025-08-23 11:58:30,876 [INFO] ADCParametersView:116 -                Rank 2 : false
2025-08-23 11:58:30,876 [INFO] ADCParametersView:116 -                Rank 3 : false
2025-08-23 11:58:30,876 [INFO] ADCParametersView:116 -                Rank 1 : false
2025-08-23 11:58:30,876 [INFO] ADCParametersView:116 -                Rank 2 : false
2025-08-23 11:58:30,876 [INFO] ADCParametersView:116 -                Rank 3 : false
2025-08-23 11:58:30,876 [INFO] ADCParametersView:116 -                Rank 1 : false
2025-08-23 11:58:30,876 [INFO] ADCParametersView:116 -                Rank 2 : false
2025-08-23 11:58:30,876 [INFO] ADCParametersView:116 -                Rank 3 : false
2025-08-23 11:58:30,876 [INFO] ADCParametersView:116 -                Rank 1 : false
2025-08-23 11:58:30,876 [INFO] ADCParametersView:116 -                Rank 2 : false
2025-08-23 11:58:30,876 [INFO] ADCParametersView:116 -                Rank 3 : false
2025-08-23 11:58:30,876 [INFO] ADCParametersView:116 -                Rank 1 : false
2025-08-23 11:58:30,876 [INFO] ADCParametersView:116 -                Rank 2 : false
2025-08-23 11:58:30,876 [INFO] ADCParametersView:116 -                Rank 3 : false
2025-08-23 11:58:30,876 [INFO] ADCParametersView:116 -                Rank 1 : false
2025-08-23 11:58:30,877 [INFO] ADCParametersView:116 -                Rank 2 : false
2025-08-23 11:58:30,877 [INFO] ADCParametersView:116 -                Rank 3 : false
2025-08-23 11:58:30,877 [INFO] ADCParametersView:116 -                Rank 1 : false
2025-08-23 11:58:30,877 [INFO] ADCParametersView:116 -                Rank 2 : false
2025-08-23 11:58:30,877 [INFO] ADCParametersView:116 -                Rank 3 : false
2025-08-23 11:58:30,877 [INFO] ADCParametersView:116 -                Rank 1 : false
2025-08-23 11:58:30,877 [INFO] ADCParametersView:116 -                Rank 2 : false
2025-08-23 11:58:30,877 [INFO] ADCParametersView:116 -                Rank 3 : false
2025-08-23 11:58:30,877 [INFO] ADCParametersView:116 -                Rank 1 : false
2025-08-23 11:58:30,877 [INFO] ADCParametersView:116 -                Rank 2 : false
2025-08-23 11:58:30,877 [INFO] ADCParametersView:116 -                Rank 3 : false
2025-08-23 11:58:30,877 [INFO] ADCParametersView:116 -                Rank 1 : false
2025-08-23 11:58:30,877 [INFO] ADCParametersView:116 -                Rank 2 : false
2025-08-23 11:58:30,877 [INFO] ADCParametersView:116 -                Rank 3 : false
2025-08-23 11:58:30,877 [INFO] ADCParametersView:116 -                Rank 1 : false
2025-08-23 11:58:30,877 [INFO] ADCParametersView:116 -                Rank 2 : false
2025-08-23 11:58:30,877 [INFO] ADCParametersView:116 -                Rank 3 : false
2025-08-23 11:58:30,877 [INFO] ADCParametersView:116 -                Rank 1 : false
2025-08-23 11:58:30,877 [INFO] ADCParametersView:116 -                Rank 2 : false
2025-08-23 11:58:30,877 [INFO] ADCParametersView:116 -                Rank 3 : false
2025-08-23 11:58:30,877 [INFO] ADCParametersView:116 -                Rank 1 : false
2025-08-23 11:58:30,877 [INFO] ADCParametersView:116 -                Rank 2 : false
2025-08-23 11:58:30,877 [INFO] ADCParametersView:116 -                Rank 3 : false
2025-08-23 11:58:30,877 [INFO] ADCParametersView:116 -                Rank 1 : false
2025-08-23 11:58:30,877 [INFO] ADCParametersView:116 -                Rank 2 : false
2025-08-23 11:58:30,877 [INFO] ADCParametersView:116 -                Rank 3 : false
2025-08-23 11:58:30,877 [INFO] ADCParametersView:116 -                Rank 1 : false
2025-08-23 11:58:30,877 [INFO] ADCParametersView:116 -                Rank 2 : false
2025-08-23 11:58:30,877 [INFO] ADCParametersView:116 -                Rank 3 : false
2025-08-23 11:58:30,877 [INFO] ADCParametersView:116 -                Rank 1 : false
2025-08-23 11:58:30,877 [INFO] ADCParametersView:116 -                Rank 2 : false
2025-08-23 11:58:30,877 [INFO] ADCParametersView:116 -                Rank 3 : false
2025-08-23 11:58:30,877 [INFO] ADCParametersView:116 -                Rank 2 : false
2025-08-23 11:58:30,878 [INFO] ADCParametersView:116 -                Rank 3 : false
2025-08-23 11:58:30,878 [INFO] ADCParametersView:116 -                Rank 3 : false
2025-08-23 11:58:30,945 [INFO] NvicIntPanel:101 - NVIC parent = com.st.microxplorer.plugins.ip.nvic.MultiNvicIntPanel[,0,0,0x0,invalid,layout=javax.swing.BoxLayout,alignmentX=0.0,alignmentY=0.0,border=,flags=9,maximumSize=,minimumSize=,preferredSize=]
2025-08-23 11:58:31,033 [INFO] NvicIntPanel:101 - NVIC parent = com.st.microxplorer.plugins.ip.nvic.MultiNvicIntPanel[,0,0,0x0,invalid,layout=javax.swing.BoxLayout,alignmentX=0.0,alignmentY=0.0,border=,flags=9,maximumSize=,minimumSize=,preferredSize=]
2025-08-23 11:58:31,123 [INFO] NvicIntPanel:101 - NVIC parent = com.st.microxplorer.plugins.ip.nvic.MultiNvicIntPanel[,0,0,0x0,invalid,layout=javax.swing.BoxLayout,alignmentX=0.0,alignmentY=0.0,border=,flags=9,maximumSize=,minimumSize=,preferredSize=]
2025-08-23 11:58:31,156 [INFO] ADCParametersView:116 -                Rank 1 : false
2025-08-23 11:58:31,157 [INFO] ADCParametersView:116 -                Rank 1 : false
2025-08-23 11:58:31,157 [INFO] ADCParametersView:116 -                Rank 2 : false
2025-08-23 11:58:31,157 [INFO] ADCParametersView:116 -                Rank 1 : false
2025-08-23 11:58:31,157 [INFO] ADCParametersView:116 -                Rank 2 : false
2025-08-23 11:58:31,157 [INFO] ADCParametersView:116 -                Rank 3 : false
2025-08-23 11:58:32,502 [INFO] ADCParametersView:116 -                Rank 1 : false
2025-08-23 11:58:32,502 [INFO] ADCParametersView:116 -                Rank 2 : false
2025-08-23 11:58:32,502 [INFO] ADCParametersView:116 -                Rank 3 : false
2025-08-23 11:58:32,502 [INFO] ADCParametersView:116 -                Rank 1 : false
2025-08-23 11:58:32,502 [INFO] ADCParametersView:116 -                Rank 2 : false
2025-08-23 11:58:32,502 [INFO] ADCParametersView:116 -                Rank 3 : false
2025-08-23 11:58:32,503 [INFO] ADCParametersView:116 -                Rank 1 : false
2025-08-23 11:58:32,503 [INFO] ADCParametersView:116 -                Rank 2 : false
2025-08-23 11:58:32,503 [INFO] ADCParametersView:116 -                Rank 3 : false
2025-08-23 11:58:32,503 [INFO] ADCParametersView:116 -                Rank 1 : false
2025-08-23 11:58:32,503 [INFO] ADCParametersView:116 -                Rank 2 : false
2025-08-23 11:58:32,503 [INFO] ADCParametersView:116 -                Rank 3 : false
2025-08-23 11:58:32,503 [INFO] ADCParametersView:116 -                Rank 1 : false
2025-08-23 11:58:32,503 [INFO] ADCParametersView:116 -                Rank 2 : false
2025-08-23 11:58:32,503 [INFO] ADCParametersView:116 -                Rank 3 : false
2025-08-23 11:58:32,503 [INFO] ADCParametersView:116 -                Rank 1 : false
2025-08-23 11:58:32,503 [INFO] ADCParametersView:116 -                Rank 2 : false
2025-08-23 11:58:32,503 [INFO] ADCParametersView:116 -                Rank 3 : false
2025-08-23 11:58:32,503 [INFO] ADCParametersView:116 -                Rank 1 : false
2025-08-23 11:58:32,503 [INFO] ADCParametersView:116 -                Rank 2 : false
2025-08-23 11:58:32,503 [INFO] ADCParametersView:116 -                Rank 3 : false
2025-08-23 11:58:32,503 [INFO] ADCParametersView:116 -                Rank 1 : false
2025-08-23 11:58:32,503 [INFO] ADCParametersView:116 -                Rank 2 : false
2025-08-23 11:58:32,503 [INFO] ADCParametersView:116 -                Rank 3 : false
2025-08-23 11:58:32,503 [INFO] ADCParametersView:116 -                Rank 1 : false
2025-08-23 11:58:32,503 [INFO] ADCParametersView:116 -                Rank 2 : false
2025-08-23 11:58:32,503 [INFO] ADCParametersView:116 -                Rank 3 : false
2025-08-23 11:58:32,503 [INFO] ADCParametersView:116 -                Rank 1 : false
2025-08-23 11:58:32,503 [INFO] ADCParametersView:116 -                Rank 2 : false
2025-08-23 11:58:32,503 [INFO] ADCParametersView:116 -                Rank 3 : false
2025-08-23 11:58:32,503 [INFO] ADCParametersView:116 -                Rank 1 : false
2025-08-23 11:58:32,503 [INFO] ADCParametersView:116 -                Rank 2 : false
2025-08-23 11:58:32,503 [INFO] ADCParametersView:116 -                Rank 3 : false
2025-08-23 11:58:32,504 [INFO] ADCParametersView:116 -                Rank 1 : false
2025-08-23 11:58:32,504 [INFO] ADCParametersView:116 -                Rank 2 : false
2025-08-23 11:58:32,504 [INFO] ADCParametersView:116 -                Rank 3 : false
2025-08-23 11:58:32,504 [INFO] ADCParametersView:116 -                Rank 1 : false
2025-08-23 11:58:32,504 [INFO] ADCParametersView:116 -                Rank 2 : false
2025-08-23 11:58:32,504 [INFO] ADCParametersView:116 -                Rank 3 : false
2025-08-23 11:58:32,504 [INFO] ADCParametersView:116 -                Rank 1 : false
2025-08-23 11:58:32,504 [INFO] ADCParametersView:116 -                Rank 2 : false
2025-08-23 11:58:32,504 [INFO] ADCParametersView:116 -                Rank 3 : false
2025-08-23 11:58:32,504 [INFO] ADCParametersView:116 -                Rank 1 : false
2025-08-23 11:58:32,504 [INFO] ADCParametersView:116 -                Rank 2 : false
2025-08-23 11:58:32,504 [INFO] ADCParametersView:116 -                Rank 3 : false
2025-08-23 11:58:32,504 [INFO] ADCParametersView:116 -                Rank 1 : false
2025-08-23 11:58:32,504 [INFO] ADCParametersView:116 -                Rank 2 : false
2025-08-23 11:58:32,504 [INFO] ADCParametersView:116 -                Rank 3 : false
2025-08-23 11:58:32,504 [INFO] ADCParametersView:116 -                Rank 1 : false
2025-08-23 11:58:32,504 [INFO] ADCParametersView:116 -                Rank 2 : false
2025-08-23 11:58:32,504 [INFO] ADCParametersView:116 -                Rank 3 : false
2025-08-23 11:58:32,504 [INFO] ADCParametersView:116 -                Rank 1 : false
2025-08-23 11:58:32,504 [INFO] ADCParametersView:116 -                Rank 2 : false
2025-08-23 11:58:32,504 [INFO] ADCParametersView:116 -                Rank 3 : false
2025-08-23 11:58:32,504 [INFO] ADCParametersView:116 -                Rank 1 : false
2025-08-23 11:58:32,504 [INFO] ADCParametersView:116 -                Rank 2 : false
2025-08-23 11:58:32,504 [INFO] ADCParametersView:116 -                Rank 3 : false
2025-08-23 11:58:32,504 [INFO] ADCParametersView:116 -                Rank 1 : false
2025-08-23 11:58:32,504 [INFO] ADCParametersView:116 -                Rank 2 : false
2025-08-23 11:58:32,504 [INFO] ADCParametersView:116 -                Rank 3 : false
2025-08-23 11:58:32,504 [INFO] ADCParametersView:116 -                Rank 1 : false
2025-08-23 11:58:32,504 [INFO] ADCParametersView:116 -                Rank 2 : false
2025-08-23 11:58:32,504 [INFO] ADCParametersView:116 -                Rank 3 : false
2025-08-23 11:58:32,504 [INFO] ADCParametersView:116 -                Rank 1 : false
2025-08-23 11:58:32,504 [INFO] ADCParametersView:116 -                Rank 2 : false
2025-08-23 11:58:32,504 [INFO] ADCParametersView:116 -                Rank 3 : false
2025-08-23 11:58:32,505 [INFO] ADCParametersView:116 -                Rank 1 : false
2025-08-23 11:58:32,505 [INFO] ADCParametersView:116 -                Rank 2 : false
2025-08-23 11:58:32,505 [INFO] ADCParametersView:116 -                Rank 3 : false
2025-08-23 11:58:32,505 [INFO] ADCParametersView:116 -                Rank 1 : false
2025-08-23 11:58:32,505 [INFO] ADCParametersView:116 -                Rank 2 : false
2025-08-23 11:58:32,505 [INFO] ADCParametersView:116 -                Rank 3 : false
2025-08-23 11:58:32,505 [INFO] ADCParametersView:116 -                Rank 1 : false
2025-08-23 11:58:32,505 [INFO] ADCParametersView:116 -                Rank 2 : false
2025-08-23 11:58:32,505 [INFO] ADCParametersView:116 -                Rank 3 : false
2025-08-23 11:58:32,505 [INFO] ADCParametersView:116 -                Rank 2 : false
2025-08-23 11:58:32,505 [INFO] ADCParametersView:116 -                Rank 3 : false
2025-08-23 11:58:32,505 [INFO] ADCParametersView:116 -                Rank 3 : false
2025-08-23 11:58:32,590 [INFO] NvicIntPanel:101 - NVIC parent = com.st.microxplorer.plugins.ip.nvic.MultiNvicIntPanel[,0,0,0x0,invalid,layout=javax.swing.BoxLayout,alignmentX=0.0,alignmentY=0.0,border=,flags=9,maximumSize=,minimumSize=,preferredSize=]
2025-08-23 11:58:32,685 [INFO] NvicIntPanel:101 - NVIC parent = com.st.microxplorer.plugins.ip.nvic.MultiNvicIntPanel[,0,0,0x0,invalid,layout=javax.swing.BoxLayout,alignmentX=0.0,alignmentY=0.0,border=,flags=9,maximumSize=,minimumSize=,preferredSize=]
2025-08-23 11:58:32,782 [INFO] NvicIntPanel:101 - NVIC parent = com.st.microxplorer.plugins.ip.nvic.MultiNvicIntPanel[,0,0,0x0,invalid,layout=javax.swing.BoxLayout,alignmentX=0.0,alignmentY=0.0,border=,flags=9,maximumSize=,minimumSize=,preferredSize=]
2025-08-23 11:58:32,816 [INFO] ADCParametersView:116 -                Rank 1 : false
2025-08-23 11:58:32,816 [INFO] ADCParametersView:116 -                Rank 1 : false
2025-08-23 11:58:32,816 [INFO] ADCParametersView:116 -                Rank 2 : false
2025-08-23 11:58:32,817 [INFO] ADCParametersView:116 -                Rank 1 : false
2025-08-23 11:58:32,817 [INFO] ADCParametersView:116 -                Rank 2 : false
2025-08-23 11:58:32,817 [INFO] ADCParametersView:116 -                Rank 3 : false
2025-08-23 12:04:03,300 [INFO] NvicIntPanel:101 - NVIC parent = com.st.microxplorer.plugins.ip.nvic.MultiNvicIntPanel[,0,0,0x0,invalid,layout=javax.swing.BoxLayout,alignmentX=0.0,alignmentY=0.0,border=,flags=9,maximumSize=,minimumSize=,preferredSize=]
2025-08-23 12:04:03,370 [INFO] ADCParametersView:116 -                Rank 1 : false
2025-08-23 12:04:03,371 [INFO] ADCParametersView:116 -                Rank 2 : false
2025-08-23 12:04:03,371 [INFO] ADCParametersView:116 -                Rank 3 : false
2025-08-23 12:04:03,375 [INFO] ADCParametersView:116 -                Rank 1 : false
2025-08-23 12:04:03,375 [INFO] ADCParametersView:116 -                Rank 2 : false
2025-08-23 12:04:03,375 [INFO] ADCParametersView:116 -                Rank 3 : false
2025-08-23 12:04:03,375 [INFO] ADCParametersView:116 -                Rank 1 : false
2025-08-23 12:04:03,375 [INFO] ADCParametersView:116 -                Rank 2 : false
2025-08-23 12:04:03,376 [INFO] ADCParametersView:116 -                Rank 3 : false
2025-08-23 12:04:03,376 [INFO] ADCParametersView:116 -                Rank 1 : false
2025-08-23 12:04:03,376 [INFO] ADCParametersView:116 -                Rank 2 : false
2025-08-23 12:04:03,376 [INFO] ADCParametersView:116 -                Rank 3 : false
2025-08-23 12:04:03,376 [INFO] ADCParametersView:116 -                Rank 1 : false
2025-08-23 12:04:03,376 [INFO] ADCParametersView:116 -                Rank 2 : false
2025-08-23 12:04:03,376 [INFO] ADCParametersView:116 -                Rank 3 : false
2025-08-23 12:04:03,376 [INFO] ADCParametersView:116 -                Rank 1 : false
2025-08-23 12:04:03,376 [INFO] ADCParametersView:116 -                Rank 2 : false
2025-08-23 12:04:03,376 [INFO] ADCParametersView:116 -                Rank 3 : false
2025-08-23 12:04:03,376 [INFO] ADCParametersView:116 -                Rank 1 : false
2025-08-23 12:04:03,376 [INFO] ADCParametersView:116 -                Rank 2 : false
2025-08-23 12:04:03,376 [INFO] ADCParametersView:116 -                Rank 3 : false
2025-08-23 12:04:03,376 [INFO] ADCParametersView:116 -                Rank 1 : false
2025-08-23 12:04:03,376 [INFO] ADCParametersView:116 -                Rank 2 : false
2025-08-23 12:04:03,376 [INFO] ADCParametersView:116 -                Rank 3 : false
2025-08-23 12:04:03,377 [INFO] ADCParametersView:116 -                Rank 1 : false
2025-08-23 12:04:03,377 [INFO] ADCParametersView:116 -                Rank 2 : false
2025-08-23 12:04:03,377 [INFO] ADCParametersView:116 -                Rank 3 : false
2025-08-23 12:04:03,377 [INFO] ADCParametersView:116 -                Rank 1 : false
2025-08-23 12:04:03,377 [INFO] ADCParametersView:116 -                Rank 2 : false
2025-08-23 12:04:03,377 [INFO] ADCParametersView:116 -                Rank 3 : false
2025-08-23 12:04:03,377 [INFO] ADCParametersView:116 -                Rank 1 : false
2025-08-23 12:04:03,377 [INFO] ADCParametersView:116 -                Rank 2 : false
2025-08-23 12:04:03,377 [INFO] ADCParametersView:116 -                Rank 3 : false
2025-08-23 12:04:03,377 [INFO] ADCParametersView:116 -                Rank 1 : false
2025-08-23 12:04:03,377 [INFO] ADCParametersView:116 -                Rank 2 : false
2025-08-23 12:04:03,377 [INFO] ADCParametersView:116 -                Rank 3 : false
2025-08-23 12:04:03,377 [INFO] ADCParametersView:116 -                Rank 1 : false
2025-08-23 12:04:03,377 [INFO] ADCParametersView:116 -                Rank 2 : false
2025-08-23 12:04:03,377 [INFO] ADCParametersView:116 -                Rank 3 : false
2025-08-23 12:04:03,377 [INFO] ADCParametersView:116 -                Rank 1 : false
2025-08-23 12:04:03,377 [INFO] ADCParametersView:116 -                Rank 2 : false
2025-08-23 12:04:03,377 [INFO] ADCParametersView:116 -                Rank 3 : false
2025-08-23 12:04:03,377 [INFO] ADCParametersView:116 -                Rank 1 : false
2025-08-23 12:04:03,377 [INFO] ADCParametersView:116 -                Rank 2 : false
2025-08-23 12:04:03,377 [INFO] ADCParametersView:116 -                Rank 3 : false
2025-08-23 12:04:03,377 [INFO] ADCParametersView:116 -                Rank 1 : false
2025-08-23 12:04:03,377 [INFO] ADCParametersView:116 -                Rank 2 : false
2025-08-23 12:04:03,377 [INFO] ADCParametersView:116 -                Rank 3 : false
2025-08-23 12:04:03,378 [INFO] ADCParametersView:116 -                Rank 1 : false
2025-08-23 12:04:03,378 [INFO] ADCParametersView:116 -                Rank 2 : false
2025-08-23 12:04:03,378 [INFO] ADCParametersView:116 -                Rank 3 : false
2025-08-23 12:04:03,378 [INFO] ADCParametersView:116 -                Rank 1 : false
2025-08-23 12:04:03,378 [INFO] ADCParametersView:116 -                Rank 2 : false
2025-08-23 12:04:03,378 [INFO] ADCParametersView:116 -                Rank 3 : false
2025-08-23 12:04:03,378 [INFO] ADCParametersView:116 -                Rank 1 : false
2025-08-23 12:04:03,378 [INFO] ADCParametersView:116 -                Rank 2 : false
2025-08-23 12:04:03,378 [INFO] ADCParametersView:116 -                Rank 3 : false
2025-08-23 12:04:03,378 [INFO] ADCParametersView:116 -                Rank 1 : false
2025-08-23 12:04:03,378 [INFO] ADCParametersView:116 -                Rank 2 : false
2025-08-23 12:04:03,378 [INFO] ADCParametersView:116 -                Rank 3 : false
2025-08-23 12:04:03,378 [INFO] ADCParametersView:116 -                Rank 1 : false
2025-08-23 12:04:03,378 [INFO] ADCParametersView:116 -                Rank 2 : false
2025-08-23 12:04:03,378 [INFO] ADCParametersView:116 -                Rank 3 : false
2025-08-23 12:04:03,378 [INFO] ADCParametersView:116 -                Rank 1 : false
2025-08-23 12:04:03,378 [INFO] ADCParametersView:116 -                Rank 2 : false
2025-08-23 12:04:03,378 [INFO] ADCParametersView:116 -                Rank 3 : false
2025-08-23 12:04:03,378 [INFO] ADCParametersView:116 -                Rank 1 : false
2025-08-23 12:04:03,378 [INFO] ADCParametersView:116 -                Rank 2 : false
2025-08-23 12:04:03,378 [INFO] ADCParametersView:116 -                Rank 3 : false
2025-08-23 12:04:03,378 [INFO] ADCParametersView:116 -                Rank 1 : false
2025-08-23 12:04:03,378 [INFO] ADCParametersView:116 -                Rank 2 : false
2025-08-23 12:04:03,378 [INFO] ADCParametersView:116 -                Rank 3 : false
2025-08-23 12:04:03,378 [INFO] ADCParametersView:116 -                Rank 1 : false
2025-08-23 12:04:03,378 [INFO] ADCParametersView:116 -                Rank 2 : false
2025-08-23 12:04:03,378 [INFO] ADCParametersView:116 -                Rank 3 : false
2025-08-23 12:04:03,378 [INFO] ADCParametersView:116 -                Rank 2 : false
2025-08-23 12:04:03,378 [INFO] ADCParametersView:116 -                Rank 3 : false
2025-08-23 12:04:03,379 [INFO] ADCParametersView:116 -                Rank 3 : false
2025-08-23 12:04:03,469 [INFO] NvicIntPanel:101 - NVIC parent = com.st.microxplorer.plugins.ip.nvic.MultiNvicIntPanel[,0,0,0x0,invalid,layout=javax.swing.BoxLayout,alignmentX=0.0,alignmentY=0.0,border=,flags=9,maximumSize=,minimumSize=,preferredSize=]
2025-08-23 12:04:03,592 [INFO] NvicIntPanel:101 - NVIC parent = com.st.microxplorer.plugins.ip.nvic.MultiNvicIntPanel[,0,0,0x0,invalid,layout=javax.swing.BoxLayout,alignmentX=0.0,alignmentY=0.0,border=,flags=9,maximumSize=,minimumSize=,preferredSize=]
2025-08-23 12:04:03,738 [INFO] NvicIntPanel:101 - NVIC parent = com.st.microxplorer.plugins.ip.nvic.MultiNvicIntPanel[,0,0,0x0,invalid,layout=javax.swing.BoxLayout,alignmentX=0.0,alignmentY=0.0,border=,flags=9,maximumSize=,minimumSize=,preferredSize=]
2025-08-23 12:04:03,778 [INFO] ADCParametersView:116 -                Rank 1 : false
2025-08-23 12:04:03,778 [INFO] ADCParametersView:116 -                Rank 1 : false
2025-08-23 12:04:03,778 [INFO] ADCParametersView:116 -                Rank 2 : false
2025-08-23 12:04:03,778 [INFO] ADCParametersView:116 -                Rank 1 : false
2025-08-23 12:04:03,778 [INFO] ADCParametersView:116 -                Rank 2 : false
2025-08-23 12:04:03,778 [INFO] ADCParametersView:116 -                Rank 3 : false
2025-08-23 12:04:08,578 [INFO] UtilMem:75 - End SaveConfig() Used Memory: 600386128 Bytes (1073741824)
2025-08-23 12:04:08,666 [INFO] UtilMem:75 - End SaveConfig() Used Memory: 612446800 Bytes (1073741824)
2025-08-23 12:04:09,338 [INFO] UtilMem:75 - End SaveConfig() Used Memory: 639709776 Bytes (1073741824)
2025-08-23 12:04:09,815 [INFO] BlockDiagram:2775 - set Specific Code input for plugin: NVIC
2025-08-23 12:04:09,815 [INFO] BlockDiagram:2775 - set Specific Code input for plugin: DMA
2025-08-23 12:04:09,815 [INFO] BlockDiagram:2775 - set Specific Code input for plugin: SYS
2025-08-23 12:04:09,815 [INFO] BlockDiagram:2775 - set Specific Code input for plugin: GPIO
2025-08-23 12:04:09,815 [INFO] BlockDiagram:2775 - set Specific Code input for plugin: ADC
2025-08-23 12:04:09,815 [INFO] BlockDiagram:2775 - set Specific Code input for plugin: RCC
2025-08-23 12:04:09,816 [INFO] CodeGenerator:892 - code generatio: config db path: C:\ST\STM32CubeIDE_1.18.1\STM32CubeIDE\plugins\com.st.stm32cube.common.mx_6.15.0.202507011659\\db\
2025-08-23 12:04:09,827 [INFO] Argument:325 - Argument : hdmavalue: null
2025-08-23 12:04:09,827 [INFO] Argument:327 - 	 sub Args: 
2025-08-23 12:04:09,827 [INFO] Argument:325 - Argument : Instancevalue: DMA1_Channel1
2025-08-23 12:04:09,827 [INFO] Argument:335 - Argument : Instancevalue: DMA1_Channel1
2025-08-23 12:04:09,827 [INFO] Argument:325 - Argument : Initvalue: null
2025-08-23 12:04:09,827 [INFO] Argument:327 - 	 sub Args: 
2025-08-23 12:04:09,827 [INFO] Argument:325 - Argument : Requestvalue: DMA_REQUEST_ADC1
2025-08-23 12:04:09,827 [INFO] Argument:335 - Argument : Requestvalue: DMA_REQUEST_ADC1
2025-08-23 12:04:09,827 [INFO] Argument:325 - Argument : Directionvalue: DMA_PERIPH_TO_MEMORY
2025-08-23 12:04:09,827 [INFO] Argument:335 - Argument : Directionvalue: DMA_PERIPH_TO_MEMORY
2025-08-23 12:04:09,827 [INFO] Argument:325 - Argument : PeriphIncvalue: DMA_PINC_DISABLE
2025-08-23 12:04:09,827 [INFO] Argument:335 - Argument : PeriphIncvalue: DMA_PINC_DISABLE
2025-08-23 12:04:09,827 [INFO] Argument:325 - Argument : MemIncvalue: DMA_MINC_ENABLE
2025-08-23 12:04:09,827 [INFO] Argument:335 - Argument : MemIncvalue: DMA_MINC_ENABLE
2025-08-23 12:04:09,827 [INFO] Argument:325 - Argument : PeriphDataAlignmentvalue: DMA_PDATAALIGN_HALFWORD
2025-08-23 12:04:09,827 [INFO] Argument:335 - Argument : PeriphDataAlignmentvalue: DMA_PDATAALIGN_HALFWORD
2025-08-23 12:04:09,827 [INFO] Argument:325 - Argument : MemDataAlignmentvalue: DMA_MDATAALIGN_HALFWORD
2025-08-23 12:04:09,828 [INFO] Argument:335 - Argument : MemDataAlignmentvalue: DMA_MDATAALIGN_HALFWORD
2025-08-23 12:04:09,828 [INFO] Argument:325 - Argument : Modevalue: DMA_CIRCULAR
2025-08-23 12:04:09,828 [INFO] Argument:335 - Argument : Modevalue: DMA_CIRCULAR
2025-08-23 12:04:09,828 [INFO] Argument:325 - Argument : Priorityvalue: DMA_PRIORITY_LOW
2025-08-23 12:04:09,828 [INFO] Argument:335 - Argument : Priorityvalue: DMA_PRIORITY_LOW
2025-08-23 12:04:09,828 [INFO] Argument:325 - Argument : Lockvalue: null
2025-08-23 12:04:09,828 [INFO] Argument:335 - Argument : Lockvalue: null
2025-08-23 12:04:09,828 [INFO] Argument:325 - Argument : Statevalue: null
2025-08-23 12:04:09,828 [INFO] Argument:335 - Argument : Statevalue: null
2025-08-23 12:04:09,828 [INFO] Argument:325 - Argument : Parentvalue: null
2025-08-23 12:04:09,828 [INFO] Argument:335 - Argument : Parentvalue: null
2025-08-23 12:04:09,828 [INFO] Argument:325 - Argument : XferCpltCallbackvalue: null
2025-08-23 12:04:09,828 [INFO] Argument:335 - Argument : XferCpltCallbackvalue: null
2025-08-23 12:04:09,828 [INFO] Argument:325 - Argument : XferHalfCpltCallbackvalue: null
2025-08-23 12:04:09,828 [INFO] Argument:335 - Argument : XferHalfCpltCallbackvalue: null
2025-08-23 12:04:09,828 [INFO] Argument:325 - Argument : XferErrorCallbackvalue: null
2025-08-23 12:04:09,828 [INFO] Argument:335 - Argument : XferErrorCallbackvalue: null
2025-08-23 12:04:09,828 [INFO] Argument:325 - Argument : XferAbortCallbackvalue: null
2025-08-23 12:04:09,828 [INFO] Argument:335 - Argument : XferAbortCallbackvalue: null
2025-08-23 12:04:09,828 [INFO] Argument:325 - Argument : ErrorCodevalue: null
2025-08-23 12:04:09,828 [INFO] Argument:335 - Argument : ErrorCodevalue: null
2025-08-23 12:04:09,828 [INFO] Argument:325 - Argument : ChannelIndexvalue: null
2025-08-23 12:04:09,828 [INFO] Argument:335 - Argument : ChannelIndexvalue: null
2025-08-23 12:04:09,828 [INFO] Argument:325 - Argument : DMAmuxChannelvalue: null
2025-08-23 12:04:09,828 [INFO] Argument:335 - Argument : DMAmuxChannelvalue: null
2025-08-23 12:04:09,828 [INFO] Argument:325 - Argument : DMAmuxChannelStatusvalue: null
2025-08-23 12:04:09,828 [INFO] Argument:335 - Argument : DMAmuxChannelStatusvalue: null
2025-08-23 12:04:09,828 [INFO] Argument:325 - Argument : DMAmuxChannelStatusMaskvalue: null
2025-08-23 12:04:09,828 [INFO] Argument:335 - Argument : DMAmuxChannelStatusMaskvalue: null
2025-08-23 12:04:09,828 [INFO] Argument:325 - Argument : DMAmuxRequestGenvalue: null
2025-08-23 12:04:09,828 [INFO] Argument:335 - Argument : DMAmuxRequestGenvalue: null
2025-08-23 12:04:09,828 [INFO] Argument:325 - Argument : DMAmuxRequestGenStatusvalue: null
2025-08-23 12:04:09,828 [INFO] Argument:335 - Argument : DMAmuxRequestGenStatusvalue: null
2025-08-23 12:04:09,828 [INFO] Argument:325 - Argument : DMAmuxRequestGenStatusMaskvalue: null
2025-08-23 12:04:09,828 [INFO] Argument:335 - Argument : DMAmuxRequestGenStatusMaskvalue: null
2025-08-23 12:04:09,942 [INFO] CodeEngine:265 - oldGeneratedFile, C:\Users\singh\STM32CubeIDE\workspace_1.18.1\ADC_STM32G030\MXTmpFiles\license.tmp_save
2025-08-23 12:04:10,310 [INFO] CodeEngine:289 - Generated code: C:\Users\singh\STM32CubeIDE\workspace_1.18.1\ADC_STM32G030\MXTmpFiles\license.tmp
2025-08-23 12:04:10,354 [INFO] CodeEngine:265 - oldGeneratedFile, C:\Users\singh\STM32CubeIDE\workspace_1.18.1\ADC_STM32G030\MXTmpFiles\gpio.tmp_save
2025-08-23 12:04:10,519 [INFO] CodeEngine:289 - Generated code: C:\Users\singh\STM32CubeIDE\workspace_1.18.1\ADC_STM32G030\MXTmpFiles\gpio.tmp
2025-08-23 12:04:10,636 [INFO] CodeEngine:265 - oldGeneratedFile, C:\Users\singh\STM32CubeIDE\workspace_1.18.1\ADC_STM32G030\MXTmpFiles\dma.tmp_save
2025-08-23 12:04:10,790 [INFO] CodeEngine:289 - Generated code: C:\Users\singh\STM32CubeIDE\workspace_1.18.1\ADC_STM32G030\MXTmpFiles\dma.tmp
2025-08-23 12:04:10,797 [INFO] CodeEngine:265 - oldGeneratedFile, C:\Users\singh\STM32CubeIDE\workspace_1.18.1\ADC_STM32G030\MXTmpFiles\dma_GV.tmp_save
2025-08-23 12:04:10,901 [INFO] CodeEngine:289 - Generated code: C:\Users\singh\STM32CubeIDE\workspace_1.18.1\ADC_STM32G030\MXTmpFiles\dma_GV.tmp
2025-08-23 12:04:10,919 [INFO] CodeEngine:265 - oldGeneratedFile, C:\Users\singh\STM32CubeIDE\workspace_1.18.1\ADC_STM32G030\Core\Src\stm32g0xx_it.c_save
2025-08-23 12:04:11,201 [INFO] CodeEngine:289 - Generated code: C:\Users\singh\STM32CubeIDE\workspace_1.18.1\ADC_STM32G030\Core\Src\stm32g0xx_it.c
2025-08-23 12:04:11,210 [INFO] CodeEngine:265 - oldGeneratedFile, C:\Users\singh\STM32CubeIDE\workspace_1.18.1\ADC_STM32G030\Core\Inc\stm32g0xx_it.h_save
2025-08-23 12:04:11,288 [INFO] CodeEngine:289 - Generated code: C:\Users\singh\STM32CubeIDE\workspace_1.18.1\ADC_STM32G030\Core\Inc\stm32g0xx_it.h
2025-08-23 12:04:11,304 [INFO] CodeEngine:265 - oldGeneratedFile, C:\Users\singh\STM32CubeIDE\workspace_1.18.1\ADC_STM32G030\Core\Src\stm32g0xx_hal_msp.c_save
2025-08-23 12:04:11,461 [INFO] CodeEngine:289 - Generated code: C:\Users\singh\STM32CubeIDE\workspace_1.18.1\ADC_STM32G030\Core\Src\stm32g0xx_hal_msp.c
2025-08-23 12:04:11,467 [INFO] CodeEngine:265 - oldGeneratedFile, C:\Users\singh\STM32CubeIDE\workspace_1.18.1\ADC_STM32G030\MXTmpFiles\system.tmp_save
2025-08-23 12:04:11,535 [INFO] CodeEngine:289 - Generated code: C:\Users\singh\STM32CubeIDE\workspace_1.18.1\ADC_STM32G030\MXTmpFiles\system.tmp
2025-08-23 12:04:11,549 [INFO] CodeEngine:321 - oldGeneratedFile, C:\Users\singh\STM32CubeIDE\workspace_1.18.1\ADC_STM32G030\Core\Inc\stm32g0xx_hal_conf.h_save
2025-08-23 12:04:11,623 [INFO] CodeEngine:345 - Generated code: C:\Users\singh\STM32CubeIDE\workspace_1.18.1\ADC_STM32G030\Core\Inc\stm32g0xx_hal_conf.h
2025-08-23 12:04:11,658 [INFO] CodeEngine:265 - oldGeneratedFile, C:\Users\singh\STM32CubeIDE\workspace_1.18.1\ADC_STM32G030\Core\Inc\main.h_save
2025-08-23 12:04:11,768 [INFO] CodeEngine:289 - Generated code: C:\Users\singh\STM32CubeIDE\workspace_1.18.1\ADC_STM32G030\Core\Inc\main.h
2025-08-23 12:04:11,777 [INFO] CodeEngine:265 - oldGeneratedFile, C:\Users\singh\STM32CubeIDE\workspace_1.18.1\ADC_STM32G030\Core\Src\main.c_save
2025-08-23 12:04:11,919 [INFO] CodeEngine:289 - Generated code: C:\Users\singh\STM32CubeIDE\workspace_1.18.1\ADC_STM32G030\Core\Src\main.c
2025-08-23 12:04:12,363 [INFO] ProjectBuilder:3606 - Time for Copy HAL[1] : 207mS.
2025-08-23 12:04:12,367 [INFO] ProjectBuilder:5216 - Project Generator version: 4.7.0-B52
2025-08-23 12:04:12,457 [INFO] ConfigFileManager:1595 - The Die is : DIE466
2025-08-23 12:04:13,602 [INFO] ProjectBuilder:5496 - Time for Generating toolchain IDE Files: 1235mS.
2025-08-23 12:04:13,603 [INFO] ProjectBuilder:3463 - Time for Copy CMSIS : 1mS.
2025-08-23 12:04:13,606 [INFO] ProjectBuilder:3463 - Time for Copy CMSIS : 0mS.
2025-08-23 12:04:37,622 [INFO] UtilMem:75 - End SaveConfig() Used Memory: 608014120 Bytes (1073741824)
2025-08-23 12:04:37,752 [INFO] BlockDiagram:2775 - set Specific Code input for plugin: NVIC
2025-08-23 12:04:37,752 [INFO] BlockDiagram:2775 - set Specific Code input for plugin: DMA
2025-08-23 12:04:37,752 [INFO] BlockDiagram:2775 - set Specific Code input for plugin: SYS
2025-08-23 12:04:37,752 [INFO] BlockDiagram:2775 - set Specific Code input for plugin: GPIO
2025-08-23 12:04:37,752 [INFO] BlockDiagram:2775 - set Specific Code input for plugin: ADC
2025-08-23 12:04:37,752 [INFO] BlockDiagram:2775 - set Specific Code input for plugin: RCC
2025-08-23 12:04:37,753 [INFO] CodeGenerator:892 - code generatio: config db path: C:\ST\STM32CubeIDE_1.18.1\STM32CubeIDE\plugins\com.st.stm32cube.common.mx_6.15.0.202507011659\\db\
2025-08-23 12:04:37,760 [INFO] Argument:325 - Argument : hdmavalue: null
2025-08-23 12:04:37,760 [INFO] Argument:327 - 	 sub Args: 
2025-08-23 12:04:37,760 [INFO] Argument:325 - Argument : Instancevalue: DMA1_Channel1
2025-08-23 12:04:37,760 [INFO] Argument:335 - Argument : Instancevalue: DMA1_Channel1
2025-08-23 12:04:37,760 [INFO] Argument:325 - Argument : Initvalue: null
2025-08-23 12:04:37,760 [INFO] Argument:327 - 	 sub Args: 
2025-08-23 12:04:37,760 [INFO] Argument:325 - Argument : Requestvalue: DMA_REQUEST_ADC1
2025-08-23 12:04:37,760 [INFO] Argument:335 - Argument : Requestvalue: DMA_REQUEST_ADC1
2025-08-23 12:04:37,760 [INFO] Argument:325 - Argument : Directionvalue: DMA_PERIPH_TO_MEMORY
2025-08-23 12:04:37,760 [INFO] Argument:335 - Argument : Directionvalue: DMA_PERIPH_TO_MEMORY
2025-08-23 12:04:37,760 [INFO] Argument:325 - Argument : PeriphIncvalue: DMA_PINC_DISABLE
2025-08-23 12:04:37,760 [INFO] Argument:335 - Argument : PeriphIncvalue: DMA_PINC_DISABLE
2025-08-23 12:04:37,760 [INFO] Argument:325 - Argument : MemIncvalue: DMA_MINC_ENABLE
2025-08-23 12:04:37,760 [INFO] Argument:335 - Argument : MemIncvalue: DMA_MINC_ENABLE
2025-08-23 12:04:37,760 [INFO] Argument:325 - Argument : PeriphDataAlignmentvalue: DMA_PDATAALIGN_HALFWORD
2025-08-23 12:04:37,760 [INFO] Argument:335 - Argument : PeriphDataAlignmentvalue: DMA_PDATAALIGN_HALFWORD
2025-08-23 12:04:37,760 [INFO] Argument:325 - Argument : MemDataAlignmentvalue: DMA_MDATAALIGN_HALFWORD
2025-08-23 12:04:37,760 [INFO] Argument:335 - Argument : MemDataAlignmentvalue: DMA_MDATAALIGN_HALFWORD
2025-08-23 12:04:37,760 [INFO] Argument:325 - Argument : Modevalue: DMA_CIRCULAR
2025-08-23 12:04:37,760 [INFO] Argument:335 - Argument : Modevalue: DMA_CIRCULAR
2025-08-23 12:04:37,760 [INFO] Argument:325 - Argument : Priorityvalue: DMA_PRIORITY_HIGH
2025-08-23 12:04:37,760 [INFO] Argument:335 - Argument : Priorityvalue: DMA_PRIORITY_HIGH
2025-08-23 12:04:37,760 [INFO] Argument:325 - Argument : Lockvalue: null
2025-08-23 12:04:37,761 [INFO] Argument:335 - Argument : Lockvalue: null
2025-08-23 12:04:37,761 [INFO] Argument:325 - Argument : Statevalue: null
2025-08-23 12:04:37,761 [INFO] Argument:335 - Argument : Statevalue: null
2025-08-23 12:04:37,761 [INFO] Argument:325 - Argument : Parentvalue: null
2025-08-23 12:04:37,761 [INFO] Argument:335 - Argument : Parentvalue: null
2025-08-23 12:04:37,761 [INFO] Argument:325 - Argument : XferCpltCallbackvalue: null
2025-08-23 12:04:37,761 [INFO] Argument:335 - Argument : XferCpltCallbackvalue: null
2025-08-23 12:04:37,761 [INFO] Argument:325 - Argument : XferHalfCpltCallbackvalue: null
2025-08-23 12:04:37,761 [INFO] Argument:335 - Argument : XferHalfCpltCallbackvalue: null
2025-08-23 12:04:37,761 [INFO] Argument:325 - Argument : XferErrorCallbackvalue: null
2025-08-23 12:04:37,761 [INFO] Argument:335 - Argument : XferErrorCallbackvalue: null
2025-08-23 12:04:37,761 [INFO] Argument:325 - Argument : XferAbortCallbackvalue: null
2025-08-23 12:04:37,761 [INFO] Argument:335 - Argument : XferAbortCallbackvalue: null
2025-08-23 12:04:37,761 [INFO] Argument:325 - Argument : ErrorCodevalue: null
2025-08-23 12:04:37,761 [INFO] Argument:335 - Argument : ErrorCodevalue: null
2025-08-23 12:04:37,761 [INFO] Argument:325 - Argument : ChannelIndexvalue: null
2025-08-23 12:04:37,761 [INFO] Argument:335 - Argument : ChannelIndexvalue: null
2025-08-23 12:04:37,761 [INFO] Argument:325 - Argument : DMAmuxChannelvalue: null
2025-08-23 12:04:37,761 [INFO] Argument:335 - Argument : DMAmuxChannelvalue: null
2025-08-23 12:04:37,761 [INFO] Argument:325 - Argument : DMAmuxChannelStatusvalue: null
2025-08-23 12:04:37,761 [INFO] Argument:335 - Argument : DMAmuxChannelStatusvalue: null
2025-08-23 12:04:37,761 [INFO] Argument:325 - Argument : DMAmuxChannelStatusMaskvalue: null
2025-08-23 12:04:37,761 [INFO] Argument:335 - Argument : DMAmuxChannelStatusMaskvalue: null
2025-08-23 12:04:37,761 [INFO] Argument:325 - Argument : DMAmuxRequestGenvalue: null
2025-08-23 12:04:37,761 [INFO] Argument:335 - Argument : DMAmuxRequestGenvalue: null
2025-08-23 12:04:37,761 [INFO] Argument:325 - Argument : DMAmuxRequestGenStatusvalue: null
2025-08-23 12:04:37,761 [INFO] Argument:335 - Argument : DMAmuxRequestGenStatusvalue: null
2025-08-23 12:04:37,761 [INFO] Argument:325 - Argument : DMAmuxRequestGenStatusMaskvalue: null
2025-08-23 12:04:37,761 [INFO] Argument:335 - Argument : DMAmuxRequestGenStatusMaskvalue: null
2025-08-23 12:04:37,845 [INFO] CodeEngine:265 - oldGeneratedFile, C:\Users\singh\STM32CubeIDE\workspace_1.18.1\ADC_STM32G030\MXTmpFiles\license.tmp_save
2025-08-23 12:04:37,910 [INFO] CodeEngine:289 - Generated code: C:\Users\singh\STM32CubeIDE\workspace_1.18.1\ADC_STM32G030\MXTmpFiles\license.tmp
2025-08-23 12:04:37,933 [INFO] CodeEngine:265 - oldGeneratedFile, C:\Users\singh\STM32CubeIDE\workspace_1.18.1\ADC_STM32G030\MXTmpFiles\gpio.tmp_save
2025-08-23 12:04:38,002 [INFO] CodeEngine:289 - Generated code: C:\Users\singh\STM32CubeIDE\workspace_1.18.1\ADC_STM32G030\MXTmpFiles\gpio.tmp
2025-08-23 12:04:38,053 [INFO] CodeEngine:265 - oldGeneratedFile, C:\Users\singh\STM32CubeIDE\workspace_1.18.1\ADC_STM32G030\MXTmpFiles\dma.tmp_save
2025-08-23 12:04:38,109 [INFO] CodeEngine:289 - Generated code: C:\Users\singh\STM32CubeIDE\workspace_1.18.1\ADC_STM32G030\MXTmpFiles\dma.tmp
2025-08-23 12:04:38,114 [INFO] CodeEngine:265 - oldGeneratedFile, C:\Users\singh\STM32CubeIDE\workspace_1.18.1\ADC_STM32G030\MXTmpFiles\dma_GV.tmp_save
2025-08-23 12:04:38,168 [INFO] CodeEngine:289 - Generated code: C:\Users\singh\STM32CubeIDE\workspace_1.18.1\ADC_STM32G030\MXTmpFiles\dma_GV.tmp
2025-08-23 12:04:38,180 [INFO] CodeEngine:265 - oldGeneratedFile, C:\Users\singh\STM32CubeIDE\workspace_1.18.1\ADC_STM32G030\Core\Src\stm32g0xx_it.c_save
2025-08-23 12:04:38,248 [INFO] CodeEngine:289 - Generated code: C:\Users\singh\STM32CubeIDE\workspace_1.18.1\ADC_STM32G030\Core\Src\stm32g0xx_it.c
2025-08-23 12:04:38,255 [INFO] CodeEngine:265 - oldGeneratedFile, C:\Users\singh\STM32CubeIDE\workspace_1.18.1\ADC_STM32G030\Core\Inc\stm32g0xx_it.h_save
2025-08-23 12:04:38,313 [INFO] CodeEngine:289 - Generated code: C:\Users\singh\STM32CubeIDE\workspace_1.18.1\ADC_STM32G030\Core\Inc\stm32g0xx_it.h
2025-08-23 12:04:38,327 [INFO] CodeEngine:265 - oldGeneratedFile, C:\Users\singh\STM32CubeIDE\workspace_1.18.1\ADC_STM32G030\Core\Src\stm32g0xx_hal_msp.c_save
2025-08-23 12:04:38,414 [INFO] CodeEngine:289 - Generated code: C:\Users\singh\STM32CubeIDE\workspace_1.18.1\ADC_STM32G030\Core\Src\stm32g0xx_hal_msp.c
2025-08-23 12:04:38,420 [INFO] CodeEngine:265 - oldGeneratedFile, C:\Users\singh\STM32CubeIDE\workspace_1.18.1\ADC_STM32G030\MXTmpFiles\system.tmp_save
2025-08-23 12:04:38,476 [INFO] CodeEngine:289 - Generated code: C:\Users\singh\STM32CubeIDE\workspace_1.18.1\ADC_STM32G030\MXTmpFiles\system.tmp
2025-08-23 12:04:38,486 [INFO] CodeEngine:321 - oldGeneratedFile, C:\Users\singh\STM32CubeIDE\workspace_1.18.1\ADC_STM32G030\Core\Inc\stm32g0xx_hal_conf.h_save
2025-08-23 12:04:38,546 [INFO] CodeEngine:345 - Generated code: C:\Users\singh\STM32CubeIDE\workspace_1.18.1\ADC_STM32G030\Core\Inc\stm32g0xx_hal_conf.h
2025-08-23 12:04:38,567 [INFO] CodeEngine:265 - oldGeneratedFile, C:\Users\singh\STM32CubeIDE\workspace_1.18.1\ADC_STM32G030\Core\Inc\main.h_save
2025-08-23 12:04:38,633 [INFO] CodeEngine:289 - Generated code: C:\Users\singh\STM32CubeIDE\workspace_1.18.1\ADC_STM32G030\Core\Inc\main.h
2025-08-23 12:04:38,640 [INFO] CodeEngine:265 - oldGeneratedFile, C:\Users\singh\STM32CubeIDE\workspace_1.18.1\ADC_STM32G030\Core\Src\main.c_save
2025-08-23 12:04:38,737 [INFO] CodeEngine:289 - Generated code: C:\Users\singh\STM32CubeIDE\workspace_1.18.1\ADC_STM32G030\Core\Src\main.c
2025-08-23 12:04:39,058 [INFO] ProjectBuilder:3606 - Time for Copy HAL[1] : 137mS.
2025-08-23 12:04:39,062 [INFO] ProjectBuilder:5216 - Project Generator version: 4.7.0-B52
2025-08-23 12:04:39,143 [INFO] ConfigFileManager:1595 - The Die is : DIE466
2025-08-23 12:04:39,971 [INFO] ProjectBuilder:5496 - Time for Generating toolchain IDE Files: 909mS.
2025-08-23 12:04:39,972 [INFO] ProjectBuilder:3463 - Time for Copy CMSIS : 0mS.
2025-08-23 12:04:39,976 [INFO] ProjectBuilder:3463 - Time for Copy CMSIS : 0mS.
2025-08-23 12:13:55,165 [INFO] NvicIntPanel:101 - NVIC parent = com.st.microxplorer.plugins.ip.nvic.MultiNvicIntPanel[,0,0,0x0,invalid,layout=javax.swing.BoxLayout,alignmentX=0.0,alignmentY=0.0,border=,flags=9,maximumSize=,minimumSize=,preferredSize=]
2025-08-23 12:13:55,199 [INFO] ADCParametersView:116 -                Rank 1 : false
2025-08-23 12:13:55,200 [INFO] ADCParametersView:116 -                Rank 2 : false
2025-08-23 12:13:55,200 [INFO] ADCParametersView:116 -                Rank 3 : false
2025-08-23 12:13:55,203 [INFO] ADCParametersView:116 -                Rank 1 : false
2025-08-23 12:13:55,203 [INFO] ADCParametersView:116 -                Rank 2 : false
2025-08-23 12:13:55,203 [INFO] ADCParametersView:116 -                Rank 3 : false
2025-08-23 12:13:55,203 [INFO] ADCParametersView:116 -                Rank 1 : false
2025-08-23 12:13:55,203 [INFO] ADCParametersView:116 -                Rank 2 : false
2025-08-23 12:13:55,203 [INFO] ADCParametersView:116 -                Rank 3 : false
2025-08-23 12:13:55,203 [INFO] ADCParametersView:116 -                Rank 1 : false
2025-08-23 12:13:55,203 [INFO] ADCParametersView:116 -                Rank 2 : false
2025-08-23 12:13:55,203 [INFO] ADCParametersView:116 -                Rank 3 : false
2025-08-23 12:13:55,203 [INFO] ADCParametersView:116 -                Rank 1 : false
2025-08-23 12:13:55,203 [INFO] ADCParametersView:116 -                Rank 2 : false
2025-08-23 12:13:55,203 [INFO] ADCParametersView:116 -                Rank 3 : false
2025-08-23 12:13:55,203 [INFO] ADCParametersView:116 -                Rank 1 : false
2025-08-23 12:13:55,203 [INFO] ADCParametersView:116 -                Rank 2 : false
2025-08-23 12:13:55,203 [INFO] ADCParametersView:116 -                Rank 3 : false
2025-08-23 12:13:55,203 [INFO] ADCParametersView:116 -                Rank 1 : false
2025-08-23 12:13:55,203 [INFO] ADCParametersView:116 -                Rank 2 : false
2025-08-23 12:13:55,203 [INFO] ADCParametersView:116 -                Rank 3 : false
2025-08-23 12:13:55,203 [INFO] ADCParametersView:116 -                Rank 1 : false
2025-08-23 12:13:55,203 [INFO] ADCParametersView:116 -                Rank 2 : false
2025-08-23 12:13:55,203 [INFO] ADCParametersView:116 -                Rank 3 : false
2025-08-23 12:13:55,203 [INFO] ADCParametersView:116 -                Rank 1 : false
2025-08-23 12:13:55,203 [INFO] ADCParametersView:116 -                Rank 2 : false
2025-08-23 12:13:55,203 [INFO] ADCParametersView:116 -                Rank 3 : false
2025-08-23 12:13:55,204 [INFO] ADCParametersView:116 -                Rank 1 : false
2025-08-23 12:13:55,204 [INFO] ADCParametersView:116 -                Rank 2 : false
2025-08-23 12:13:55,204 [INFO] ADCParametersView:116 -                Rank 3 : false
2025-08-23 12:13:55,204 [INFO] ADCParametersView:116 -                Rank 1 : false
2025-08-23 12:13:55,204 [INFO] ADCParametersView:116 -                Rank 2 : false
2025-08-23 12:13:55,204 [INFO] ADCParametersView:116 -                Rank 3 : false
2025-08-23 12:13:55,204 [INFO] ADCParametersView:116 -                Rank 1 : false
2025-08-23 12:13:55,204 [INFO] ADCParametersView:116 -                Rank 2 : false
2025-08-23 12:13:55,204 [INFO] ADCParametersView:116 -                Rank 3 : false
2025-08-23 12:13:55,204 [INFO] ADCParametersView:116 -                Rank 1 : false
2025-08-23 12:13:55,204 [INFO] ADCParametersView:116 -                Rank 2 : false
2025-08-23 12:13:55,204 [INFO] ADCParametersView:116 -                Rank 3 : false
2025-08-23 12:13:55,204 [INFO] ADCParametersView:116 -                Rank 1 : false
2025-08-23 12:13:55,204 [INFO] ADCParametersView:116 -                Rank 2 : false
2025-08-23 12:13:55,204 [INFO] ADCParametersView:116 -                Rank 3 : false
2025-08-23 12:13:55,204 [INFO] ADCParametersView:116 -                Rank 1 : false
2025-08-23 12:13:55,204 [INFO] ADCParametersView:116 -                Rank 2 : false
2025-08-23 12:13:55,204 [INFO] ADCParametersView:116 -                Rank 3 : false
2025-08-23 12:13:55,204 [INFO] ADCParametersView:116 -                Rank 1 : false
2025-08-23 12:13:55,204 [INFO] ADCParametersView:116 -                Rank 2 : false
2025-08-23 12:13:55,204 [INFO] ADCParametersView:116 -                Rank 3 : false
2025-08-23 12:13:55,204 [INFO] ADCParametersView:116 -                Rank 1 : false
2025-08-23 12:13:55,204 [INFO] ADCParametersView:116 -                Rank 2 : false
2025-08-23 12:13:55,204 [INFO] ADCParametersView:116 -                Rank 3 : false
2025-08-23 12:13:55,204 [INFO] ADCParametersView:116 -                Rank 1 : false
2025-08-23 12:13:55,204 [INFO] ADCParametersView:116 -                Rank 2 : false
2025-08-23 12:13:55,204 [INFO] ADCParametersView:116 -                Rank 3 : false
2025-08-23 12:13:55,204 [INFO] ADCParametersView:116 -                Rank 1 : false
2025-08-23 12:13:55,204 [INFO] ADCParametersView:116 -                Rank 2 : false
2025-08-23 12:13:55,204 [INFO] ADCParametersView:116 -                Rank 3 : false
2025-08-23 12:13:55,204 [INFO] ADCParametersView:116 -                Rank 1 : false
2025-08-23 12:13:55,204 [INFO] ADCParametersView:116 -                Rank 2 : false
2025-08-23 12:13:55,205 [INFO] ADCParametersView:116 -                Rank 3 : false
2025-08-23 12:13:55,205 [INFO] ADCParametersView:116 -                Rank 1 : false
2025-08-23 12:13:55,205 [INFO] ADCParametersView:116 -                Rank 2 : false
2025-08-23 12:13:55,205 [INFO] ADCParametersView:116 -                Rank 3 : false
2025-08-23 12:13:55,205 [INFO] ADCParametersView:116 -                Rank 1 : false
2025-08-23 12:13:55,205 [INFO] ADCParametersView:116 -                Rank 2 : false
2025-08-23 12:13:55,205 [INFO] ADCParametersView:116 -                Rank 3 : false
2025-08-23 12:13:55,205 [INFO] ADCParametersView:116 -                Rank 1 : false
2025-08-23 12:13:55,205 [INFO] ADCParametersView:116 -                Rank 2 : false
2025-08-23 12:13:55,205 [INFO] ADCParametersView:116 -                Rank 3 : false
2025-08-23 12:13:55,205 [INFO] ADCParametersView:116 -                Rank 1 : false
2025-08-23 12:13:55,205 [INFO] ADCParametersView:116 -                Rank 2 : false
2025-08-23 12:13:55,205 [INFO] ADCParametersView:116 -                Rank 3 : false
2025-08-23 12:13:55,205 [INFO] ADCParametersView:116 -                Rank 1 : false
2025-08-23 12:13:55,205 [INFO] ADCParametersView:116 -                Rank 2 : false
2025-08-23 12:13:55,205 [INFO] ADCParametersView:116 -                Rank 3 : false
2025-08-23 12:13:55,205 [INFO] ADCParametersView:116 -                Rank 2 : false
2025-08-23 12:13:55,205 [INFO] ADCParametersView:116 -                Rank 3 : false
2025-08-23 12:13:55,205 [INFO] ADCParametersView:116 -                Rank 3 : false
2025-08-23 12:13:55,271 [INFO] NvicIntPanel:101 - NVIC parent = com.st.microxplorer.plugins.ip.nvic.MultiNvicIntPanel[,0,0,0x0,invalid,layout=javax.swing.BoxLayout,alignmentX=0.0,alignmentY=0.0,border=,flags=9,maximumSize=,minimumSize=,preferredSize=]
2025-08-23 12:13:55,373 [INFO] NvicIntPanel:101 - NVIC parent = com.st.microxplorer.plugins.ip.nvic.MultiNvicIntPanel[,0,0,0x0,invalid,layout=javax.swing.BoxLayout,alignmentX=0.0,alignmentY=0.0,border=,flags=9,maximumSize=,minimumSize=,preferredSize=]
2025-08-23 12:13:55,479 [INFO] NvicIntPanel:101 - NVIC parent = com.st.microxplorer.plugins.ip.nvic.MultiNvicIntPanel[,0,0,0x0,invalid,layout=javax.swing.BoxLayout,alignmentX=0.0,alignmentY=0.0,border=,flags=9,maximumSize=,minimumSize=,preferredSize=]
2025-08-23 12:13:55,516 [INFO] ADCParametersView:116 -                Rank 1 : false
2025-08-23 12:13:55,516 [INFO] ADCParametersView:116 -                Rank 1 : false
2025-08-23 12:13:55,516 [INFO] ADCParametersView:116 -                Rank 2 : false
2025-08-23 12:13:55,516 [INFO] ADCParametersView:116 -                Rank 1 : false
2025-08-23 12:13:55,516 [INFO] ADCParametersView:116 -                Rank 2 : false
2025-08-23 12:13:55,516 [INFO] ADCParametersView:116 -                Rank 3 : false
2025-08-23 12:13:56,646 [INFO] UtilMem:75 - End SaveConfig() Used Memory: 607755200 Bytes (1073741824)
2025-08-23 12:13:56,815 [INFO] UtilMem:75 - End SaveConfig() Used Memory: 625056704 Bytes (1073741824)
2025-08-23 12:13:56,942 [INFO] BlockDiagram:2775 - set Specific Code input for plugin: NVIC
2025-08-23 12:13:56,942 [INFO] BlockDiagram:2775 - set Specific Code input for plugin: DMA
2025-08-23 12:13:56,942 [INFO] BlockDiagram:2775 - set Specific Code input for plugin: SYS
2025-08-23 12:13:56,942 [INFO] BlockDiagram:2775 - set Specific Code input for plugin: GPIO
2025-08-23 12:13:56,942 [INFO] BlockDiagram:2775 - set Specific Code input for plugin: ADC
2025-08-23 12:13:56,942 [INFO] BlockDiagram:2775 - set Specific Code input for plugin: RCC
2025-08-23 12:13:56,943 [INFO] CodeGenerator:892 - code generatio: config db path: C:\ST\STM32CubeIDE_1.18.1\STM32CubeIDE\plugins\com.st.stm32cube.common.mx_6.15.0.202507011659\\db\
2025-08-23 12:13:56,952 [INFO] Argument:325 - Argument : hdmavalue: null
2025-08-23 12:13:56,952 [INFO] Argument:327 - 	 sub Args: 
2025-08-23 12:13:56,952 [INFO] Argument:325 - Argument : Instancevalue: DMA1_Channel1
2025-08-23 12:13:56,952 [INFO] Argument:335 - Argument : Instancevalue: DMA1_Channel1
2025-08-23 12:13:56,952 [INFO] Argument:325 - Argument : Initvalue: null
2025-08-23 12:13:56,952 [INFO] Argument:327 - 	 sub Args: 
2025-08-23 12:13:56,952 [INFO] Argument:325 - Argument : Requestvalue: DMA_REQUEST_ADC1
2025-08-23 12:13:56,952 [INFO] Argument:335 - Argument : Requestvalue: DMA_REQUEST_ADC1
2025-08-23 12:13:56,952 [INFO] Argument:325 - Argument : Directionvalue: DMA_PERIPH_TO_MEMORY
2025-08-23 12:13:56,952 [INFO] Argument:335 - Argument : Directionvalue: DMA_PERIPH_TO_MEMORY
2025-08-23 12:13:56,952 [INFO] Argument:325 - Argument : PeriphIncvalue: DMA_PINC_DISABLE
2025-08-23 12:13:56,952 [INFO] Argument:335 - Argument : PeriphIncvalue: DMA_PINC_DISABLE
2025-08-23 12:13:56,952 [INFO] Argument:325 - Argument : MemIncvalue: DMA_MINC_ENABLE
2025-08-23 12:13:56,952 [INFO] Argument:335 - Argument : MemIncvalue: DMA_MINC_ENABLE
2025-08-23 12:13:56,952 [INFO] Argument:325 - Argument : PeriphDataAlignmentvalue: DMA_PDATAALIGN_HALFWORD
2025-08-23 12:13:56,952 [INFO] Argument:335 - Argument : PeriphDataAlignmentvalue: DMA_PDATAALIGN_HALFWORD
2025-08-23 12:13:56,952 [INFO] Argument:325 - Argument : MemDataAlignmentvalue: DMA_MDATAALIGN_HALFWORD
2025-08-23 12:13:56,952 [INFO] Argument:335 - Argument : MemDataAlignmentvalue: DMA_MDATAALIGN_HALFWORD
2025-08-23 12:13:56,952 [INFO] Argument:325 - Argument : Modevalue: DMA_CIRCULAR
2025-08-23 12:13:56,952 [INFO] Argument:335 - Argument : Modevalue: DMA_CIRCULAR
2025-08-23 12:13:56,952 [INFO] Argument:325 - Argument : Priorityvalue: DMA_PRIORITY_HIGH
2025-08-23 12:13:56,952 [INFO] Argument:335 - Argument : Priorityvalue: DMA_PRIORITY_HIGH
2025-08-23 12:13:56,952 [INFO] Argument:325 - Argument : Lockvalue: null
2025-08-23 12:13:56,952 [INFO] Argument:335 - Argument : Lockvalue: null
2025-08-23 12:13:56,952 [INFO] Argument:325 - Argument : Statevalue: null
2025-08-23 12:13:56,952 [INFO] Argument:335 - Argument : Statevalue: null
2025-08-23 12:13:56,952 [INFO] Argument:325 - Argument : Parentvalue: null
2025-08-23 12:13:56,952 [INFO] Argument:335 - Argument : Parentvalue: null
2025-08-23 12:13:56,952 [INFO] Argument:325 - Argument : XferCpltCallbackvalue: null
2025-08-23 12:13:56,952 [INFO] Argument:335 - Argument : XferCpltCallbackvalue: null
2025-08-23 12:13:56,952 [INFO] Argument:325 - Argument : XferHalfCpltCallbackvalue: null
2025-08-23 12:13:56,952 [INFO] Argument:335 - Argument : XferHalfCpltCallbackvalue: null
2025-08-23 12:13:56,952 [INFO] Argument:325 - Argument : XferErrorCallbackvalue: null
2025-08-23 12:13:56,952 [INFO] Argument:335 - Argument : XferErrorCallbackvalue: null
2025-08-23 12:13:56,952 [INFO] Argument:325 - Argument : XferAbortCallbackvalue: null
2025-08-23 12:13:56,952 [INFO] Argument:335 - Argument : XferAbortCallbackvalue: null
2025-08-23 12:13:56,952 [INFO] Argument:325 - Argument : ErrorCodevalue: null
2025-08-23 12:13:56,952 [INFO] Argument:335 - Argument : ErrorCodevalue: null
2025-08-23 12:13:56,952 [INFO] Argument:325 - Argument : ChannelIndexvalue: null
2025-08-23 12:13:56,953 [INFO] Argument:335 - Argument : ChannelIndexvalue: null
2025-08-23 12:13:56,953 [INFO] Argument:325 - Argument : DMAmuxChannelvalue: null
2025-08-23 12:13:56,953 [INFO] Argument:335 - Argument : DMAmuxChannelvalue: null
2025-08-23 12:13:56,953 [INFO] Argument:325 - Argument : DMAmuxChannelStatusvalue: null
2025-08-23 12:13:56,953 [INFO] Argument:335 - Argument : DMAmuxChannelStatusvalue: null
2025-08-23 12:13:56,953 [INFO] Argument:325 - Argument : DMAmuxChannelStatusMaskvalue: null
2025-08-23 12:13:56,953 [INFO] Argument:335 - Argument : DMAmuxChannelStatusMaskvalue: null
2025-08-23 12:13:56,953 [INFO] Argument:325 - Argument : DMAmuxRequestGenvalue: null
2025-08-23 12:13:56,953 [INFO] Argument:335 - Argument : DMAmuxRequestGenvalue: null
2025-08-23 12:13:56,953 [INFO] Argument:325 - Argument : DMAmuxRequestGenStatusvalue: null
2025-08-23 12:13:56,953 [INFO] Argument:335 - Argument : DMAmuxRequestGenStatusvalue: null
2025-08-23 12:13:56,953 [INFO] Argument:325 - Argument : DMAmuxRequestGenStatusMaskvalue: null
2025-08-23 12:13:56,953 [INFO] Argument:335 - Argument : DMAmuxRequestGenStatusMaskvalue: null
2025-08-23 12:13:57,027 [INFO] CodeEngine:265 - oldGeneratedFile, C:\Users\singh\STM32CubeIDE\workspace_1.18.1\ADC_STM32G030\MXTmpFiles\license.tmp_save
2025-08-23 12:13:57,089 [INFO] CodeEngine:289 - Generated code: C:\Users\singh\STM32CubeIDE\workspace_1.18.1\ADC_STM32G030\MXTmpFiles\license.tmp
2025-08-23 12:13:57,107 [INFO] CodeEngine:265 - oldGeneratedFile, C:\Users\singh\STM32CubeIDE\workspace_1.18.1\ADC_STM32G030\MXTmpFiles\gpio.tmp_save
2025-08-23 12:13:57,167 [INFO] CodeEngine:289 - Generated code: C:\Users\singh\STM32CubeIDE\workspace_1.18.1\ADC_STM32G030\MXTmpFiles\gpio.tmp
2025-08-23 12:13:57,214 [INFO] CodeEngine:265 - oldGeneratedFile, C:\Users\singh\STM32CubeIDE\workspace_1.18.1\ADC_STM32G030\MXTmpFiles\dma.tmp_save
2025-08-23 12:13:57,268 [INFO] CodeEngine:289 - Generated code: C:\Users\singh\STM32CubeIDE\workspace_1.18.1\ADC_STM32G030\MXTmpFiles\dma.tmp
2025-08-23 12:13:57,272 [INFO] CodeEngine:265 - oldGeneratedFile, C:\Users\singh\STM32CubeIDE\workspace_1.18.1\ADC_STM32G030\MXTmpFiles\dma_GV.tmp_save
2025-08-23 12:13:57,328 [INFO] CodeEngine:289 - Generated code: C:\Users\singh\STM32CubeIDE\workspace_1.18.1\ADC_STM32G030\MXTmpFiles\dma_GV.tmp
2025-08-23 12:13:57,339 [INFO] CodeEngine:265 - oldGeneratedFile, C:\Users\singh\STM32CubeIDE\workspace_1.18.1\ADC_STM32G030\Core\Src\stm32g0xx_it.c_save
2025-08-23 12:13:57,405 [INFO] CodeEngine:289 - Generated code: C:\Users\singh\STM32CubeIDE\workspace_1.18.1\ADC_STM32G030\Core\Src\stm32g0xx_it.c
2025-08-23 12:13:57,413 [INFO] CodeEngine:265 - oldGeneratedFile, C:\Users\singh\STM32CubeIDE\workspace_1.18.1\ADC_STM32G030\Core\Inc\stm32g0xx_it.h_save
2025-08-23 12:13:57,470 [INFO] CodeEngine:289 - Generated code: C:\Users\singh\STM32CubeIDE\workspace_1.18.1\ADC_STM32G030\Core\Inc\stm32g0xx_it.h
2025-08-23 12:13:57,484 [INFO] CodeEngine:265 - oldGeneratedFile, C:\Users\singh\STM32CubeIDE\workspace_1.18.1\ADC_STM32G030\Core\Src\stm32g0xx_hal_msp.c_save
2025-08-23 12:13:57,568 [INFO] CodeEngine:289 - Generated code: C:\Users\singh\STM32CubeIDE\workspace_1.18.1\ADC_STM32G030\Core\Src\stm32g0xx_hal_msp.c
2025-08-23 12:13:57,573 [INFO] CodeEngine:265 - oldGeneratedFile, C:\Users\singh\STM32CubeIDE\workspace_1.18.1\ADC_STM32G030\MXTmpFiles\system.tmp_save
2025-08-23 12:13:57,636 [INFO] CodeEngine:289 - Generated code: C:\Users\singh\STM32CubeIDE\workspace_1.18.1\ADC_STM32G030\MXTmpFiles\system.tmp
2025-08-23 12:13:57,649 [INFO] CodeEngine:321 - oldGeneratedFile, C:\Users\singh\STM32CubeIDE\workspace_1.18.1\ADC_STM32G030\Core\Inc\stm32g0xx_hal_conf.h_save
2025-08-23 12:13:57,713 [INFO] CodeEngine:345 - Generated code: C:\Users\singh\STM32CubeIDE\workspace_1.18.1\ADC_STM32G030\Core\Inc\stm32g0xx_hal_conf.h
2025-08-23 12:13:57,736 [INFO] CodeEngine:265 - oldGeneratedFile, C:\Users\singh\STM32CubeIDE\workspace_1.18.1\ADC_STM32G030\Core\Inc\main.h_save
2025-08-23 12:13:57,801 [INFO] CodeEngine:289 - Generated code: C:\Users\singh\STM32CubeIDE\workspace_1.18.1\ADC_STM32G030\Core\Inc\main.h
2025-08-23 12:13:57,807 [INFO] CodeEngine:265 - oldGeneratedFile, C:\Users\singh\STM32CubeIDE\workspace_1.18.1\ADC_STM32G030\Core\Src\main.c_save
2025-08-23 12:13:57,903 [INFO] CodeEngine:289 - Generated code: C:\Users\singh\STM32CubeIDE\workspace_1.18.1\ADC_STM32G030\Core\Src\main.c
2025-08-23 12:13:58,218 [INFO] ProjectBuilder:3606 - Time for Copy HAL[1] : 142mS.
2025-08-23 12:13:58,221 [INFO] ProjectBuilder:5216 - Project Generator version: 4.7.0-B52
2025-08-23 12:13:58,301 [INFO] ConfigFileManager:1595 - The Die is : DIE466
2025-08-23 12:13:59,065 [INFO] ProjectBuilder:5496 - Time for Generating toolchain IDE Files: 844mS.
2025-08-23 12:13:59,066 [INFO] ProjectBuilder:3463 - Time for Copy CMSIS : 1mS.
2025-08-23 12:13:59,069 [INFO] ProjectBuilder:3463 - Time for Copy CMSIS : 0mS.
2025-08-23 14:23:03,484 [INFO] WebApp:194 - Connection lost
2025-08-23 14:23:05,471 [INFO] WebApp:191 - Connection restablished
2025-08-23 15:20:08,967 [INFO] WebApp:194 - Connection lost
2025-08-23 15:20:09,312 [INFO] WebApp:191 - Connection restablished
2025-08-23 15:22:03,946 [INFO] WebApp:194 - Connection lost
2025-08-23 15:22:18,759 [INFO] WebApp:191 - Connection restablished
2025-08-23 15:22:20,380 [INFO] WebApp:194 - Connection lost
2025-08-23 15:22:20,642 [INFO] WebApp:191 - Connection restablished
2025-08-23 16:06:22,762 [INFO] WebApp:403 - JxBrowser engine has been closed 
2025-08-23 16:06:50,953 [ERROR] LogOutputStream:75 - [STDERR_REDIRECT] Exception in thread "AWT-EventQueue-0" org.eclipse.swt.SWTException: Device is disposed
2025-08-23 16:06:50,959 [ERROR] LogOutputStream:75 - [STDERR_REDIRECT] 	at org.eclipse.swt.SWT.error(SWT.java:4922)
2025-08-23 16:06:50,961 [ERROR] LogOutputStream:75 - [STDERR_REDIRECT] 	at org.eclipse.swt.SWT.error(SWT.java:4837)
2025-08-23 16:06:50,966 [ERROR] LogOutputStream:75 - [STDERR_REDIRECT] 	at org.eclipse.swt.SWT.error(SWT.java:4808)
2025-08-23 16:06:50,970 [ERROR] LogOutputStream:75 - [STDERR_REDIRECT] 	at org.eclipse.swt.widgets.Display.error(Display.java:1311)
2025-08-23 16:06:50,975 [ERROR] LogOutputStream:75 - [STDERR_REDIRECT] 	at org.eclipse.swt.widgets.Display.asyncExec(Display.java:786)
2025-08-23 16:06:50,981 [ERROR] LogOutputStream:75 - [STDERR_REDIRECT] 	at com.st.stm32cube.common.mx.oss.core.awtswtbridge.AwtEnvironment$2.run(AwtEnvironment.java:168)
2025-08-23 16:06:50,987 [ERROR] LogOutputStream:75 - [STDERR_REDIRECT] 	at java.desktop/java.awt.event.InvocationEvent.dispatch(InvocationEvent.java:318)
2025-08-23 16:06:50,991 [ERROR] LogOutputStream:75 - [STDERR_REDIRECT] 	at java.desktop/java.awt.EventQueue.dispatchEventImpl(EventQueue.java:773)
2025-08-23 16:06:50,997 [ERROR] LogOutputStream:75 - [STDERR_REDIRECT] 	at java.desktop/java.awt.EventQueue$4.run(EventQueue.java:720)
2025-08-23 16:06:51,000 [ERROR] LogOutputStream:75 - [STDERR_REDIRECT] 	at java.desktop/java.awt.EventQueue$4.run(EventQueue.java:714)
2025-08-23 16:06:51,006 [ERROR] LogOutputStream:75 - [STDERR_REDIRECT] 	at java.base/java.security.AccessController.doPrivileged(AccessController.java:400)
2025-08-23 16:06:51,013 [ERROR] LogOutputStream:75 - [STDERR_REDIRECT] 	at java.base/java.security.ProtectionDomain$JavaSecurityAccessImpl.doIntersectionPrivilege(ProtectionDomain.java:87)
2025-08-23 16:06:51,017 [ERROR] LogOutputStream:75 - [STDERR_REDIRECT] 	at java.desktop/java.awt.EventQueue.dispatchEvent(EventQueue.java:742)
2025-08-23 16:06:51,024 [ERROR] LogOutputStream:75 - [STDERR_REDIRECT] 	at java.desktop/java.awt.EventDispatchThread.pumpOneEventForFilters(EventDispatchThread.java:203)
2025-08-23 16:06:51,031 [ERROR] LogOutputStream:75 - [STDERR_REDIRECT] 	at java.desktop/java.awt.EventDispatchThread.pumpEventsForFilter(EventDispatchThread.java:124)
2025-08-23 16:06:51,037 [ERROR] LogOutputStream:75 - [STDERR_REDIRECT] 	at java.desktop/java.awt.EventDispatchThread.pumpEventsForHierarchy(EventDispatchThread.java:113)
2025-08-23 16:06:51,043 [ERROR] LogOutputStream:75 - [STDERR_REDIRECT] 	at java.desktop/java.awt.EventDispatchThread.pumpEvents(EventDispatchThread.java:109)
2025-08-23 16:06:51,047 [ERROR] LogOutputStream:75 - [STDERR_REDIRECT] 	at java.desktop/java.awt.EventDispatchThread.pumpEvents(EventDispatchThread.java:101)
2025-08-23 16:06:51,054 [ERROR] LogOutputStream:75 - [STDERR_REDIRECT] 	at java.desktop/java.awt.EventDispatchThread.run(EventDispatchThread.java:90)
2025-08-23 16:06:51,386 [ERROR] LogOutputStream:75 - [STDERR_REDIRECT] 
